17:08:58 **** Clean-only build of configuration Debug for project IMU_F401 ****
make -j16 clean 
rm -rf ./Drivers/STM32F4xx_HAL_Driver/Src/stm32f4xx_hal.cyclo ./Drivers/STM32F4xx_HAL_Driver/Src/stm32f4xx_hal.d ./Drivers/STM32F4xx_HAL_Driver/Src/stm32f4xx_hal.o ./Drivers/STM32F4xx_HAL_Driver/Src/stm32f4xx_hal.su ./Drivers/STM32F4xx_HAL_Driver/Src/stm32f4xx_hal_cortex.cyclo ./Drivers/STM32F4xx_HAL_Driver/Src/stm32f4xx_hal_cortex.d ./Drivers/STM32F4xx_HAL_Driver/Src/stm32f4xx_hal_cortex.o ./Drivers/STM32F4xx_HAL_Driver/Src/stm32f4xx_hal_cortex.su ./Drivers/STM32F4xx_HAL_Driver/Src/stm32f4xx_hal_dma.cyclo ./Drivers/STM32F4xx_HAL_Driver/Src/stm32f4xx_hal_dma.d ./Drivers/STM32F4xx_HAL_Driver/Src/stm32f4xx_hal_dma.o ./Drivers/STM32F4xx_HAL_Driver/Src/stm32f4xx_hal_dma.su ./Drivers/STM32F4xx_HAL_Driver/Src/stm32f4xx_hal_dma_ex.cyclo ./Drivers/STM32F4xx_HAL_Driver/Src/stm32f4xx_hal_dma_ex.d ./Drivers/STM32F4xx_HAL_Driver/Src/stm32f4xx_hal_dma_ex.o ./Drivers/STM32F4xx_HAL_Driver/Src/stm32f4xx_hal_dma_ex.su ./Drivers/STM32F4xx_HAL_Driver/Src/stm32f4xx_hal_exti.cyclo ./Drivers/STM32F4xx_HAL_Driver/Src/stm32f4xx_hal_exti.d ./Drivers/STM32F4xx_HAL_Driver/Src/stm32f4xx_hal_exti.o ./Drivers/STM32F4xx_HAL_Driver/Src/stm32f4xx_hal_exti.su ./Drivers/STM32F4xx_HAL_Driver/Src/stm32f4xx_hal_flash.cyclo ./Drivers/STM32F4xx_HAL_Driver/Src/stm32f4xx_hal_flash.d ./Drivers/STM32F4xx_HAL_Driver/Src/stm32f4xx_hal_flash.o ./Drivers/STM32F4xx_HAL_Driver/Src/stm32f4xx_hal_flash.su ./Drivers/STM32F4xx_HAL_Driver/Src/stm32f4xx_hal_flash_ex.cyclo ./Drivers/STM32F4xx_HAL_Driver/Src/stm32f4xx_hal_flash_ex.d ./Drivers/STM32F4xx_HAL_Driver/Src/stm32f4xx_hal_flash_ex.o ./Drivers/STM32F4xx_HAL_Driver/Src/stm32f4xx_hal_flash_ex.su ./Drivers/STM32F4xx_HAL_Driver/Src/stm32f4xx_hal_flash_ramfunc.cyclo ./Drivers/STM32F4xx_HAL_Driver/Src/stm32f4xx_hal_flash_ramfunc.d ./Drivers/STM32F4xx_HAL_Driver/Src/stm32f4xx_hal_flash_ramfunc.o ./Drivers/STM32F4xx_HAL_Driver/Src/stm32f4xx_hal_flash_ramfunc.su ./Drivers/STM32F4xx_HAL_Driver/Src/stm32f4xx_hal_gpio.cyclo ./Drivers/STM32F4xx_HAL_Driver/Src/stm32f4xx_hal_gpio.d ./Drivers/STM32F4xx_HAL_Driver/Src/stm32f4xx_hal_gpio.o ./Drivers/STM32F4xx_HAL_Driver/Src/stm32f4xx_hal_gpio.su ./Drivers/STM32F4xx_HAL_Driver/Src/stm32f4xx_hal_i2c.cyclo ./Drivers/STM32F4xx_HAL_Driver/Src/stm32f4xx_hal_i2c.d ./Drivers/STM32F4xx_HAL_Driver/Src/stm32f4xx_hal_i2c.o ./Drivers/STM32F4xx_HAL_Driver/Src/stm32f4xx_hal_i2c.su ./Drivers/STM32F4xx_HAL_Driver/Src/stm32f4xx_hal_i2c_ex.cyclo ./Drivers/STM32F4xx_HAL_Driver/Src/stm32f4xx_hal_i2c_ex.d ./Drivers/STM32F4xx_HAL_Driver/Src/stm32f4xx_hal_i2c_ex.o ./Drivers/STM32F4xx_HAL_Driver/Src/stm32f4xx_hal_i2c_ex.su ./Drivers/STM32F4xx_HAL_Driver/Src/stm32f4xx_hal_pwr.cyclo ./Drivers/STM32F4xx_HAL_Driver/Src/stm32f4xx_hal_pwr.d ./Drivers/STM32F4xx_HAL_Driver/Src/stm32f4xx_hal_pwr.o ./Drivers/STM32F4xx_HAL_Driver/Src/stm32f4xx_hal_pwr.su ./Drivers/STM32F4xx_HAL_Driver/Src/stm32f4xx_hal_pwr_ex.cyclo ./Drivers/STM32F4xx_HAL_Driver/Src/stm32f4xx_hal_pwr_ex.d ./Drivers/STM32F4xx_HAL_Driver/Src/stm32f4xx_hal_pwr_ex.o ./Drivers/STM32F4xx_HAL_Driver/Src/stm32f4xx_hal_pwr_ex.su ./Drivers/STM32F4xx_HAL_Driver/Src/stm32f4xx_hal_rcc.cyclo ./Drivers/STM32F4xx_HAL_Driver/Src/stm32f4xx_hal_rcc.d ./Drivers/STM32F4xx_HAL_Driver/Src/stm32f4xx_hal_rcc.o ./Drivers/STM32F4xx_HAL_Driver/Src/stm32f4xx_hal_rcc.su ./Drivers/STM32F4xx_HAL_Driver/Src/stm32f4xx_hal_rcc_ex.cyclo ./Drivers/STM32F4xx_HAL_Driver/Src/stm32f4xx_hal_rcc_ex.d ./Drivers/STM32F4xx_HAL_Driver/Src/stm32f4xx_hal_rcc_ex.o ./Drivers/STM32F4xx_HAL_Driver/Src/stm32f4xx_hal_rcc_ex.su
rm -rf ./Core/Startup/startup_stm32f401retx.d ./Core/Startup/startup_stm32f401retx.o
rm -rf ./Core/Src/ism330dhcx.cyclo ./Core/Src/ism330dhcx.d ./Core/Src/ism330dhcx.o ./Core/Src/ism330dhcx.su ./Core/Src/ism330dhcx_settings.cyclo ./Core/Src/ism330dhcx_settings.d ./Core/Src/ism330dhcx_settings.o ./Core/Src/ism330dhcx_settings.su ./Core/Src/ism330dhcx_utils.cyclo ./Core/Src/ism330dhcx_utils.d ./Core/Src/ism330dhcx_utils.o ./Core/Src/ism330dhcx_utils.su ./Core/Src/main.cyclo ./Core/Src/main.d ./Core/Src/main.o ./Core/Src/main.su ./Core/Src/stm32f4xx_hal_msp.cyclo ./Core/Src/stm32f4xx_hal_msp.d ./Core/Src/stm32f4xx_hal_msp.o ./Core/Src/stm32f4xx_hal_msp.su ./Core/Src/stm32f4xx_it.cyclo ./Core/Src/stm32f4xx_it.d ./Core/Src/stm32f4xx_it.o ./Core/Src/stm32f4xx_it.su ./Core/Src/syscalls.cyclo ./Core/Src/syscalls.d ./Core/Src/syscalls.o ./Core/Src/syscalls.su ./Core/Src/sysmem.cyclo ./Core/Src/sysmem.d ./Core/Src/sysmem.o ./Core/Src/sysmem.su ./Core/Src/system_stm32f4xx.cyclo ./Core/Src/system_stm32f4xx.d ./Core/Src/system_stm32f4xx.o ./Core/Src/system_stm32f4xx.su
rm -rf IMU_F401.elf IMU_F401.list IMU_F401.map default.size.stdout
 
17:08:59 **** Build of configuration Debug for project IMU_F401 ****
make -j16 all 
arm-none-eabi-gcc "../Drivers/STM32F4xx_HAL_Driver/Src/stm32f4xx_hal.c" -mcpu=cortex-m4 -std=gnu11 -g3 -DDEBUG -DUSE_HAL_DRIVER -DSTM32F401xE -c -I../Core/Inc -I../Drivers/STM32F4xx_HAL_Driver/Inc -I../Drivers/STM32F4xx_HAL_Driver/Inc/Legacy -I../Drivers/CMSIS/Device/ST/STM32F4xx/Include -I../Drivers/CMSIS/Include -O0 -ffunction-sections -fdata-sections -Wall -fstack-usage -fcyclomatic-complexity -MMD -MP -MF"Drivers/STM32F4xx_HAL_Driver/Src/stm32f4xx_hal.d" -MT"Drivers/STM32F4xx_HAL_Driver/Src/stm32f4xx_hal.o" --specs=nano.specs -mfpu=fpv4-sp-d16 -mfloat-abi=hard -mthumb -o "Drivers/STM32F4xx_HAL_Driver/Src/stm32f4xx_hal.o"
arm-none-eabi-gcc "../Drivers/STM32F4xx_HAL_Driver/Src/stm32f4xx_hal_cortex.c" -mcpu=cortex-m4 -std=gnu11 -g3 -DDEBUG -DUSE_HAL_DRIVER -DSTM32F401xE -c -I../Core/Inc -I../Drivers/STM32F4xx_HAL_Driver/Inc -I../Drivers/STM32F4xx_HAL_Driver/Inc/Legacy -I../Drivers/CMSIS/Device/ST/STM32F4xx/Include -I../Drivers/CMSIS/Include -O0 -ffunction-sections -fdata-sections -Wall -fstack-usage -fcyclomatic-complexity -MMD -MP -MF"Drivers/STM32F4xx_HAL_Driver/Src/stm32f4xx_hal_cortex.d" -MT"Drivers/STM32F4xx_HAL_Driver/Src/stm32f4xx_hal_cortex.o" --specs=nano.specs -mfpu=fpv4-sp-d16 -mfloat-abi=hard -mthumb -o "Drivers/STM32F4xx_HAL_Driver/Src/stm32f4xx_hal_cortex.o"
arm-none-eabi-gcc "../Drivers/STM32F4xx_HAL_Driver/Src/stm32f4xx_hal_dma.c" -mcpu=cortex-m4 -std=gnu11 -g3 -DDEBUG -DUSE_HAL_DRIVER -DSTM32F401xE -c -I../Core/Inc -I../Drivers/STM32F4xx_HAL_Driver/Inc -I../Drivers/STM32F4xx_HAL_Driver/Inc/Legacy -I../Drivers/CMSIS/Device/ST/STM32F4xx/Include -I../Drivers/CMSIS/Include -O0 -ffunction-sections -fdata-sections -Wall -fstack-usage -fcyclomatic-complexity -MMD -MP -MF"Drivers/STM32F4xx_HAL_Driver/Src/stm32f4xx_hal_dma.d" -MT"Drivers/STM32F4xx_HAL_Driver/Src/stm32f4xx_hal_dma.o" --specs=nano.specs -mfpu=fpv4-sp-d16 -mfloat-abi=hard -mthumb -o "Drivers/STM32F4xx_HAL_Driver/Src/stm32f4xx_hal_dma.o"
arm-none-eabi-gcc "../Drivers/STM32F4xx_HAL_Driver/Src/stm32f4xx_hal_dma_ex.c" -mcpu=cortex-m4 -std=gnu11 -g3 -DDEBUG -DUSE_HAL_DRIVER -DSTM32F401xE -c -I../Core/Inc -I../Drivers/STM32F4xx_HAL_Driver/Inc -I../Drivers/STM32F4xx_HAL_Driver/Inc/Legacy -I../Drivers/CMSIS/Device/ST/STM32F4xx/Include -I../Drivers/CMSIS/Include -O0 -ffunction-sections -fdata-sections -Wall -fstack-usage -fcyclomatic-complexity -MMD -MP -MF"Drivers/STM32F4xx_HAL_Driver/Src/stm32f4xx_hal_dma_ex.d" -MT"Drivers/STM32F4xx_HAL_Driver/Src/stm32f4xx_hal_dma_ex.o" --specs=nano.specs -mfpu=fpv4-sp-d16 -mfloat-abi=hard -mthumb -o "Drivers/STM32F4xx_HAL_Driver/Src/stm32f4xx_hal_dma_ex.o"
arm-none-eabi-gcc "../Drivers/STM32F4xx_HAL_Driver/Src/stm32f4xx_hal_exti.c" -mcpu=cortex-m4 -std=gnu11 -g3 -DDEBUG -DUSE_HAL_DRIVER -DSTM32F401xE -c -I../Core/Inc -I../Drivers/STM32F4xx_HAL_Driver/Inc -I../Drivers/STM32F4xx_HAL_Driver/Inc/Legacy -I../Drivers/CMSIS/Device/ST/STM32F4xx/Include -I../Drivers/CMSIS/Include -O0 -ffunction-sections -fdata-sections -Wall -fstack-usage -fcyclomatic-complexity -MMD -MP -MF"Drivers/STM32F4xx_HAL_Driver/Src/stm32f4xx_hal_exti.d" -MT"Drivers/STM32F4xx_HAL_Driver/Src/stm32f4xx_hal_exti.o" --specs=nano.specs -mfpu=fpv4-sp-d16 -mfloat-abi=hard -mthumb -o "Drivers/STM32F4xx_HAL_Driver/Src/stm32f4xx_hal_exti.o"
arm-none-eabi-gcc "../Drivers/STM32F4xx_HAL_Driver/Src/stm32f4xx_hal_flash.c" -mcpu=cortex-m4 -std=gnu11 -g3 -DDEBUG -DUSE_HAL_DRIVER -DSTM32F401xE -c -I../Core/Inc -I../Drivers/STM32F4xx_HAL_Driver/Inc -I../Drivers/STM32F4xx_HAL_Driver/Inc/Legacy -I../Drivers/CMSIS/Device/ST/STM32F4xx/Include -I../Drivers/CMSIS/Include -O0 -ffunction-sections -fdata-sections -Wall -fstack-usage -fcyclomatic-complexity -MMD -MP -MF"Drivers/STM32F4xx_HAL_Driver/Src/stm32f4xx_hal_flash.d" -MT"Drivers/STM32F4xx_HAL_Driver/Src/stm32f4xx_hal_flash.o" --specs=nano.specs -mfpu=fpv4-sp-d16 -mfloat-abi=hard -mthumb -o "Drivers/STM32F4xx_HAL_Driver/Src/stm32f4xx_hal_flash.o"
arm-none-eabi-gcc "../Drivers/STM32F4xx_HAL_Driver/Src/stm32f4xx_hal_flash_ex.c" -mcpu=cortex-m4 -std=gnu11 -g3 -DDEBUG -DUSE_HAL_DRIVER -DSTM32F401xE -c -I../Core/Inc -I../Drivers/STM32F4xx_HAL_Driver/Inc -I../Drivers/STM32F4xx_HAL_Driver/Inc/Legacy -I../Drivers/CMSIS/Device/ST/STM32F4xx/Include -I../Drivers/CMSIS/Include -O0 -ffunction-sections -fdata-sections -Wall -fstack-usage -fcyclomatic-complexity -MMD -MP -MF"Drivers/STM32F4xx_HAL_Driver/Src/stm32f4xx_hal_flash_ex.d" -MT"Drivers/STM32F4xx_HAL_Driver/Src/stm32f4xx_hal_flash_ex.o" --specs=nano.specs -mfpu=fpv4-sp-d16 -mfloat-abi=hard -mthumb -o "Drivers/STM32F4xx_HAL_Driver/Src/stm32f4xx_hal_flash_ex.o"
arm-none-eabi-gcc "../Drivers/STM32F4xx_HAL_Driver/Src/stm32f4xx_hal_flash_ramfunc.c" -mcpu=cortex-m4 -std=gnu11 -g3 -DDEBUG -DUSE_HAL_DRIVER -DSTM32F401xE -c -I../Core/Inc -I../Drivers/STM32F4xx_HAL_Driver/Inc -I../Drivers/STM32F4xx_HAL_Driver/Inc/Legacy -I../Drivers/CMSIS/Device/ST/STM32F4xx/Include -I../Drivers/CMSIS/Include -O0 -ffunction-sections -fdata-sections -Wall -fstack-usage -fcyclomatic-complexity -MMD -MP -MF"Drivers/STM32F4xx_HAL_Driver/Src/stm32f4xx_hal_flash_ramfunc.d" -MT"Drivers/STM32F4xx_HAL_Driver/Src/stm32f4xx_hal_flash_ramfunc.o" --specs=nano.specs -mfpu=fpv4-sp-d16 -mfloat-abi=hard -mthumb -o "Drivers/STM32F4xx_HAL_Driver/Src/stm32f4xx_hal_flash_ramfunc.o"
arm-none-eabi-gcc "../Drivers/STM32F4xx_HAL_Driver/Src/stm32f4xx_hal_gpio.c" -mcpu=cortex-m4 -std=gnu11 -g3 -DDEBUG -DUSE_HAL_DRIVER -DSTM32F401xE -c -I../Core/Inc -I../Drivers/STM32F4xx_HAL_Driver/Inc -I../Drivers/STM32F4xx_HAL_Driver/Inc/Legacy -I../Drivers/CMSIS/Device/ST/STM32F4xx/Include -I../Drivers/CMSIS/Include -O0 -ffunction-sections -fdata-sections -Wall -fstack-usage -fcyclomatic-complexity -MMD -MP -MF"Drivers/STM32F4xx_HAL_Driver/Src/stm32f4xx_hal_gpio.d" -MT"Drivers/STM32F4xx_HAL_Driver/Src/stm32f4xx_hal_gpio.o" --specs=nano.specs -mfpu=fpv4-sp-d16 -mfloat-abi=hard -mthumb -o "Drivers/STM32F4xx_HAL_Driver/Src/stm32f4xx_hal_gpio.o"
arm-none-eabi-gcc "../Drivers/STM32F4xx_HAL_Driver/Src/stm32f4xx_hal_i2c.c" -mcpu=cortex-m4 -std=gnu11 -g3 -DDEBUG -DUSE_HAL_DRIVER -DSTM32F401xE -c -I../Core/Inc -I../Drivers/STM32F4xx_HAL_Driver/Inc -I../Drivers/STM32F4xx_HAL_Driver/Inc/Legacy -I../Drivers/CMSIS/Device/ST/STM32F4xx/Include -I../Drivers/CMSIS/Include -O0 -ffunction-sections -fdata-sections -Wall -fstack-usage -fcyclomatic-complexity -MMD -MP -MF"Drivers/STM32F4xx_HAL_Driver/Src/stm32f4xx_hal_i2c.d" -MT"Drivers/STM32F4xx_HAL_Driver/Src/stm32f4xx_hal_i2c.o" --specs=nano.specs -mfpu=fpv4-sp-d16 -mfloat-abi=hard -mthumb -o "Drivers/STM32F4xx_HAL_Driver/Src/stm32f4xx_hal_i2c.o"
arm-none-eabi-gcc "../Drivers/STM32F4xx_HAL_Driver/Src/stm32f4xx_hal_i2c_ex.c" -mcpu=cortex-m4 -std=gnu11 -g3 -DDEBUG -DUSE_HAL_DRIVER -DSTM32F401xE -c -I../Core/Inc -I../Drivers/STM32F4xx_HAL_Driver/Inc -I../Drivers/STM32F4xx_HAL_Driver/Inc/Legacy -I../Drivers/CMSIS/Device/ST/STM32F4xx/Include -I../Drivers/CMSIS/Include -O0 -ffunction-sections -fdata-sections -Wall -fstack-usage -fcyclomatic-complexity -MMD -MP -MF"Drivers/STM32F4xx_HAL_Driver/Src/stm32f4xx_hal_i2c_ex.d" -MT"Drivers/STM32F4xx_HAL_Driver/Src/stm32f4xx_hal_i2c_ex.o" --specs=nano.specs -mfpu=fpv4-sp-d16 -mfloat-abi=hard -mthumb -o "Drivers/STM32F4xx_HAL_Driver/Src/stm32f4xx_hal_i2c_ex.o"
arm-none-eabi-gcc "../Drivers/STM32F4xx_HAL_Driver/Src/stm32f4xx_hal_pwr.c" -mcpu=cortex-m4 -std=gnu11 -g3 -DDEBUG -DUSE_HAL_DRIVER -DSTM32F401xE -c -I../Core/Inc -I../Drivers/STM32F4xx_HAL_Driver/Inc -I../Drivers/STM32F4xx_HAL_Driver/Inc/Legacy -I../Drivers/CMSIS/Device/ST/STM32F4xx/Include -I../Drivers/CMSIS/Include -O0 -ffunction-sections -fdata-sections -Wall -fstack-usage -fcyclomatic-complexity -MMD -MP -MF"Drivers/STM32F4xx_HAL_Driver/Src/stm32f4xx_hal_pwr.d" -MT"Drivers/STM32F4xx_HAL_Driver/Src/stm32f4xx_hal_pwr.o" --specs=nano.specs -mfpu=fpv4-sp-d16 -mfloat-abi=hard -mthumb -o "Drivers/STM32F4xx_HAL_Driver/Src/stm32f4xx_hal_pwr.o"
arm-none-eabi-gcc "../Drivers/STM32F4xx_HAL_Driver/Src/stm32f4xx_hal_pwr_ex.c" -mcpu=cortex-m4 -std=gnu11 -g3 -DDEBUG -DUSE_HAL_DRIVER -DSTM32F401xE -c -I../Core/Inc -I../Drivers/STM32F4xx_HAL_Driver/Inc -I../Drivers/STM32F4xx_HAL_Driver/Inc/Legacy -I../Drivers/CMSIS/Device/ST/STM32F4xx/Include -I../Drivers/CMSIS/Include -O0 -ffunction-sections -fdata-sections -Wall -fstack-usage -fcyclomatic-complexity -MMD -MP -MF"Drivers/STM32F4xx_HAL_Driver/Src/stm32f4xx_hal_pwr_ex.d" -MT"Drivers/STM32F4xx_HAL_Driver/Src/stm32f4xx_hal_pwr_ex.o" --specs=nano.specs -mfpu=fpv4-sp-d16 -mfloat-abi=hard -mthumb -o "Drivers/STM32F4xx_HAL_Driver/Src/stm32f4xx_hal_pwr_ex.o"
arm-none-eabi-gcc "../Drivers/STM32F4xx_HAL_Driver/Src/stm32f4xx_hal_rcc.c" -mcpu=cortex-m4 -std=gnu11 -g3 -DDEBUG -DUSE_HAL_DRIVER -DSTM32F401xE -c -I../Core/Inc -I../Drivers/STM32F4xx_HAL_Driver/Inc -I../Drivers/STM32F4xx_HAL_Driver/Inc/Legacy -I../Drivers/CMSIS/Device/ST/STM32F4xx/Include -I../Drivers/CMSIS/Include -O0 -ffunction-sections -fdata-sections -Wall -fstack-usage -fcyclomatic-complexity -MMD -MP -MF"Drivers/STM32F4xx_HAL_Driver/Src/stm32f4xx_hal_rcc.d" -MT"Drivers/STM32F4xx_HAL_Driver/Src/stm32f4xx_hal_rcc.o" --specs=nano.specs -mfpu=fpv4-sp-d16 -mfloat-abi=hard -mthumb -o "Drivers/STM32F4xx_HAL_Driver/Src/stm32f4xx_hal_rcc.o"
arm-none-eabi-gcc "../Drivers/STM32F4xx_HAL_Driver/Src/stm32f4xx_hal_rcc_ex.c" -mcpu=cortex-m4 -std=gnu11 -g3 -DDEBUG -DUSE_HAL_DRIVER -DSTM32F401xE -c -I../Core/Inc -I../Drivers/STM32F4xx_HAL_Driver/Inc -I../Drivers/STM32F4xx_HAL_Driver/Inc/Legacy -I../Drivers/CMSIS/Device/ST/STM32F4xx/Include -I../Drivers/CMSIS/Include -O0 -ffunction-sections -fdata-sections -Wall -fstack-usage -fcyclomatic-complexity -MMD -MP -MF"Drivers/STM32F4xx_HAL_Driver/Src/stm32f4xx_hal_rcc_ex.d" -MT"Drivers/STM32F4xx_HAL_Driver/Src/stm32f4xx_hal_rcc_ex.o" --specs=nano.specs -mfpu=fpv4-sp-d16 -mfloat-abi=hard -mthumb -o "Drivers/STM32F4xx_HAL_Driver/Src/stm32f4xx_hal_rcc_ex.o"
arm-none-eabi-gcc -mcpu=cortex-m4 -g3 -DDEBUG -c -x assembler-with-cpp -MMD -MP -MF"Core/Startup/startup_stm32f401retx.d" -MT"Core/Startup/startup_stm32f401retx.o" --specs=nano.specs -mfpu=fpv4-sp-d16 -mfloat-abi=hard -mthumb -o "Core/Startup/startup_stm32f401retx.o" "../Core/Startup/startup_stm32f401retx.s"
arm-none-eabi-gcc "../Core/Src/ism330dhcx.c" -mcpu=cortex-m4 -std=gnu11 -g3 -DDEBUG -DUSE_HAL_DRIVER -DSTM32F401xE -c -I../Core/Inc -I../Drivers/STM32F4xx_HAL_Driver/Inc -I../Drivers/STM32F4xx_HAL_Driver/Inc/Legacy -I../Drivers/CMSIS/Device/ST/STM32F4xx/Include -I../Drivers/CMSIS/Include -O0 -ffunction-sections -fdata-sections -Wall -fstack-usage -fcyclomatic-complexity -MMD -MP -MF"Core/Src/ism330dhcx.d" -MT"Core/Src/ism330dhcx.o" --specs=nano.specs -mfpu=fpv4-sp-d16 -mfloat-abi=hard -mthumb -o "Core/Src/ism330dhcx.o"
../Core/Src/ism330dhcx.c: In function 'init_ISM330DHCX':
../Core/Src/ism330dhcx.c:42:12: error: too few arguments to function 'setReg'
   42 |         if(setReg(ism, ISM_REG_CTRL9_XL, 0x02) != ISM_OK){
      |            ^~~~~~
In file included from ../Core/Inc/ism330dhcx.h:12,
                 from ../Core/Src/ism330dhcx.c:8:
../Core/Inc/ism330dhcx_utils.h:73:19: note: declared here
   73 | ISM330DHCX_Status setReg(ISM330DHCX *ism, uint8_t reg, uint8_t bits, uint8_t mask, ISM330DHCX_Status error);
      |                   ^~~~~~
../Core/Src/ism330dhcx.c:48:12: error: too few arguments to function 'setReg'
   48 |         if(setReg(ism, ISM_REG_CTRL3_C, 0x40) != ISM_OK){
      |            ^~~~~~
../Core/Inc/ism330dhcx_utils.h:73:19: note: declared here
   73 | ISM330DHCX_Status setReg(ISM330DHCX *ism, uint8_t reg, uint8_t bits, uint8_t mask, ISM330DHCX_Status error);
      |                   ^~~~~~
../Core/Src/ism330dhcx.c: In function 'set_Fullscale_Accelerometer':
../Core/Src/ism330dhcx.c:94:35: error: 'ISM_ERROR_FS_ACC' undeclared (first use in this function); did you mean 'ISM_ERROR_FS_GYRO'?
   94 |                 ism->lastStatus = ISM_ERROR_FS_ACC;
      |                                   ^~~~~~~~~~~~~~~~
      |                                   ISM_ERROR_FS_GYRO
../Core/Src/ism330dhcx.c:94:35: note: each undeclared identifier is reported only once for each function it appears in
../Core/Src/ism330dhcx.c: At top level:
../Core/Src/ism330dhcx.c:123:19: error: conflicting types for 'set_OutputDataRate_Gyroscope'; have 'ISM330DHCX_Status(ISM330DHCX *, ISM330DHCX_ODR)'
  123 | ISM330DHCX_Status set_OutputDataRate_Gyroscope(ISM330DHCX *ism, ISM330DHCX_ODR odr){
      |                   ^~~~~~~~~~~~~~~~~~~~~~~~~~~~
../Core/Inc/ism330dhcx.h:24:19: note: previous declaration of 'set_OutputDataRate_Gyroscope' with type 'ISM330DHCX_Status(ISM330DHCX *)'
   24 | ISM330DHCX_Status set_OutputDataRate_Gyroscope(ISM330DHCX *ism);
      |                   ^~~~~~~~~~~~~~~~~~~~~~~~~~~~
../Core/Src/ism330dhcx.c: In function 'set_OutputDataRate_Gyroscope':
../Core/Src/ism330dhcx.c:146:30: warning: suggest parentheses around comparison in operand of '&' [-Wparentheses]
  146 |         if(reg_data & (~odr) != odr){
      |                       ~~~~~~~^~~~~~
../Core/Src/ism330dhcx.c: At top level:
../Core/Src/ism330dhcx.c:153:19: error: conflicting types for 'set_OutputDataRate_Accelerometer'; have 'ISM330DHCX_Status(ISM330DHCX *, ISM330DHCX_ODR)'
  153 | ISM330DHCX_Status set_OutputDataRate_Accelerometer(ISM330DHCX *ism, ISM330DHCX_ODR odr){
      |                   ^~~~~~~~~~~~~~~~~~~~~~~~~~~~~~~~
../Core/Inc/ism330dhcx.h:25:19: note: previous declaration of 'set_OutputDataRate_Accelerometer' with type 'ISM330DHCX_Status(ISM330DHCX *)'
   25 | ISM330DHCX_Status set_OutputDataRate_Accelerometer(ISM330DHCX *ism);
      |                   ^~~~~~~~~~~~~~~~~~~~~~~~~~~~~~~~
make: *** [Core/Src/subdir.mk:43: Core/Src/ism330dhcx.o] Error 1
make: *** Waiting for unfinished jobs....
"make -j16 all" terminated with exit code 2. Build might be incomplete.
17:09:47 **** Incremental Build of configuration Debug for project IMU_F401 ****
make -j16 all 
arm-none-eabi-gcc "../Core/Src/ism330dhcx.c" -mcpu=cortex-m4 -std=gnu11 -g3 -DDEBUG -DUSE_HAL_DRIVER -DSTM32F401xE -c -I../Core/Inc -I../Drivers/STM32F4xx_HAL_Driver/Inc -I../Drivers/STM32F4xx_HAL_Driver/Inc/Legacy -I../Drivers/CMSIS/Device/ST/STM32F4xx/Include -I../Drivers/CMSIS/Include -O0 -ffunction-sections -fdata-sections -Wall -fstack-usage -fcyclomatic-complexity -MMD -MP -MF"Core/Src/ism330dhcx.d" -MT"Core/Src/ism330dhcx.o" --specs=nano.specs -mfpu=fpv4-sp-d16 -mfloat-abi=hard -mthumb -o "Core/Src/ism330dhcx.o"
arm-none-eabi-gcc "../Core/Src/ism330dhcx_settings.c" -mcpu=cortex-m4 -std=gnu11 -g3 -DDEBUG -DUSE_HAL_DRIVER -DSTM32F401xE -c -I../Core/Inc -I../Drivers/STM32F4xx_HAL_Driver/Inc -I../Drivers/STM32F4xx_HAL_Driver/Inc/Legacy -I../Drivers/CMSIS/Device/ST/STM32F4xx/Include -I../Drivers/CMSIS/Include -O0 -ffunction-sections -fdata-sections -Wall -fstack-usage -fcyclomatic-complexity -MMD -MP -MF"Core/Src/ism330dhcx_settings.d" -MT"Core/Src/ism330dhcx_settings.o" --specs=nano.specs -mfpu=fpv4-sp-d16 -mfloat-abi=hard -mthumb -o "Core/Src/ism330dhcx_settings.o"
arm-none-eabi-gcc "../Core/Src/ism330dhcx_utils.c" -mcpu=cortex-m4 -std=gnu11 -g3 -DDEBUG -DUSE_HAL_DRIVER -DSTM32F401xE -c -I../Core/Inc -I../Drivers/STM32F4xx_HAL_Driver/Inc -I../Drivers/STM32F4xx_HAL_Driver/Inc/Legacy -I../Drivers/CMSIS/Device/ST/STM32F4xx/Include -I../Drivers/CMSIS/Include -O0 -ffunction-sections -fdata-sections -Wall -fstack-usage -fcyclomatic-complexity -MMD -MP -MF"Core/Src/ism330dhcx_utils.d" -MT"Core/Src/ism330dhcx_utils.o" --specs=nano.specs -mfpu=fpv4-sp-d16 -mfloat-abi=hard -mthumb -o "Core/Src/ism330dhcx_utils.o"
arm-none-eabi-gcc "../Core/Src/main.c" -mcpu=cortex-m4 -std=gnu11 -g3 -DDEBUG -DUSE_HAL_DRIVER -DSTM32F401xE -c -I../Core/Inc -I../Drivers/STM32F4xx_HAL_Driver/Inc -I../Drivers/STM32F4xx_HAL_Driver/Inc/Legacy -I../Drivers/CMSIS/Device/ST/STM32F4xx/Include -I../Drivers/CMSIS/Include -O0 -ffunction-sections -fdata-sections -Wall -fstack-usage -fcyclomatic-complexity -MMD -MP -MF"Core/Src/main.d" -MT"Core/Src/main.o" --specs=nano.specs -mfpu=fpv4-sp-d16 -mfloat-abi=hard -mthumb -o "Core/Src/main.o"
arm-none-eabi-gcc "../Core/Src/stm32f4xx_hal_msp.c" -mcpu=cortex-m4 -std=gnu11 -g3 -DDEBUG -DUSE_HAL_DRIVER -DSTM32F401xE -c -I../Core/Inc -I../Drivers/STM32F4xx_HAL_Driver/Inc -I../Drivers/STM32F4xx_HAL_Driver/Inc/Legacy -I../Drivers/CMSIS/Device/ST/STM32F4xx/Include -I../Drivers/CMSIS/Include -O0 -ffunction-sections -fdata-sections -Wall -fstack-usage -fcyclomatic-complexity -MMD -MP -MF"Core/Src/stm32f4xx_hal_msp.d" -MT"Core/Src/stm32f4xx_hal_msp.o" --specs=nano.specs -mfpu=fpv4-sp-d16 -mfloat-abi=hard -mthumb -o "Core/Src/stm32f4xx_hal_msp.o"
arm-none-eabi-gcc "../Core/Src/stm32f4xx_it.c" -mcpu=cortex-m4 -std=gnu11 -g3 -DDEBUG -DUSE_HAL_DRIVER -DSTM32F401xE -c -I../Core/Inc -I../Drivers/STM32F4xx_HAL_Driver/Inc -I../Drivers/STM32F4xx_HAL_Driver/Inc/Legacy -I../Drivers/CMSIS/Device/ST/STM32F4xx/Include -I../Drivers/CMSIS/Include -O0 -ffunction-sections -fdata-sections -Wall -fstack-usage -fcyclomatic-complexity -MMD -MP -MF"Core/Src/stm32f4xx_it.d" -MT"Core/Src/stm32f4xx_it.o" --specs=nano.specs -mfpu=fpv4-sp-d16 -mfloat-abi=hard -mthumb -o "Core/Src/stm32f4xx_it.o"
arm-none-eabi-gcc "../Core/Src/syscalls.c" -mcpu=cortex-m4 -std=gnu11 -g3 -DDEBUG -DUSE_HAL_DRIVER -DSTM32F401xE -c -I../Core/Inc -I../Drivers/STM32F4xx_HAL_Driver/Inc -I../Drivers/STM32F4xx_HAL_Driver/Inc/Legacy -I../Drivers/CMSIS/Device/ST/STM32F4xx/Include -I../Drivers/CMSIS/Include -O0 -ffunction-sections -fdata-sections -Wall -fstack-usage -fcyclomatic-complexity -MMD -MP -MF"Core/Src/syscalls.d" -MT"Core/Src/syscalls.o" --specs=nano.specs -mfpu=fpv4-sp-d16 -mfloat-abi=hard -mthumb -o "Core/Src/syscalls.o"
arm-none-eabi-gcc "../Core/Src/sysmem.c" -mcpu=cortex-m4 -std=gnu11 -g3 -DDEBUG -DUSE_HAL_DRIVER -DSTM32F401xE -c -I../Core/Inc -I../Drivers/STM32F4xx_HAL_Driver/Inc -I../Drivers/STM32F4xx_HAL_Driver/Inc/Legacy -I../Drivers/CMSIS/Device/ST/STM32F4xx/Include -I../Drivers/CMSIS/Include -O0 -ffunction-sections -fdata-sections -Wall -fstack-usage -fcyclomatic-complexity -MMD -MP -MF"Core/Src/sysmem.d" -MT"Core/Src/sysmem.o" --specs=nano.specs -mfpu=fpv4-sp-d16 -mfloat-abi=hard -mthumb -o "Core/Src/sysmem.o"
arm-none-eabi-gcc "../Core/Src/system_stm32f4xx.c" -mcpu=cortex-m4 -std=gnu11 -g3 -DDEBUG -DUSE_HAL_DRIVER -DSTM32F401xE -c -I../Core/Inc -I../Drivers/STM32F4xx_HAL_Driver/Inc -I../Drivers/STM32F4xx_HAL_Driver/Inc/Legacy -I../Drivers/CMSIS/Device/ST/STM32F4xx/Include -I../Drivers/CMSIS/Include -O0 -ffunction-sections -fdata-sections -Wall -fstack-usage -fcyclomatic-complexity -MMD -MP -MF"Core/Src/system_stm32f4xx.d" -MT"Core/Src/system_stm32f4xx.o" --specs=nano.specs -mfpu=fpv4-sp-d16 -mfloat-abi=hard -mthumb -o "Core/Src/system_stm32f4xx.o"
../Core/Src/ism330dhcx.c: In function 'set_Fullscale_Accelerometer':
../Core/Src/ism330dhcx.c:94:35: error: 'ISM_ERROR_FS_ACC' undeclared (first use in this function); did you mean 'ISM_ERROR_FS_GYRO'?
   94 |                 ism->lastStatus = ISM_ERROR_FS_ACC;
      |                                   ^~~~~~~~~~~~~~~~
      |                                   ISM_ERROR_FS_GYRO
../Core/Src/ism330dhcx.c:94:35: note: each undeclared identifier is reported only once for each function it appears in
../Core/Src/ism330dhcx.c: At top level:
../Core/Src/ism330dhcx.c:123:19: error: conflicting types for 'set_OutputDataRate_Gyroscope'; have 'ISM330DHCX_Status(ISM330DHCX *, ISM330DHCX_ODR)'
  123 | ISM330DHCX_Status set_OutputDataRate_Gyroscope(ISM330DHCX *ism, ISM330DHCX_ODR odr){
      |                   ^~~~~~~~~~~~~~~~~~~~~~~~~~~~
In file included from ../Core/Src/ism330dhcx.c:8:
../Core/Inc/ism330dhcx.h:24:19: note: previous declaration of 'set_OutputDataRate_Gyroscope' with type 'ISM330DHCX_Status(ISM330DHCX *)'
   24 | ISM330DHCX_Status set_OutputDataRate_Gyroscope(ISM330DHCX *ism);
      |                   ^~~~~~~~~~~~~~~~~~~~~~~~~~~~
../Core/Src/ism330dhcx.c: In function 'set_OutputDataRate_Gyroscope':
../Core/Src/ism330dhcx.c:146:30: warning: suggest parentheses around comparison in operand of '&' [-Wparentheses]
  146 |         if(reg_data & (~odr) != odr){
      |                       ~~~~~~~^~~~~~
../Core/Src/ism330dhcx.c: At top level:
../Core/Src/ism330dhcx.c:153:19: error: conflicting types for 'set_OutputDataRate_Accelerometer'; have 'ISM330DHCX_Status(ISM330DHCX *, ISM330DHCX_ODR)'
  153 | ISM330DHCX_Status set_OutputDataRate_Accelerometer(ISM330DHCX *ism, ISM330DHCX_ODR odr){
      |                   ^~~~~~~~~~~~~~~~~~~~~~~~~~~~~~~~
../Core/Inc/ism330dhcx.h:25:19: note: previous declaration of 'set_OutputDataRate_Accelerometer' with type 'ISM330DHCX_Status(ISM330DHCX *)'
   25 | ISM330DHCX_Status set_OutputDataRate_Accelerometer(ISM330DHCX *ism);
      |                   ^~~~~~~~~~~~~~~~~~~~~~~~~~~~~~~~
make: *** [Core/Src/subdir.mk:43: Core/Src/ism330dhcx.o] Error 1
make: *** Waiting for unfinished jobs....
../Core/Src/ism330dhcx_utils.c: In function 'setReg':
../Core/Src/ism330dhcx_utils.c:52:26: error: 'ISM_REG_CTRL3_C' undeclared (first use in this function)
   52 |         if(writeReg(ism, ISM_REG_CTRL3_C, &buff) != ISM_OK){
      |                          ^~~~~~~~~~~~~~~
../Core/Src/ism330dhcx_utils.c:52:26: note: each undeclared identifier is reported only once for each function it appears in
../Core/Src/ism330dhcx_utils.c:62:27: warning: suggest parentheses around comparison in operand of '&' [-Wparentheses]
   62 |         if(buff & ~(bits) != 1){
      |                   ~~~~~~~~^~~~
make: *** [Core/Src/subdir.mk:43: Core/Src/ism330dhcx_utils.o] Error 1
../Core/Src/main.c: In function 'main':
../Core/Src/main.c:73:36: error: 'NONE' undeclared (first use in this function)
   73 |         ISM330DHCX_Status status = NONE;
      |                                    ^~~~
../Core/Src/main.c:73:36: note: each undeclared identifier is reported only once for each function it appears in
make: *** [Core/Src/subdir.mk:43: Core/Src/main.o] Error 1
"make -j16 all" terminated with exit code 2. Build might be incomplete.
17:10:05 **** Incremental Build of configuration Debug for project IMU_F401 ****
make -j16 all 
arm-none-eabi-gcc "../Core/Src/ism330dhcx.c" -mcpu=cortex-m4 -std=gnu11 -g3 -DDEBUG -DUSE_HAL_DRIVER -DSTM32F401xE -c -I../Core/Inc -I../Drivers/STM32F4xx_HAL_Driver/Inc -I../Drivers/STM32F4xx_HAL_Driver/Inc/Legacy -I../Drivers/CMSIS/Device/ST/STM32F4xx/Include -I../Drivers/CMSIS/Include -O0 -ffunction-sections -fdata-sections -Wall -fstack-usage -fcyclomatic-complexity -MMD -MP -MF"Core/Src/ism330dhcx.d" -MT"Core/Src/ism330dhcx.o" --specs=nano.specs -mfpu=fpv4-sp-d16 -mfloat-abi=hard -mthumb -o "Core/Src/ism330dhcx.o"
arm-none-eabi-gcc "../Core/Src/ism330dhcx_utils.c" -mcpu=cortex-m4 -std=gnu11 -g3 -DDEBUG -DUSE_HAL_DRIVER -DSTM32F401xE -c -I../Core/Inc -I../Drivers/STM32F4xx_HAL_Driver/Inc -I../Drivers/STM32F4xx_HAL_Driver/Inc/Legacy -I../Drivers/CMSIS/Device/ST/STM32F4xx/Include -I../Drivers/CMSIS/Include -O0 -ffunction-sections -fdata-sections -Wall -fstack-usage -fcyclomatic-complexity -MMD -MP -MF"Core/Src/ism330dhcx_utils.d" -MT"Core/Src/ism330dhcx_utils.o" --specs=nano.specs -mfpu=fpv4-sp-d16 -mfloat-abi=hard -mthumb -o "Core/Src/ism330dhcx_utils.o"
arm-none-eabi-gcc "../Core/Src/main.c" -mcpu=cortex-m4 -std=gnu11 -g3 -DDEBUG -DUSE_HAL_DRIVER -DSTM32F401xE -c -I../Core/Inc -I../Drivers/STM32F4xx_HAL_Driver/Inc -I../Drivers/STM32F4xx_HAL_Driver/Inc/Legacy -I../Drivers/CMSIS/Device/ST/STM32F4xx/Include -I../Drivers/CMSIS/Include -O0 -ffunction-sections -fdata-sections -Wall -fstack-usage -fcyclomatic-complexity -MMD -MP -MF"Core/Src/main.d" -MT"Core/Src/main.o" --specs=nano.specs -mfpu=fpv4-sp-d16 -mfloat-abi=hard -mthumb -o "Core/Src/main.o"
../Core/Src/main.c: In function 'main':
../Core/Src/main.c:73:36: error: 'NONE' undeclared (first use in this function)
   73 |         ISM330DHCX_Status status = NONE;
      |                                    ^~~~
../Core/Src/main.c:73:36: note: each undeclared identifier is reported only once for each function it appears in
make: *** [Core/Src/subdir.mk:43: Core/Src/main.o] Error 1
make: *** Waiting for unfinished jobs....
../Core/Src/ism330dhcx.c: In function 'set_Fullscale_Accelerometer':
../Core/Src/ism330dhcx.c:103:35: error: 'ISM_ERROR_FS_ACC' undeclared (first use in this function); did you mean 'ISM_ERROR_FS_GYRO'?
  103 |                 ism->lastStatus = ISM_ERROR_FS_ACC;
      |                                   ^~~~~~~~~~~~~~~~
      |                                   ISM_ERROR_FS_GYRO
../Core/Src/ism330dhcx.c:103:35: note: each undeclared identifier is reported only once for each function it appears in
../Core/Src/ism330dhcx.c: At top level:
../Core/Src/ism330dhcx.c:123:19: error: conflicting types for 'set_OutputDataRate_Gyroscope'; have 'ISM330DHCX_Status(ISM330DHCX *, ISM330DHCX_ODR)'
  123 | ISM330DHCX_Status set_OutputDataRate_Gyroscope(ISM330DHCX *ism, ISM330DHCX_ODR odr){
      |                   ^~~~~~~~~~~~~~~~~~~~~~~~~~~~
In file included from ../Core/Src/ism330dhcx.c:8:
../Core/Inc/ism330dhcx.h:24:19: note: previous declaration of 'set_OutputDataRate_Gyroscope' with type 'ISM330DHCX_Status(ISM330DHCX *)'
   24 | ISM330DHCX_Status set_OutputDataRate_Gyroscope(ISM330DHCX *ism);
      |                   ^~~~~~~~~~~~~~~~~~~~~~~~~~~~
../Core/Src/ism330dhcx.c: In function 'set_OutputDataRate_Gyroscope':
../Core/Src/ism330dhcx.c:146:30: warning: suggest parentheses around comparison in operand of '&' [-Wparentheses]
  146 |         if(reg_data & (~odr) != odr){
      |                       ~~~~~~~^~~~~~
../Core/Src/ism330dhcx.c: At top level:
../Core/Src/ism330dhcx.c:153:19: error: conflicting types for 'set_OutputDataRate_Accelerometer'; have 'ISM330DHCX_Status(ISM330DHCX *, ISM330DHCX_ODR)'
  153 | ISM330DHCX_Status set_OutputDataRate_Accelerometer(ISM330DHCX *ism, ISM330DHCX_ODR odr){
      |                   ^~~~~~~~~~~~~~~~~~~~~~~~~~~~~~~~
../Core/Inc/ism330dhcx.h:25:19: note: previous declaration of 'set_OutputDataRate_Accelerometer' with type 'ISM330DHCX_Status(ISM330DHCX *)'
   25 | ISM330DHCX_Status set_OutputDataRate_Accelerometer(ISM330DHCX *ism);
      |                   ^~~~~~~~~~~~~~~~~~~~~~~~~~~~~~~~
make: *** [Core/Src/subdir.mk:43: Core/Src/ism330dhcx.o] Error 1
../Core/Src/ism330dhcx_utils.c: In function 'setReg':
../Core/Src/ism330dhcx_utils.c:52:26: error: 'ISM_REG_CTRL3_C' undeclared (first use in this function)
   52 |         if(writeReg(ism, ISM_REG_CTRL3_C, &buff) != ISM_OK){
      |                          ^~~~~~~~~~~~~~~
../Core/Src/ism330dhcx_utils.c:52:26: note: each undeclared identifier is reported only once for each function it appears in
../Core/Src/ism330dhcx_utils.c:62:27: warning: suggest parentheses around comparison in operand of '&' [-Wparentheses]
   62 |         if(buff & ~(bits) != 1){
      |                   ~~~~~~~~^~~~
make: *** [Core/Src/subdir.mk:43: Core/Src/ism330dhcx_utils.o] Error 1
"make -j16 all" terminated with exit code 2. Build might be incomplete.
17:10:11 **** Incremental Build of configuration Debug for project IMU_F401 ****
make -j16 all 
arm-none-eabi-gcc "../Core/Src/ism330dhcx.c" -mcpu=cortex-m4 -std=gnu11 -g3 -DDEBUG -DUSE_HAL_DRIVER -DSTM32F401xE -c -I../Core/Inc -I../Drivers/STM32F4xx_HAL_Driver/Inc -I../Drivers/STM32F4xx_HAL_Driver/Inc/Legacy -I../Drivers/CMSIS/Device/ST/STM32F4xx/Include -I../Drivers/CMSIS/Include -O0 -ffunction-sections -fdata-sections -Wall -fstack-usage -fcyclomatic-complexity -MMD -MP -MF"Core/Src/ism330dhcx.d" -MT"Core/Src/ism330dhcx.o" --specs=nano.specs -mfpu=fpv4-sp-d16 -mfloat-abi=hard -mthumb -o "Core/Src/ism330dhcx.o"
arm-none-eabi-gcc "../Core/Src/ism330dhcx_utils.c" -mcpu=cortex-m4 -std=gnu11 -g3 -DDEBUG -DUSE_HAL_DRIVER -DSTM32F401xE -c -I../Core/Inc -I../Drivers/STM32F4xx_HAL_Driver/Inc -I../Drivers/STM32F4xx_HAL_Driver/Inc/Legacy -I../Drivers/CMSIS/Device/ST/STM32F4xx/Include -I../Drivers/CMSIS/Include -O0 -ffunction-sections -fdata-sections -Wall -fstack-usage -fcyclomatic-complexity -MMD -MP -MF"Core/Src/ism330dhcx_utils.d" -MT"Core/Src/ism330dhcx_utils.o" --specs=nano.specs -mfpu=fpv4-sp-d16 -mfloat-abi=hard -mthumb -o "Core/Src/ism330dhcx_utils.o"
arm-none-eabi-gcc "../Core/Src/main.c" -mcpu=cortex-m4 -std=gnu11 -g3 -DDEBUG -DUSE_HAL_DRIVER -DSTM32F401xE -c -I../Core/Inc -I../Drivers/STM32F4xx_HAL_Driver/Inc -I../Drivers/STM32F4xx_HAL_Driver/Inc/Legacy -I../Drivers/CMSIS/Device/ST/STM32F4xx/Include -I../Drivers/CMSIS/Include -O0 -ffunction-sections -fdata-sections -Wall -fstack-usage -fcyclomatic-complexity -MMD -MP -MF"Core/Src/main.d" -MT"Core/Src/main.o" --specs=nano.specs -mfpu=fpv4-sp-d16 -mfloat-abi=hard -mthumb -o "Core/Src/main.o"
../Core/Src/main.c: In function 'main':
../Core/Src/main.c:73:36: error: 'NONE' undeclared (first use in this function)
   73 |         ISM330DHCX_Status status = NONE;
      |                                    ^~~~
../Core/Src/main.c:73:36: note: each undeclared identifier is reported only once for each function it appears in
make: *** [Core/Src/subdir.mk:43: Core/Src/main.o] Error 1
make: *** Waiting for unfinished jobs....
../Core/Src/ism330dhcx.c: In function 'set_Fullscale_Accelerometer':
../Core/Src/ism330dhcx.c:109:35: error: 'ISM_ERROR_FS_ACC' undeclared (first use in this function); did you mean 'ISM_ERROR_FS_GYRO'?
  109 |                 ism->lastStatus = ISM_ERROR_FS_ACC;
      |                                   ^~~~~~~~~~~~~~~~
      |                                   ISM_ERROR_FS_GYRO
../Core/Src/ism330dhcx.c:109:35: note: each undeclared identifier is reported only once for each function it appears in
../Core/Src/ism330dhcx.c: At top level:
../Core/Src/ism330dhcx.c:123:19: error: conflicting types for 'set_OutputDataRate_Gyroscope'; have 'ISM330DHCX_Status(ISM330DHCX *, ISM330DHCX_ODR)'
  123 | ISM330DHCX_Status set_OutputDataRate_Gyroscope(ISM330DHCX *ism, ISM330DHCX_ODR odr){
      |                   ^~~~~~~~~~~~~~~~~~~~~~~~~~~~
In file included from ../Core/Src/ism330dhcx.c:8:
../Core/Inc/ism330dhcx.h:24:19: note: previous declaration of 'set_OutputDataRate_Gyroscope' with type 'ISM330DHCX_Status(ISM330DHCX *)'
   24 | ISM330DHCX_Status set_OutputDataRate_Gyroscope(ISM330DHCX *ism);
      |                   ^~~~~~~~~~~~~~~~~~~~~~~~~~~~
../Core/Src/ism330dhcx.c: In function 'set_OutputDataRate_Gyroscope':
../Core/Src/ism330dhcx.c:146:30: warning: suggest parentheses around comparison in operand of '&' [-Wparentheses]
  146 |         if(reg_data & (~odr) != odr){
      |                       ~~~~~~~^~~~~~
../Core/Src/ism330dhcx.c: At top level:
../Core/Src/ism330dhcx.c:153:19: error: conflicting types for 'set_OutputDataRate_Accelerometer'; have 'ISM330DHCX_Status(ISM330DHCX *, ISM330DHCX_ODR)'
  153 | ISM330DHCX_Status set_OutputDataRate_Accelerometer(ISM330DHCX *ism, ISM330DHCX_ODR odr){
      |                   ^~~~~~~~~~~~~~~~~~~~~~~~~~~~~~~~
../Core/Inc/ism330dhcx.h:25:19: note: previous declaration of 'set_OutputDataRate_Accelerometer' with type 'ISM330DHCX_Status(ISM330DHCX *)'
   25 | ISM330DHCX_Status set_OutputDataRate_Accelerometer(ISM330DHCX *ism);
      |                   ^~~~~~~~~~~~~~~~~~~~~~~~~~~~~~~~
../Core/Src/ism330dhcx_utils.c: In function 'setReg':
../Core/Src/ism330dhcx_utils.c:52:26: error: 'ISM_REG_CTRL3_C' undeclared (first use in this function)
   52 |         if(writeReg(ism, ISM_REG_CTRL3_C, &buff) != ISM_OK){
      |                          ^~~~~~~~~~~~~~~
../Core/Src/ism330dhcx_utils.c:52:26: note: each undeclared identifier is reported only once for each function it appears in
../Core/Src/ism330dhcx_utils.c:62:27: warning: suggest parentheses around comparison in operand of '&' [-Wparentheses]
   62 |         if(buff & ~(bits) != 1){
      |                   ~~~~~~~~^~~~
make: *** [Core/Src/subdir.mk:43: Core/Src/ism330dhcx.o] Error 1
make: *** [Core/Src/subdir.mk:43: Core/Src/ism330dhcx_utils.o] Error 1
"make -j16 all" terminated with exit code 2. Build might be incomplete.
17:10:16 **** Incremental Build of configuration Debug for project IMU_F401 ****
make -j16 all 
arm-none-eabi-gcc "../Core/Src/ism330dhcx.c" -mcpu=cortex-m4 -std=gnu11 -g3 -DDEBUG -DUSE_HAL_DRIVER -DSTM32F401xE -c -I../Core/Inc -I../Drivers/STM32F4xx_HAL_Driver/Inc -I../Drivers/STM32F4xx_HAL_Driver/Inc/Legacy -I../Drivers/CMSIS/Device/ST/STM32F4xx/Include -I../Drivers/CMSIS/Include -O0 -ffunction-sections -fdata-sections -Wall -fstack-usage -fcyclomatic-complexity -MMD -MP -MF"Core/Src/ism330dhcx.d" -MT"Core/Src/ism330dhcx.o" --specs=nano.specs -mfpu=fpv4-sp-d16 -mfloat-abi=hard -mthumb -o "Core/Src/ism330dhcx.o"
arm-none-eabi-gcc "../Core/Src/ism330dhcx_utils.c" -mcpu=cortex-m4 -std=gnu11 -g3 -DDEBUG -DUSE_HAL_DRIVER -DSTM32F401xE -c -I../Core/Inc -I../Drivers/STM32F4xx_HAL_Driver/Inc -I../Drivers/STM32F4xx_HAL_Driver/Inc/Legacy -I../Drivers/CMSIS/Device/ST/STM32F4xx/Include -I../Drivers/CMSIS/Include -O0 -ffunction-sections -fdata-sections -Wall -fstack-usage -fcyclomatic-complexity -MMD -MP -MF"Core/Src/ism330dhcx_utils.d" -MT"Core/Src/ism330dhcx_utils.o" --specs=nano.specs -mfpu=fpv4-sp-d16 -mfloat-abi=hard -mthumb -o "Core/Src/ism330dhcx_utils.o"
arm-none-eabi-gcc "../Core/Src/main.c" -mcpu=cortex-m4 -std=gnu11 -g3 -DDEBUG -DUSE_HAL_DRIVER -DSTM32F401xE -c -I../Core/Inc -I../Drivers/STM32F4xx_HAL_Driver/Inc -I../Drivers/STM32F4xx_HAL_Driver/Inc/Legacy -I../Drivers/CMSIS/Device/ST/STM32F4xx/Include -I../Drivers/CMSIS/Include -O0 -ffunction-sections -fdata-sections -Wall -fstack-usage -fcyclomatic-complexity -MMD -MP -MF"Core/Src/main.d" -MT"Core/Src/main.o" --specs=nano.specs -mfpu=fpv4-sp-d16 -mfloat-abi=hard -mthumb -o "Core/Src/main.o"
../Core/Src/main.c: In function 'main':
../Core/Src/main.c:73:36: error: 'NONE' undeclared (first use in this function)
   73 |         ISM330DHCX_Status status = NONE;
      |                                    ^~~~
../Core/Src/main.c:73:36: note: each undeclared identifier is reported only once for each function it appears in
make: *** [Core/Src/subdir.mk:43: Core/Src/main.o] Error 1
make: *** Waiting for unfinished jobs....
../Core/Src/ism330dhcx.c: In function 'set_Fullscale_Accelerometer':
../Core/Src/ism330dhcx.c:115:35: error: 'ISM_ERROR_FS_ACC' undeclared (first use in this function); did you mean 'ISM_ERROR_FS_GYRO'?
  115 |                 ism->lastStatus = ISM_ERROR_FS_ACC;
      |                                   ^~~~~~~~~~~~~~~~
      |                                   ISM_ERROR_FS_GYRO
../Core/Src/ism330dhcx.c:115:35: note: each undeclared identifier is reported only once for each function it appears in
../Core/Src/ism330dhcx.c: At top level:
../Core/Src/ism330dhcx.c:123:19: error: conflicting types for 'set_OutputDataRate_Gyroscope'; have 'ISM330DHCX_Status(ISM330DHCX *, ISM330DHCX_ODR)'
  123 | ISM330DHCX_Status set_OutputDataRate_Gyroscope(ISM330DHCX *ism, ISM330DHCX_ODR odr){
      |                   ^~~~~~~~~~~~~~~~~~~~~~~~~~~~
In file included from ../Core/Src/ism330dhcx.c:8:
../Core/Inc/ism330dhcx.h:24:19: note: previous declaration of 'set_OutputDataRate_Gyroscope' with type 'ISM330DHCX_Status(ISM330DHCX *)'
   24 | ISM330DHCX_Status set_OutputDataRate_Gyroscope(ISM330DHCX *ism);
      |                   ^~~~~~~~~~~~~~~~~~~~~~~~~~~~
../Core/Src/ism330dhcx.c: In function 'set_OutputDataRate_Gyroscope':
../Core/Src/ism330dhcx.c:146:30: warning: suggest parentheses around comparison in operand of '&' [-Wparentheses]
  146 |         if(reg_data & (~odr) != odr){
      |                       ~~~~~~~^~~~~~
../Core/Src/ism330dhcx.c: At top level:
../Core/Src/ism330dhcx.c:153:19: error: conflicting types for 'set_OutputDataRate_Accelerometer'; have 'ISM330DHCX_Status(ISM330DHCX *, ISM330DHCX_ODR)'
  153 | ISM330DHCX_Status set_OutputDataRate_Accelerometer(ISM330DHCX *ism, ISM330DHCX_ODR odr){
      |                   ^~~~~~~~~~~~~~~~~~~~~~~~~~~~~~~~
../Core/Inc/ism330dhcx.h:25:19: note: previous declaration of 'set_OutputDataRate_Accelerometer' with type 'ISM330DHCX_Status(ISM330DHCX *)'
   25 | ISM330DHCX_Status set_OutputDataRate_Accelerometer(ISM330DHCX *ism);
      |                   ^~~~~~~~~~~~~~~~~~~~~~~~~~~~~~~~
../Core/Src/ism330dhcx_utils.c: In function 'setReg':
../Core/Src/ism330dhcx_utils.c:52:26: error: 'ISM_REG_CTRL3_C' undeclared (first use in this function)
   52 |         if(writeReg(ism, ISM_REG_CTRL3_C, &buff) != ISM_OK){
      |                          ^~~~~~~~~~~~~~~
../Core/Src/ism330dhcx_utils.c:52:26: note: each undeclared identifier is reported only once for each function it appears in
../Core/Src/ism330dhcx_utils.c:62:27: warning: suggest parentheses around comparison in operand of '&' [-Wparentheses]
   62 |         if(buff & ~(bits) != 1){
      |                   ~~~~~~~~^~~~
make: *** [Core/Src/subdir.mk:43: Core/Src/ism330dhcx.o] Error 1
make: *** [Core/Src/subdir.mk:43: Core/Src/ism330dhcx_utils.o] Error 1
"make -j16 all" terminated with exit code 2. Build might be incomplete.
17:10:19 **** Incremental Build of configuration Debug for project IMU_F401 ****
make -j16 all 
arm-none-eabi-gcc "../Core/Src/ism330dhcx.c" -mcpu=cortex-m4 -std=gnu11 -g3 -DDEBUG -DUSE_HAL_DRIVER -DSTM32F401xE -c -I../Core/Inc -I../Drivers/STM32F4xx_HAL_Driver/Inc -I../Drivers/STM32F4xx_HAL_Driver/Inc/Legacy -I../Drivers/CMSIS/Device/ST/STM32F4xx/Include -I../Drivers/CMSIS/Include -O0 -ffunction-sections -fdata-sections -Wall -fstack-usage -fcyclomatic-complexity -MMD -MP -MF"Core/Src/ism330dhcx.d" -MT"Core/Src/ism330dhcx.o" --specs=nano.specs -mfpu=fpv4-sp-d16 -mfloat-abi=hard -mthumb -o "Core/Src/ism330dhcx.o"
arm-none-eabi-gcc "../Core/Src/ism330dhcx_utils.c" -mcpu=cortex-m4 -std=gnu11 -g3 -DDEBUG -DUSE_HAL_DRIVER -DSTM32F401xE -c -I../Core/Inc -I../Drivers/STM32F4xx_HAL_Driver/Inc -I../Drivers/STM32F4xx_HAL_Driver/Inc/Legacy -I../Drivers/CMSIS/Device/ST/STM32F4xx/Include -I../Drivers/CMSIS/Include -O0 -ffunction-sections -fdata-sections -Wall -fstack-usage -fcyclomatic-complexity -MMD -MP -MF"Core/Src/ism330dhcx_utils.d" -MT"Core/Src/ism330dhcx_utils.o" --specs=nano.specs -mfpu=fpv4-sp-d16 -mfloat-abi=hard -mthumb -o "Core/Src/ism330dhcx_utils.o"
arm-none-eabi-gcc "../Core/Src/main.c" -mcpu=cortex-m4 -std=gnu11 -g3 -DDEBUG -DUSE_HAL_DRIVER -DSTM32F401xE -c -I../Core/Inc -I../Drivers/STM32F4xx_HAL_Driver/Inc -I../Drivers/STM32F4xx_HAL_Driver/Inc/Legacy -I../Drivers/CMSIS/Device/ST/STM32F4xx/Include -I../Drivers/CMSIS/Include -O0 -ffunction-sections -fdata-sections -Wall -fstack-usage -fcyclomatic-complexity -MMD -MP -MF"Core/Src/main.d" -MT"Core/Src/main.o" --specs=nano.specs -mfpu=fpv4-sp-d16 -mfloat-abi=hard -mthumb -o "Core/Src/main.o"
../Core/Src/ism330dhcx.c:123:19: error: conflicting types for 'set_OutputDataRate_Gyroscope'; have 'ISM330DHCX_Status(ISM330DHCX *, ISM330DHCX_ODR)'
  123 | ISM330DHCX_Status set_OutputDataRate_Gyroscope(ISM330DHCX *ism, ISM330DHCX_ODR odr){
      |                   ^~~~~~~~~~~~~~~~~~~~~~~~~~~~
In file included from ../Core/Src/ism330dhcx.c:8:
../Core/Inc/ism330dhcx.h:24:19: note: previous declaration of 'set_OutputDataRate_Gyroscope' with type 'ISM330DHCX_Status(ISM330DHCX *)'
   24 | ISM330DHCX_Status set_OutputDataRate_Gyroscope(ISM330DHCX *ism);
      |                   ^~~~~~~~~~~~~~~~~~~~~~~~~~~~
../Core/Src/ism330dhcx.c: In function 'set_OutputDataRate_Gyroscope':
../Core/Src/ism330dhcx.c:146:30: warning: suggest parentheses around comparison in operand of '&' [-Wparentheses]
  146 |         if(reg_data & (~odr) != odr){
      |                       ~~~~~~~^~~~~~
../Core/Src/ism330dhcx.c: At top level:
../Core/Src/ism330dhcx.c:153:19: error: conflicting types for 'set_OutputDataRate_Accelerometer'; have 'ISM330DHCX_Status(ISM330DHCX *, ISM330DHCX_ODR)'
  153 | ISM330DHCX_Status set_OutputDataRate_Accelerometer(ISM330DHCX *ism, ISM330DHCX_ODR odr){
      |                   ^~~~~~~~~~~~~~~~~~~~~~~~~~~~~~~~
../Core/Inc/ism330dhcx.h:25:19: note: previous declaration of 'set_OutputDataRate_Accelerometer' with type 'ISM330DHCX_Status(ISM330DHCX *)'
   25 | ISM330DHCX_Status set_OutputDataRate_Accelerometer(ISM330DHCX *ism);
      |                   ^~~~~~~~~~~~~~~~~~~~~~~~~~~~~~~~
../Core/Src/main.c: In function 'main':
../Core/Src/main.c:73:36: error: 'NONE' undeclared (first use in this function)
   73 |         ISM330DHCX_Status status = NONE;
      |                                    ^~~~
../Core/Src/main.c:73:36: note: each undeclared identifier is reported only once for each function it appears in
make: *** [Core/Src/subdir.mk:43: Core/Src/ism330dhcx.o] Error 1
make: *** Waiting for unfinished jobs....
make: *** [Core/Src/subdir.mk:43: Core/Src/main.o] Error 1
../Core/Src/ism330dhcx_utils.c: In function 'setReg':
../Core/Src/ism330dhcx_utils.c:52:26: error: 'ISM_REG_CTRL3_C' undeclared (first use in this function)
   52 |         if(writeReg(ism, ISM_REG_CTRL3_C, &buff) != ISM_OK){
      |                          ^~~~~~~~~~~~~~~
../Core/Src/ism330dhcx_utils.c:52:26: note: each undeclared identifier is reported only once for each function it appears in
../Core/Src/ism330dhcx_utils.c:62:27: warning: suggest parentheses around comparison in operand of '&' [-Wparentheses]
   62 |         if(buff & ~(bits) != 1){
      |                   ~~~~~~~~^~~~
make: *** [Core/Src/subdir.mk:43: Core/Src/ism330dhcx_utils.o] Error 1
"make -j16 all" terminated with exit code 2. Build might be incomplete.
17:10:51 **** Incremental Build of configuration Debug for project IMU_F401 ****
make -j16 all 
arm-none-eabi-gcc "../Core/Src/ism330dhcx.c" -mcpu=cortex-m4 -std=gnu11 -g3 -DDEBUG -DUSE_HAL_DRIVER -DSTM32F401xE -c -I../Core/Inc -I../Drivers/STM32F4xx_HAL_Driver/Inc -I../Drivers/STM32F4xx_HAL_Driver/Inc/Legacy -I../Drivers/CMSIS/Device/ST/STM32F4xx/Include -I../Drivers/CMSIS/Include -O0 -ffunction-sections -fdata-sections -Wall -fstack-usage -fcyclomatic-complexity -MMD -MP -MF"Core/Src/ism330dhcx.d" -MT"Core/Src/ism330dhcx.o" --specs=nano.specs -mfpu=fpv4-sp-d16 -mfloat-abi=hard -mthumb -o "Core/Src/ism330dhcx.o"
arm-none-eabi-gcc "../Core/Src/ism330dhcx_utils.c" -mcpu=cortex-m4 -std=gnu11 -g3 -DDEBUG -DUSE_HAL_DRIVER -DSTM32F401xE -c -I../Core/Inc -I../Drivers/STM32F4xx_HAL_Driver/Inc -I../Drivers/STM32F4xx_HAL_Driver/Inc/Legacy -I../Drivers/CMSIS/Device/ST/STM32F4xx/Include -I../Drivers/CMSIS/Include -O0 -ffunction-sections -fdata-sections -Wall -fstack-usage -fcyclomatic-complexity -MMD -MP -MF"Core/Src/ism330dhcx_utils.d" -MT"Core/Src/ism330dhcx_utils.o" --specs=nano.specs -mfpu=fpv4-sp-d16 -mfloat-abi=hard -mthumb -o "Core/Src/ism330dhcx_utils.o"
arm-none-eabi-gcc "../Core/Src/main.c" -mcpu=cortex-m4 -std=gnu11 -g3 -DDEBUG -DUSE_HAL_DRIVER -DSTM32F401xE -c -I../Core/Inc -I../Drivers/STM32F4xx_HAL_Driver/Inc -I../Drivers/STM32F4xx_HAL_Driver/Inc/Legacy -I../Drivers/CMSIS/Device/ST/STM32F4xx/Include -I../Drivers/CMSIS/Include -O0 -ffunction-sections -fdata-sections -Wall -fstack-usage -fcyclomatic-complexity -MMD -MP -MF"Core/Src/main.d" -MT"Core/Src/main.o" --specs=nano.specs -mfpu=fpv4-sp-d16 -mfloat-abi=hard -mthumb -o "Core/Src/main.o"
arm-none-eabi-gcc "../Core/Src/stm32f4xx_hal_msp.c" -mcpu=cortex-m4 -std=gnu11 -g3 -DDEBUG -DUSE_HAL_DRIVER -DSTM32F401xE -c -I../Core/Inc -I../Drivers/STM32F4xx_HAL_Driver/Inc -I../Drivers/STM32F4xx_HAL_Driver/Inc/Legacy -I../Drivers/CMSIS/Device/ST/STM32F4xx/Include -I../Drivers/CMSIS/Include -O0 -ffunction-sections -fdata-sections -Wall -fstack-usage -fcyclomatic-complexity -MMD -MP -MF"Core/Src/stm32f4xx_hal_msp.d" -MT"Core/Src/stm32f4xx_hal_msp.o" --specs=nano.specs -mfpu=fpv4-sp-d16 -mfloat-abi=hard -mthumb -o "Core/Src/stm32f4xx_hal_msp.o"
arm-none-eabi-gcc "../Core/Src/stm32f4xx_it.c" -mcpu=cortex-m4 -std=gnu11 -g3 -DDEBUG -DUSE_HAL_DRIVER -DSTM32F401xE -c -I../Core/Inc -I../Drivers/STM32F4xx_HAL_Driver/Inc -I../Drivers/STM32F4xx_HAL_Driver/Inc/Legacy -I../Drivers/CMSIS/Device/ST/STM32F4xx/Include -I../Drivers/CMSIS/Include -O0 -ffunction-sections -fdata-sections -Wall -fstack-usage -fcyclomatic-complexity -MMD -MP -MF"Core/Src/stm32f4xx_it.d" -MT"Core/Src/stm32f4xx_it.o" --specs=nano.specs -mfpu=fpv4-sp-d16 -mfloat-abi=hard -mthumb -o "Core/Src/stm32f4xx_it.o"
../Core/Src/ism330dhcx.c: In function 'set_OutputDataRate_Gyroscope':
../Core/Src/ism330dhcx.c:146:30: warning: suggest parentheses around comparison in operand of '&' [-Wparentheses]
  146 |         if(reg_data & (~odr) != odr){
      |                       ~~~~~~~^~~~~~
../Core/Src/main.c: In function 'main':
../Core/Src/main.c:73:36: error: 'NONE' undeclared (first use in this function)
   73 |         ISM330DHCX_Status status = NONE;
      |                                    ^~~~
../Core/Src/main.c:73:36: note: each undeclared identifier is reported only once for each function it appears in
make: *** [Core/Src/subdir.mk:43: Core/Src/main.o] Error 1
make: *** Waiting for unfinished jobs....
../Core/Src/ism330dhcx_utils.c: In function 'setReg':
../Core/Src/ism330dhcx_utils.c:52:26: error: 'ISM_REG_CTRL3_C' undeclared (first use in this function)
   52 |         if(writeReg(ism, ISM_REG_CTRL3_C, &buff) != ISM_OK){
      |                          ^~~~~~~~~~~~~~~
../Core/Src/ism330dhcx_utils.c:52:26: note: each undeclared identifier is reported only once for each function it appears in
../Core/Src/ism330dhcx_utils.c:62:27: warning: suggest parentheses around comparison in operand of '&' [-Wparentheses]
   62 |         if(buff & ~(bits) != 1){
      |                   ~~~~~~~~^~~~
make: *** [Core/Src/subdir.mk:43: Core/Src/ism330dhcx_utils.o] Error 1
"make -j16 all" terminated with exit code 2. Build might be incomplete.
17:11:07 **** Incremental Build of configuration Debug for project IMU_F401 ****
make -j16 all 
arm-none-eabi-gcc "../Core/Src/ism330dhcx.c" -mcpu=cortex-m4 -std=gnu11 -g3 -DDEBUG -DUSE_HAL_DRIVER -DSTM32F401xE -c -I../Core/Inc -I../Drivers/STM32F4xx_HAL_Driver/Inc -I../Drivers/STM32F4xx_HAL_Driver/Inc/Legacy -I../Drivers/CMSIS/Device/ST/STM32F4xx/Include -I../Drivers/CMSIS/Include -O0 -ffunction-sections -fdata-sections -Wall -fstack-usage -fcyclomatic-complexity -MMD -MP -MF"Core/Src/ism330dhcx.d" -MT"Core/Src/ism330dhcx.o" --specs=nano.specs -mfpu=fpv4-sp-d16 -mfloat-abi=hard -mthumb -o "Core/Src/ism330dhcx.o"
arm-none-eabi-gcc "../Core/Src/ism330dhcx_utils.c" -mcpu=cortex-m4 -std=gnu11 -g3 -DDEBUG -DUSE_HAL_DRIVER -DSTM32F401xE -c -I../Core/Inc -I../Drivers/STM32F4xx_HAL_Driver/Inc -I../Drivers/STM32F4xx_HAL_Driver/Inc/Legacy -I../Drivers/CMSIS/Device/ST/STM32F4xx/Include -I../Drivers/CMSIS/Include -O0 -ffunction-sections -fdata-sections -Wall -fstack-usage -fcyclomatic-complexity -MMD -MP -MF"Core/Src/ism330dhcx_utils.d" -MT"Core/Src/ism330dhcx_utils.o" --specs=nano.specs -mfpu=fpv4-sp-d16 -mfloat-abi=hard -mthumb -o "Core/Src/ism330dhcx_utils.o"
arm-none-eabi-gcc "../Core/Src/main.c" -mcpu=cortex-m4 -std=gnu11 -g3 -DDEBUG -DUSE_HAL_DRIVER -DSTM32F401xE -c -I../Core/Inc -I../Drivers/STM32F4xx_HAL_Driver/Inc -I../Drivers/STM32F4xx_HAL_Driver/Inc/Legacy -I../Drivers/CMSIS/Device/ST/STM32F4xx/Include -I../Drivers/CMSIS/Include -O0 -ffunction-sections -fdata-sections -Wall -fstack-usage -fcyclomatic-complexity -MMD -MP -MF"Core/Src/main.d" -MT"Core/Src/main.o" --specs=nano.specs -mfpu=fpv4-sp-d16 -mfloat-abi=hard -mthumb -o "Core/Src/main.o"
../Core/Src/main.c: In function 'main':
../Core/Src/main.c:73:36: error: 'NONE' undeclared (first use in this function)
   73 |         ISM330DHCX_Status status = NONE;
      |                                    ^~~~
../Core/Src/main.c:73:36: note: each undeclared identifier is reported only once for each function it appears in
make: *** [Core/Src/subdir.mk:43: Core/Src/main.o] Error 1
make: *** Waiting for unfinished jobs....
../Core/Src/ism330dhcx_utils.c: In function 'setReg':
../Core/Src/ism330dhcx_utils.c:52:26: error: 'ISM_REG_CTRL3_C' undeclared (first use in this function)
   52 |         if(writeReg(ism, ISM_REG_CTRL3_C, &buff) != ISM_OK){
      |                          ^~~~~~~~~~~~~~~
../Core/Src/ism330dhcx_utils.c:52:26: note: each undeclared identifier is reported only once for each function it appears in
../Core/Src/ism330dhcx_utils.c:62:27: warning: suggest parentheses around comparison in operand of '&' [-Wparentheses]
   62 |         if(buff & ~(bits) != 1){
      |                   ~~~~~~~~^~~~
make: *** [Core/Src/subdir.mk:43: Core/Src/ism330dhcx_utils.o] Error 1
"make -j16 all" terminated with exit code 2. Build might be incomplete.
17:11:20 **** Incremental Build of configuration Debug for project IMU_F401 ****
make -j16 all 
arm-none-eabi-gcc "../Core/Src/ism330dhcx_utils.c" -mcpu=cortex-m4 -std=gnu11 -g3 -DDEBUG -DUSE_HAL_DRIVER -DSTM32F401xE -c -I../Core/Inc -I../Drivers/STM32F4xx_HAL_Driver/Inc -I../Drivers/STM32F4xx_HAL_Driver/Inc/Legacy -I../Drivers/CMSIS/Device/ST/STM32F4xx/Include -I../Drivers/CMSIS/Include -O0 -ffunction-sections -fdata-sections -Wall -fstack-usage -fcyclomatic-complexity -MMD -MP -MF"Core/Src/ism330dhcx_utils.d" -MT"Core/Src/ism330dhcx_utils.o" --specs=nano.specs -mfpu=fpv4-sp-d16 -mfloat-abi=hard -mthumb -o "Core/Src/ism330dhcx_utils.o"
arm-none-eabi-gcc "../Core/Src/main.c" -mcpu=cortex-m4 -std=gnu11 -g3 -DDEBUG -DUSE_HAL_DRIVER -DSTM32F401xE -c -I../Core/Inc -I../Drivers/STM32F4xx_HAL_Driver/Inc -I../Drivers/STM32F4xx_HAL_Driver/Inc/Legacy -I../Drivers/CMSIS/Device/ST/STM32F4xx/Include -I../Drivers/CMSIS/Include -O0 -ffunction-sections -fdata-sections -Wall -fstack-usage -fcyclomatic-complexity -MMD -MP -MF"Core/Src/main.d" -MT"Core/Src/main.o" --specs=nano.specs -mfpu=fpv4-sp-d16 -mfloat-abi=hard -mthumb -o "Core/Src/main.o"
../Core/Src/ism330dhcx_utils.c: In function 'setReg':
../Core/Src/ism330dhcx_utils.c:52:26: error: 'ISM_REG_CTRL3_C' undeclared (first use in this function)
   52 |         if(writeReg(ism, ISM_REG_CTRL3_C, &buff) != ISM_OK){
      |                          ^~~~~~~~~~~~~~~
../Core/Src/ism330dhcx_utils.c:52:26: note: each undeclared identifier is reported only once for each function it appears in
../Core/Src/ism330dhcx_utils.c:62:27: warning: suggest parentheses around comparison in operand of '&' [-Wparentheses]
   62 |         if(buff & ~(bits) != 1){
      |                   ~~~~~~~~^~~~
make: *** [Core/Src/subdir.mk:43: Core/Src/ism330dhcx_utils.o] Error 1
make: *** Waiting for unfinished jobs....
"make -j16 all" terminated with exit code 2. Build might be incomplete.
17:12:12 **** Incremental Build of configuration Debug for project IMU_F401 ****
make -j16 all 
arm-none-eabi-gcc "../Core/Src/ism330dhcx_utils.c" -mcpu=cortex-m4 -std=gnu11 -g3 -DDEBUG -DUSE_HAL_DRIVER -DSTM32F401xE -c -I../Core/Inc -I../Drivers/STM32F4xx_HAL_Driver/Inc -I../Drivers/STM32F4xx_HAL_Driver/Inc/Legacy -I../Drivers/CMSIS/Device/ST/STM32F4xx/Include -I../Drivers/CMSIS/Include -O0 -ffunction-sections -fdata-sections -Wall -fstack-usage -fcyclomatic-complexity -MMD -MP -MF"Core/Src/ism330dhcx_utils.d" -MT"Core/Src/ism330dhcx_utils.o" --specs=nano.specs -mfpu=fpv4-sp-d16 -mfloat-abi=hard -mthumb -o "Core/Src/ism330dhcx_utils.o"
../Core/Src/ism330dhcx_utils.c: In function 'setReg':
../Core/Src/ism330dhcx_utils.c:57:25: error: 'ISM_REG_CTRL3_C' undeclared (first use in this function)
   57 |         if(readReg(ism, ISM_REG_CTRL3_C, &buff) != ISM_OK){
      |                         ^~~~~~~~~~~~~~~
../Core/Src/ism330dhcx_utils.c:57:25: note: each undeclared identifier is reported only once for each function it appears in
../Core/Src/ism330dhcx_utils.c:62:27: warning: suggest parentheses around comparison in operand of '&' [-Wparentheses]
   62 |         if(buff & ~(bits) != 1){
      |                   ~~~~~~~~^~~~
make: *** [Core/Src/subdir.mk:43: Core/Src/ism330dhcx_utils.o] Error 1
"make -j16 all" terminated with exit code 2. Build might be incomplete.
17:12:20 **** Incremental Build of configuration Debug for project IMU_F401 ****
make -j16 all 
arm-none-eabi-gcc "../Core/Src/ism330dhcx_utils.c" -mcpu=cortex-m4 -std=gnu11 -g3 -DDEBUG -DUSE_HAL_DRIVER -DSTM32F401xE -c -I../Core/Inc -I../Drivers/STM32F4xx_HAL_Driver/Inc -I../Drivers/STM32F4xx_HAL_Driver/Inc/Legacy -I../Drivers/CMSIS/Device/ST/STM32F4xx/Include -I../Drivers/CMSIS/Include -O0 -ffunction-sections -fdata-sections -Wall -fstack-usage -fcyclomatic-complexity -MMD -MP -MF"Core/Src/ism330dhcx_utils.d" -MT"Core/Src/ism330dhcx_utils.o" --specs=nano.specs -mfpu=fpv4-sp-d16 -mfloat-abi=hard -mthumb -o "Core/Src/ism330dhcx_utils.o"
../Core/Src/ism330dhcx_utils.c: In function 'setReg':
../Core/Src/ism330dhcx_utils.c:57:25: error: 'ISM_REG_CTRL3_C' undeclared (first use in this function)
   57 |         if(readReg(ism, ISM_REG_CTRL3_C, &buff) != ISM_OK){
      |                         ^~~~~~~~~~~~~~~
../Core/Src/ism330dhcx_utils.c:57:25: note: each undeclared identifier is reported only once for each function it appears in
make: *** [Core/Src/subdir.mk:43: Core/Src/ism330dhcx_utils.o] Error 1
"make -j16 all" terminated with exit code 2. Build might be incomplete.
17:12:25 **** Incremental Build of configuration Debug for project IMU_F401 ****
make -j16 all 
arm-none-eabi-gcc "../Core/Src/ism330dhcx_utils.c" -mcpu=cortex-m4 -std=gnu11 -g3 -DDEBUG -DUSE_HAL_DRIVER -DSTM32F401xE -c -I../Core/Inc -I../Drivers/STM32F4xx_HAL_Driver/Inc -I../Drivers/STM32F4xx_HAL_Driver/Inc/Legacy -I../Drivers/CMSIS/Device/ST/STM32F4xx/Include -I../Drivers/CMSIS/Include -O0 -ffunction-sections -fdata-sections -Wall -fstack-usage -fcyclomatic-complexity -MMD -MP -MF"Core/Src/ism330dhcx_utils.d" -MT"Core/Src/ism330dhcx_utils.o" --specs=nano.specs -mfpu=fpv4-sp-d16 -mfloat-abi=hard -mthumb -o "Core/Src/ism330dhcx_utils.o"
arm-none-eabi-gcc -o "IMU_F401.elf" @"objects.list"   -mcpu=cortex-m4 -T"/home/filip/projects/stm/workspace/IMU_F401/STM32F401RETX_FLASH.ld" --specs=nosys.specs -Wl,-Map="IMU_F401.map" -Wl,--gc-sections -static --specs=nano.specs -mfpu=fpv4-sp-d16 -mfloat-abi=hard -mthumb -Wl,--start-group -lc -lm -Wl,--end-group
Finished building target: IMU_F401.elf
 
arm-none-eabi-size  IMU_F401.elf 
arm-none-eabi-objdump -h -S IMU_F401.elf  > "IMU_F401.list"
   text	   data	    bss	    dec	    hex	filename
  20040	     12	   1908	  21960	   55c8	IMU_F401.elf
Finished building: default.size.stdout
 
Finished building: IMU_F401.list
 
17:29:57 **** Incremental Build of configuration Debug for project IMU_F401 ****
make -j16 all 
arm-none-eabi-gcc "../Core/Src/ism330dhcx.c" -mcpu=cortex-m4 -std=gnu11 -g3 -DDEBUG -DUSE_HAL_DRIVER -DSTM32F401xE -c -I../Core/Inc -I../Drivers/STM32F4xx_HAL_Driver/Inc -I../Drivers/STM32F4xx_HAL_Driver/Inc/Legacy -I../Drivers/CMSIS/Device/ST/STM32F4xx/Include -I../Drivers/CMSIS/Include -O0 -ffunction-sections -fdata-sections -Wall -fstack-usage -fcyclomatic-complexity -MMD -MP -MF"Core/Src/ism330dhcx.d" -MT"Core/Src/ism330dhcx.o" --specs=nano.specs -mfpu=fpv4-sp-d16 -mfloat-abi=hard -mthumb -o "Core/Src/ism330dhcx.o"
arm-none-eabi-gcc "../Core/Src/main.c" -mcpu=cortex-m4 -std=gnu11 -g3 -DDEBUG -DUSE_HAL_DRIVER -DSTM32F401xE -c -I../Core/Inc -I../Drivers/STM32F4xx_HAL_Driver/Inc -I../Drivers/STM32F4xx_HAL_Driver/Inc/Legacy -I../Drivers/CMSIS/Device/ST/STM32F4xx/Include -I../Drivers/CMSIS/Include -O0 -ffunction-sections -fdata-sections -Wall -fstack-usage -fcyclomatic-complexity -MMD -MP -MF"Core/Src/main.d" -MT"Core/Src/main.o" --specs=nano.specs -mfpu=fpv4-sp-d16 -mfloat-abi=hard -mthumb -o "Core/Src/main.o"
arm-none-eabi-gcc "../Core/Src/stm32f4xx_hal_msp.c" -mcpu=cortex-m4 -std=gnu11 -g3 -DDEBUG -DUSE_HAL_DRIVER -DSTM32F401xE -c -I../Core/Inc -I../Drivers/STM32F4xx_HAL_Driver/Inc -I../Drivers/STM32F4xx_HAL_Driver/Inc/Legacy -I../Drivers/CMSIS/Device/ST/STM32F4xx/Include -I../Drivers/CMSIS/Include -O0 -ffunction-sections -fdata-sections -Wall -fstack-usage -fcyclomatic-complexity -MMD -MP -MF"Core/Src/stm32f4xx_hal_msp.d" -MT"Core/Src/stm32f4xx_hal_msp.o" --specs=nano.specs -mfpu=fpv4-sp-d16 -mfloat-abi=hard -mthumb -o "Core/Src/stm32f4xx_hal_msp.o"
arm-none-eabi-gcc "../Core/Src/stm32f4xx_it.c" -mcpu=cortex-m4 -std=gnu11 -g3 -DDEBUG -DUSE_HAL_DRIVER -DSTM32F401xE -c -I../Core/Inc -I../Drivers/STM32F4xx_HAL_Driver/Inc -I../Drivers/STM32F4xx_HAL_Driver/Inc/Legacy -I../Drivers/CMSIS/Device/ST/STM32F4xx/Include -I../Drivers/CMSIS/Include -O0 -ffunction-sections -fdata-sections -Wall -fstack-usage -fcyclomatic-complexity -MMD -MP -MF"Core/Src/stm32f4xx_it.d" -MT"Core/Src/stm32f4xx_it.o" --specs=nano.specs -mfpu=fpv4-sp-d16 -mfloat-abi=hard -mthumb -o "Core/Src/stm32f4xx_it.o"
../Core/Src/ism330dhcx.c: In function 'get_Axies_Raw_All':
../Core/Src/ism330dhcx.c:168:18: error: invalid type argument of '->' (have 'ISM330DHCX_Data')
  168 |         ism->data->gyroscope->raw->x = ((uint16_t) buffer[0x0]) << 8 | buffer[0x1];
      |                  ^~
../Core/Src/ism330dhcx.c:169:18: error: invalid type argument of '->' (have 'ISM330DHCX_Data')
  169 |         ism->data->gyroscope->raw->y = ((uint16_t) buffer[0x2]) << 8 | buffer[0x3];
      |                  ^~
../Core/Src/ism330dhcx.c:170:18: error: invalid type argument of '->' (have 'ISM330DHCX_Data')
  170 |         ism->data->gyroscope->raw->z = ((uint16_t) buffer[0x4]) << 8 | buffer[0x5];
      |                  ^~
../Core/Src/ism330dhcx.c:172:18: error: invalid type argument of '->' (have 'ISM330DHCX_Data')
  172 |         ism->data->accelerometer->raw->x = ((uint16_t) buffer[0x6]) << 8 | buffer[0x7];
      |                  ^~
../Core/Src/ism330dhcx.c:173:18: error: invalid type argument of '->' (have 'ISM330DHCX_Data')
  173 |         ism->data->accelerometer->raw->x = ((uint16_t) buffer[0x8]) << 8 | buffer[0x9];
      |                  ^~
../Core/Src/ism330dhcx.c:174:18: error: invalid type argument of '->' (have 'ISM330DHCX_Data')
  174 |         ism->data->accelerometer->raw->x = ((uint16_t) buffer[0xA]) << 8 | buffer[0xB];
      |                  ^~
../Core/Src/ism330dhcx.c: In function 'get_Axies_Raw_Gyroscope':
../Core/Src/ism330dhcx.c:186:18: error: invalid type argument of '->' (have 'ISM330DHCX_Data')
  186 |         ism->data->gyroscope->raw->x = ((uint16_t) buffer[0x0]) << 8 | buffer[0x1];
      |                  ^~
../Core/Src/ism330dhcx.c:187:18: error: invalid type argument of '->' (have 'ISM330DHCX_Data')
  187 |         ism->data->gyroscope->raw->y = ((uint16_t) buffer[0x2]) << 8 | buffer[0x3];
      |                  ^~
../Core/Src/ism330dhcx.c:188:18: error: invalid type argument of '->' (have 'ISM330DHCX_Data')
  188 |         ism->data->gyroscope->raw->z = ((uint16_t) buffer[0x4]) << 8 | buffer[0x5];
      |                  ^~
../Core/Src/ism330dhcx.c: In function 'get_Axies_Raw_Accelerometer':
../Core/Src/ism330dhcx.c:200:18: error: invalid type argument of '->' (have 'ISM330DHCX_Data')
  200 |         ism->data->accelerometer->raw->x = ((uint16_t) buffer[0x0]) << 8 | buffer[0x1];
      |                  ^~
../Core/Src/ism330dhcx.c:201:18: error: invalid type argument of '->' (have 'ISM330DHCX_Data')
  201 |         ism->data->accelerometer->raw->y = ((uint16_t) buffer[0x2]) << 8 | buffer[0x3];
      |                  ^~
../Core/Src/ism330dhcx.c:202:18: error: invalid type argument of '->' (have 'ISM330DHCX_Data')
  202 |         ism->data->accelerometer->raw->z = ((uint16_t) buffer[0x4]) << 8 | buffer[0x5];
      |                  ^~
../Core/Src/ism330dhcx.c: At top level:
../Core/Src/ism330dhcx.c:207:19: error: conflicting types for 'get_Axies_All'; have 'ISM330DHCX_Status(ISM330DHCX *, uint8_t)' {aka 'ISM330DHCX_Status(ISM330DHCX *, unsigned char)'}
  207 | ISM330DHCX_Status get_Axies_All(ISM330DHCX *ism, uint8_t ms){
      |                   ^~~~~~~~~~~~~
In file included from ../Core/Src/ism330dhcx.c:8:
../Core/Inc/ism330dhcx.h:31:19: note: previous declaration of 'get_Axies_All' with type 'ISM330DHCX_Status(ISM330DHCX *)'
   31 | ISM330DHCX_Status get_Axies_All(ISM330DHCX *ism);
      |                   ^~~~~~~~~~~~~
make: *** [Core/Src/subdir.mk:43: Core/Src/ism330dhcx.o] Error 1
make: *** Waiting for unfinished jobs....
"make -j16 all" terminated with exit code 2. Build might be incomplete.
17:30:55 **** Incremental Build of configuration Debug for project IMU_F401 ****
make -j16 all 
arm-none-eabi-gcc "../Core/Src/ism330dhcx.c" -mcpu=cortex-m4 -std=gnu11 -g3 -DDEBUG -DUSE_HAL_DRIVER -DSTM32F401xE -c -I../Core/Inc -I../Drivers/STM32F4xx_HAL_Driver/Inc -I../Drivers/STM32F4xx_HAL_Driver/Inc/Legacy -I../Drivers/CMSIS/Device/ST/STM32F4xx/Include -I../Drivers/CMSIS/Include -O0 -ffunction-sections -fdata-sections -Wall -fstack-usage -fcyclomatic-complexity -MMD -MP -MF"Core/Src/ism330dhcx.d" -MT"Core/Src/ism330dhcx.o" --specs=nano.specs -mfpu=fpv4-sp-d16 -mfloat-abi=hard -mthumb -o "Core/Src/ism330dhcx.o"
../Core/Src/ism330dhcx.c: In function 'get_Axies_Raw_All':
../Core/Src/ism330dhcx.c:172:18: error: invalid type argument of '->' (have 'ISM330DHCX_Data')
  172 |         ism->data->accelerometer->raw->x = ((uint16_t) buffer[0x6]) << 8 | buffer[0x7];
      |                  ^~
../Core/Src/ism330dhcx.c:173:18: error: invalid type argument of '->' (have 'ISM330DHCX_Data')
  173 |         ism->data->accelerometer->raw->x = ((uint16_t) buffer[0x8]) << 8 | buffer[0x9];
      |                  ^~
../Core/Src/ism330dhcx.c:174:18: error: invalid type argument of '->' (have 'ISM330DHCX_Data')
  174 |         ism->data->accelerometer->raw->x = ((uint16_t) buffer[0xA]) << 8 | buffer[0xB];
      |                  ^~
../Core/Src/ism330dhcx.c: In function 'get_Axies_Raw_Gyroscope':
../Core/Src/ism330dhcx.c:186:18: error: invalid type argument of '->' (have 'ISM330DHCX_Data')
  186 |         ism->data->gyroscope->raw->x = ((uint16_t) buffer[0x0]) << 8 | buffer[0x1];
      |                  ^~
../Core/Src/ism330dhcx.c:187:18: error: invalid type argument of '->' (have 'ISM330DHCX_Data')
  187 |         ism->data->gyroscope->raw->y = ((uint16_t) buffer[0x2]) << 8 | buffer[0x3];
      |                  ^~
../Core/Src/ism330dhcx.c:188:18: error: invalid type argument of '->' (have 'ISM330DHCX_Data')
  188 |         ism->data->gyroscope->raw->z = ((uint16_t) buffer[0x4]) << 8 | buffer[0x5];
      |                  ^~
../Core/Src/ism330dhcx.c: In function 'get_Axies_Raw_Accelerometer':
../Core/Src/ism330dhcx.c:200:18: error: invalid type argument of '->' (have 'ISM330DHCX_Data')
  200 |         ism->data->accelerometer->raw->x = ((uint16_t) buffer[0x0]) << 8 | buffer[0x1];
      |                  ^~
../Core/Src/ism330dhcx.c:201:18: error: invalid type argument of '->' (have 'ISM330DHCX_Data')
  201 |         ism->data->accelerometer->raw->y = ((uint16_t) buffer[0x2]) << 8 | buffer[0x3];
      |                  ^~
../Core/Src/ism330dhcx.c:202:18: error: invalid type argument of '->' (have 'ISM330DHCX_Data')
  202 |         ism->data->accelerometer->raw->z = ((uint16_t) buffer[0x4]) << 8 | buffer[0x5];
      |                  ^~
../Core/Src/ism330dhcx.c: At top level:
../Core/Src/ism330dhcx.c:207:19: error: conflicting types for 'get_Axies_All'; have 'ISM330DHCX_Status(ISM330DHCX *, uint8_t)' {aka 'ISM330DHCX_Status(ISM330DHCX *, unsigned char)'}
  207 | ISM330DHCX_Status get_Axies_All(ISM330DHCX *ism, uint8_t ms){
      |                   ^~~~~~~~~~~~~
In file included from ../Core/Src/ism330dhcx.c:8:
../Core/Inc/ism330dhcx.h:31:19: note: previous declaration of 'get_Axies_All' with type 'ISM330DHCX_Status(ISM330DHCX *)'
   31 | ISM330DHCX_Status get_Axies_All(ISM330DHCX *ism);
      |                   ^~~~~~~~~~~~~
make: *** [Core/Src/subdir.mk:43: Core/Src/ism330dhcx.o] Error 1
"make -j16 all" terminated with exit code 2. Build might be incomplete.
17:31:30 **** Incremental Build of configuration Debug for project IMU_F401 ****
make -j16 all 
arm-none-eabi-gcc "../Core/Src/ism330dhcx.c" -mcpu=cortex-m4 -std=gnu11 -g3 -DDEBUG -DUSE_HAL_DRIVER -DSTM32F401xE -c -I../Core/Inc -I../Drivers/STM32F4xx_HAL_Driver/Inc -I../Drivers/STM32F4xx_HAL_Driver/Inc/Legacy -I../Drivers/CMSIS/Device/ST/STM32F4xx/Include -I../Drivers/CMSIS/Include -O0 -ffunction-sections -fdata-sections -Wall -fstack-usage -fcyclomatic-complexity -MMD -MP -MF"Core/Src/ism330dhcx.d" -MT"Core/Src/ism330dhcx.o" --specs=nano.specs -mfpu=fpv4-sp-d16 -mfloat-abi=hard -mthumb -o "Core/Src/ism330dhcx.o"
../Core/Src/ism330dhcx.c: In function 'get_Axies_Raw_Gyroscope':
../Core/Src/ism330dhcx.c:186:18: error: invalid type argument of '->' (have 'ISM330DHCX_Data')
  186 |         ism->data->gyroscope->raw->x = ((uint16_t) buffer[0x0]) << 8 | buffer[0x1];
      |                  ^~
../Core/Src/ism330dhcx.c:187:18: error: invalid type argument of '->' (have 'ISM330DHCX_Data')
  187 |         ism->data->gyroscope->raw->y = ((uint16_t) buffer[0x2]) << 8 | buffer[0x3];
      |                  ^~
../Core/Src/ism330dhcx.c:188:18: error: invalid type argument of '->' (have 'ISM330DHCX_Data')
  188 |         ism->data->gyroscope->raw->z = ((uint16_t) buffer[0x4]) << 8 | buffer[0x5];
      |                  ^~
../Core/Src/ism330dhcx.c: In function 'get_Axies_Raw_Accelerometer':
../Core/Src/ism330dhcx.c:200:18: error: invalid type argument of '->' (have 'ISM330DHCX_Data')
  200 |         ism->data->accelerometer->raw->x = ((uint16_t) buffer[0x0]) << 8 | buffer[0x1];
      |                  ^~
../Core/Src/ism330dhcx.c:201:18: error: invalid type argument of '->' (have 'ISM330DHCX_Data')
  201 |         ism->data->accelerometer->raw->y = ((uint16_t) buffer[0x2]) << 8 | buffer[0x3];
      |                  ^~
../Core/Src/ism330dhcx.c:202:18: error: invalid type argument of '->' (have 'ISM330DHCX_Data')
  202 |         ism->data->accelerometer->raw->z = ((uint16_t) buffer[0x4]) << 8 | buffer[0x5];
      |                  ^~
../Core/Src/ism330dhcx.c: At top level:
../Core/Src/ism330dhcx.c:207:19: error: conflicting types for 'get_Axies_All'; have 'ISM330DHCX_Status(ISM330DHCX *, uint8_t)' {aka 'ISM330DHCX_Status(ISM330DHCX *, unsigned char)'}
  207 | ISM330DHCX_Status get_Axies_All(ISM330DHCX *ism, uint8_t ms){
      |                   ^~~~~~~~~~~~~
In file included from ../Core/Src/ism330dhcx.c:8:
../Core/Inc/ism330dhcx.h:31:19: note: previous declaration of 'get_Axies_All' with type 'ISM330DHCX_Status(ISM330DHCX *)'
   31 | ISM330DHCX_Status get_Axies_All(ISM330DHCX *ism);
      |                   ^~~~~~~~~~~~~
make: *** [Core/Src/subdir.mk:43: Core/Src/ism330dhcx.o] Error 1
"make -j16 all" terminated with exit code 2. Build might be incomplete.
17:31:57 **** Incremental Build of configuration Debug for project IMU_F401 ****
make -j16 all 
arm-none-eabi-gcc "../Core/Src/ism330dhcx.c" -mcpu=cortex-m4 -std=gnu11 -g3 -DDEBUG -DUSE_HAL_DRIVER -DSTM32F401xE -c -I../Core/Inc -I../Drivers/STM32F4xx_HAL_Driver/Inc -I../Drivers/STM32F4xx_HAL_Driver/Inc/Legacy -I../Drivers/CMSIS/Device/ST/STM32F4xx/Include -I../Drivers/CMSIS/Include -O0 -ffunction-sections -fdata-sections -Wall -fstack-usage -fcyclomatic-complexity -MMD -MP -MF"Core/Src/ism330dhcx.d" -MT"Core/Src/ism330dhcx.o" --specs=nano.specs -mfpu=fpv4-sp-d16 -mfloat-abi=hard -mthumb -o "Core/Src/ism330dhcx.o"
../Core/Src/ism330dhcx.c: In function 'get_Axies_Raw_Accelerometer':
../Core/Src/ism330dhcx.c:200:18: error: invalid type argument of '->' (have 'ISM330DHCX_Data')
  200 |         ism->data->accelerometer->raw->x = ((uint16_t) buffer[0x0]) << 8 | buffer[0x1];
      |                  ^~
../Core/Src/ism330dhcx.c:201:18: error: invalid type argument of '->' (have 'ISM330DHCX_Data')
  201 |         ism->data->accelerometer->raw->y = ((uint16_t) buffer[0x2]) << 8 | buffer[0x3];
      |                  ^~
../Core/Src/ism330dhcx.c:202:18: error: invalid type argument of '->' (have 'ISM330DHCX_Data')
  202 |         ism->data->accelerometer->raw->z = ((uint16_t) buffer[0x4]) << 8 | buffer[0x5];
      |                  ^~
../Core/Src/ism330dhcx.c: At top level:
../Core/Src/ism330dhcx.c:207:19: error: conflicting types for 'get_Axies_All'; have 'ISM330DHCX_Status(ISM330DHCX *, uint8_t)' {aka 'ISM330DHCX_Status(ISM330DHCX *, unsigned char)'}
  207 | ISM330DHCX_Status get_Axies_All(ISM330DHCX *ism, uint8_t ms){
      |                   ^~~~~~~~~~~~~
In file included from ../Core/Src/ism330dhcx.c:8:
../Core/Inc/ism330dhcx.h:31:19: note: previous declaration of 'get_Axies_All' with type 'ISM330DHCX_Status(ISM330DHCX *)'
   31 | ISM330DHCX_Status get_Axies_All(ISM330DHCX *ism);
      |                   ^~~~~~~~~~~~~
make: *** [Core/Src/subdir.mk:43: Core/Src/ism330dhcx.o] Error 1
"make -j16 all" terminated with exit code 2. Build might be incomplete.
17:32:24 **** Incremental Build of configuration Debug for project IMU_F401 ****
make -j16 all 
arm-none-eabi-gcc "../Core/Src/ism330dhcx.c" -mcpu=cortex-m4 -std=gnu11 -g3 -DDEBUG -DUSE_HAL_DRIVER -DSTM32F401xE -c -I../Core/Inc -I../Drivers/STM32F4xx_HAL_Driver/Inc -I../Drivers/STM32F4xx_HAL_Driver/Inc/Legacy -I../Drivers/CMSIS/Device/ST/STM32F4xx/Include -I../Drivers/CMSIS/Include -O0 -ffunction-sections -fdata-sections -Wall -fstack-usage -fcyclomatic-complexity -MMD -MP -MF"Core/Src/ism330dhcx.d" -MT"Core/Src/ism330dhcx.o" --specs=nano.specs -mfpu=fpv4-sp-d16 -mfloat-abi=hard -mthumb -o "Core/Src/ism330dhcx.o"
../Core/Src/ism330dhcx.c:207:19: error: conflicting types for 'get_Axies_All'; have 'ISM330DHCX_Status(ISM330DHCX *, uint8_t)' {aka 'ISM330DHCX_Status(ISM330DHCX *, unsigned char)'}
  207 | ISM330DHCX_Status get_Axies_All(ISM330DHCX *ism, uint8_t ms){
      |                   ^~~~~~~~~~~~~
In file included from ../Core/Src/ism330dhcx.c:8:
../Core/Inc/ism330dhcx.h:31:19: note: previous declaration of 'get_Axies_All' with type 'ISM330DHCX_Status(ISM330DHCX *)'
   31 | ISM330DHCX_Status get_Axies_All(ISM330DHCX *ism);
      |                   ^~~~~~~~~~~~~
make: *** [Core/Src/subdir.mk:43: Core/Src/ism330dhcx.o] Error 1
"make -j16 all" terminated with exit code 2. Build might be incomplete.
17:32:37 **** Incremental Build of configuration Debug for project IMU_F401 ****
make -j16 all 
arm-none-eabi-gcc "../Core/Src/ism330dhcx.c" -mcpu=cortex-m4 -std=gnu11 -g3 -DDEBUG -DUSE_HAL_DRIVER -DSTM32F401xE -c -I../Core/Inc -I../Drivers/STM32F4xx_HAL_Driver/Inc -I../Drivers/STM32F4xx_HAL_Driver/Inc/Legacy -I../Drivers/CMSIS/Device/ST/STM32F4xx/Include -I../Drivers/CMSIS/Include -O0 -ffunction-sections -fdata-sections -Wall -fstack-usage -fcyclomatic-complexity -MMD -MP -MF"Core/Src/ism330dhcx.d" -MT"Core/Src/ism330dhcx.o" --specs=nano.specs -mfpu=fpv4-sp-d16 -mfloat-abi=hard -mthumb -o "Core/Src/ism330dhcx.o"
arm-none-eabi-gcc "../Core/Src/main.c" -mcpu=cortex-m4 -std=gnu11 -g3 -DDEBUG -DUSE_HAL_DRIVER -DSTM32F401xE -c -I../Core/Inc -I../Drivers/STM32F4xx_HAL_Driver/Inc -I../Drivers/STM32F4xx_HAL_Driver/Inc/Legacy -I../Drivers/CMSIS/Device/ST/STM32F4xx/Include -I../Drivers/CMSIS/Include -O0 -ffunction-sections -fdata-sections -Wall -fstack-usage -fcyclomatic-complexity -MMD -MP -MF"Core/Src/main.d" -MT"Core/Src/main.o" --specs=nano.specs -mfpu=fpv4-sp-d16 -mfloat-abi=hard -mthumb -o "Core/Src/main.o"
arm-none-eabi-gcc "../Core/Src/stm32f4xx_hal_msp.c" -mcpu=cortex-m4 -std=gnu11 -g3 -DDEBUG -DUSE_HAL_DRIVER -DSTM32F401xE -c -I../Core/Inc -I../Drivers/STM32F4xx_HAL_Driver/Inc -I../Drivers/STM32F4xx_HAL_Driver/Inc/Legacy -I../Drivers/CMSIS/Device/ST/STM32F4xx/Include -I../Drivers/CMSIS/Include -O0 -ffunction-sections -fdata-sections -Wall -fstack-usage -fcyclomatic-complexity -MMD -MP -MF"Core/Src/stm32f4xx_hal_msp.d" -MT"Core/Src/stm32f4xx_hal_msp.o" --specs=nano.specs -mfpu=fpv4-sp-d16 -mfloat-abi=hard -mthumb -o "Core/Src/stm32f4xx_hal_msp.o"
arm-none-eabi-gcc "../Core/Src/stm32f4xx_it.c" -mcpu=cortex-m4 -std=gnu11 -g3 -DDEBUG -DUSE_HAL_DRIVER -DSTM32F401xE -c -I../Core/Inc -I../Drivers/STM32F4xx_HAL_Driver/Inc -I../Drivers/STM32F4xx_HAL_Driver/Inc/Legacy -I../Drivers/CMSIS/Device/ST/STM32F4xx/Include -I../Drivers/CMSIS/Include -O0 -ffunction-sections -fdata-sections -Wall -fstack-usage -fcyclomatic-complexity -MMD -MP -MF"Core/Src/stm32f4xx_it.d" -MT"Core/Src/stm32f4xx_it.o" --specs=nano.specs -mfpu=fpv4-sp-d16 -mfloat-abi=hard -mthumb -o "Core/Src/stm32f4xx_it.o"
arm-none-eabi-gcc -o "IMU_F401.elf" @"objects.list"   -mcpu=cortex-m4 -T"/home/filip/projects/stm/workspace/IMU_F401/STM32F401RETX_FLASH.ld" --specs=nosys.specs -Wl,-Map="IMU_F401.map" -Wl,--gc-sections -static --specs=nano.specs -mfpu=fpv4-sp-d16 -mfloat-abi=hard -mthumb -Wl,--start-group -lc -lm -Wl,--end-group
Finished building target: IMU_F401.elf
 
arm-none-eabi-size  IMU_F401.elf 
arm-none-eabi-objdump -h -S IMU_F401.elf  > "IMU_F401.list"
   text	   data	    bss	    dec	    hex	filename
  20040	     12	   1908	  21960	   55c8	IMU_F401.elf
Finished building: default.size.stdout
 
Finished building: IMU_F401.list
 
17:32:48 **** Incremental Build of configuration Debug for project IMU_F401 ****
make -j16 all 
arm-none-eabi-gcc "../Core/Src/ism330dhcx.c" -mcpu=cortex-m4 -std=gnu11 -g3 -DDEBUG -DUSE_HAL_DRIVER -DSTM32F401xE -c -I../Core/Inc -I../Drivers/STM32F4xx_HAL_Driver/Inc -I../Drivers/STM32F4xx_HAL_Driver/Inc/Legacy -I../Drivers/CMSIS/Device/ST/STM32F4xx/Include -I../Drivers/CMSIS/Include -O0 -ffunction-sections -fdata-sections -Wall -fstack-usage -fcyclomatic-complexity -MMD -MP -MF"Core/Src/ism330dhcx.d" -MT"Core/Src/ism330dhcx.o" --specs=nano.specs -mfpu=fpv4-sp-d16 -mfloat-abi=hard -mthumb -o "Core/Src/ism330dhcx.o"
arm-none-eabi-gcc "../Core/Src/main.c" -mcpu=cortex-m4 -std=gnu11 -g3 -DDEBUG -DUSE_HAL_DRIVER -DSTM32F401xE -c -I../Core/Inc -I../Drivers/STM32F4xx_HAL_Driver/Inc -I../Drivers/STM32F4xx_HAL_Driver/Inc/Legacy -I../Drivers/CMSIS/Device/ST/STM32F4xx/Include -I../Drivers/CMSIS/Include -O0 -ffunction-sections -fdata-sections -Wall -fstack-usage -fcyclomatic-complexity -MMD -MP -MF"Core/Src/main.d" -MT"Core/Src/main.o" --specs=nano.specs -mfpu=fpv4-sp-d16 -mfloat-abi=hard -mthumb -o "Core/Src/main.o"
arm-none-eabi-gcc "../Core/Src/stm32f4xx_hal_msp.c" -mcpu=cortex-m4 -std=gnu11 -g3 -DDEBUG -DUSE_HAL_DRIVER -DSTM32F401xE -c -I../Core/Inc -I../Drivers/STM32F4xx_HAL_Driver/Inc -I../Drivers/STM32F4xx_HAL_Driver/Inc/Legacy -I../Drivers/CMSIS/Device/ST/STM32F4xx/Include -I../Drivers/CMSIS/Include -O0 -ffunction-sections -fdata-sections -Wall -fstack-usage -fcyclomatic-complexity -MMD -MP -MF"Core/Src/stm32f4xx_hal_msp.d" -MT"Core/Src/stm32f4xx_hal_msp.o" --specs=nano.specs -mfpu=fpv4-sp-d16 -mfloat-abi=hard -mthumb -o "Core/Src/stm32f4xx_hal_msp.o"
arm-none-eabi-gcc "../Core/Src/stm32f4xx_it.c" -mcpu=cortex-m4 -std=gnu11 -g3 -DDEBUG -DUSE_HAL_DRIVER -DSTM32F401xE -c -I../Core/Inc -I../Drivers/STM32F4xx_HAL_Driver/Inc -I../Drivers/STM32F4xx_HAL_Driver/Inc/Legacy -I../Drivers/CMSIS/Device/ST/STM32F4xx/Include -I../Drivers/CMSIS/Include -O0 -ffunction-sections -fdata-sections -Wall -fstack-usage -fcyclomatic-complexity -MMD -MP -MF"Core/Src/stm32f4xx_it.d" -MT"Core/Src/stm32f4xx_it.o" --specs=nano.specs -mfpu=fpv4-sp-d16 -mfloat-abi=hard -mthumb -o "Core/Src/stm32f4xx_it.o"
../Core/Src/ism330dhcx.c:214:19: error: conflicting types for 'get_Axies_Gyroscope'; have 'ISM330DHCX_Status(ISM330DHCX *)'
  214 | ISM330DHCX_Status get_Axies_Gyroscope(ISM330DHCX *ism){
      |                   ^~~~~~~~~~~~~~~~~~~
In file included from ../Core/Src/ism330dhcx.c:8:
../Core/Inc/ism330dhcx.h:32:19: note: previous declaration of 'get_Axies_Gyroscope' with type 'ISM330DHCX_Status(ISM330DHCX *, uint8_t)' {aka 'ISM330DHCX_Status(ISM330DHCX *, unsigned char)'}
   32 | ISM330DHCX_Status get_Axies_Gyroscope(ISM330DHCX *ism, uint8_t ms);
      |                   ^~~~~~~~~~~~~~~~~~~
../Core/Src/ism330dhcx.c:218:19: error: conflicting types for 'get_Axies_Accelerometer'; have 'ISM330DHCX_Status(ISM330DHCX *)'
  218 | ISM330DHCX_Status get_Axies_Accelerometer(ISM330DHCX *ism){
      |                   ^~~~~~~~~~~~~~~~~~~~~~~
../Core/Inc/ism330dhcx.h:33:19: note: previous declaration of 'get_Axies_Accelerometer' with type 'ISM330DHCX_Status(ISM330DHCX *, uint8_t)' {aka 'ISM330DHCX_Status(ISM330DHCX *, unsigned char)'}
   33 | ISM330DHCX_Status get_Axies_Accelerometer(ISM330DHCX *ism, uint8_t ms);
      |                   ^~~~~~~~~~~~~~~~~~~~~~~
make: *** [Core/Src/subdir.mk:43: Core/Src/ism330dhcx.o] Error 1
make: *** Waiting for unfinished jobs....
"make -j16 all" terminated with exit code 2. Build might be incomplete.
17:33:00 **** Incremental Build of configuration Debug for project IMU_F401 ****
make -j16 all 
arm-none-eabi-gcc "../Core/Src/ism330dhcx.c" -mcpu=cortex-m4 -std=gnu11 -g3 -DDEBUG -DUSE_HAL_DRIVER -DSTM32F401xE -c -I../Core/Inc -I../Drivers/STM32F4xx_HAL_Driver/Inc -I../Drivers/STM32F4xx_HAL_Driver/Inc/Legacy -I../Drivers/CMSIS/Device/ST/STM32F4xx/Include -I../Drivers/CMSIS/Include -O0 -ffunction-sections -fdata-sections -Wall -fstack-usage -fcyclomatic-complexity -MMD -MP -MF"Core/Src/ism330dhcx.d" -MT"Core/Src/ism330dhcx.o" --specs=nano.specs -mfpu=fpv4-sp-d16 -mfloat-abi=hard -mthumb -o "Core/Src/ism330dhcx.o"
arm-none-eabi-gcc -o "IMU_F401.elf" @"objects.list"   -mcpu=cortex-m4 -T"/home/filip/projects/stm/workspace/IMU_F401/STM32F401RETX_FLASH.ld" --specs=nosys.specs -Wl,-Map="IMU_F401.map" -Wl,--gc-sections -static --specs=nano.specs -mfpu=fpv4-sp-d16 -mfloat-abi=hard -mthumb -Wl,--start-group -lc -lm -Wl,--end-group
Finished building target: IMU_F401.elf
 
arm-none-eabi-size  IMU_F401.elf 
arm-none-eabi-objdump -h -S IMU_F401.elf  > "IMU_F401.list"
   text	   data	    bss	    dec	    hex	filename
  20040	     12	   1908	  21960	   55c8	IMU_F401.elf
Finished building: default.size.stdout
 
Finished building: IMU_F401.list
 
17:03:30 **** Incremental Build of configuration Debug for project IMU_F401 ****
make -j16 all 
arm-none-eabi-gcc "../Core/Src/ism330dhcx.c" -mcpu=cortex-m4 -std=gnu11 -g3 -DDEBUG -DUSE_HAL_DRIVER -DSTM32F401xE -c -I../Core/Inc -I../Drivers/STM32F4xx_HAL_Driver/Inc -I../Drivers/STM32F4xx_HAL_Driver/Inc/Legacy -I../Drivers/CMSIS/Device/ST/STM32F4xx/Include -I../Drivers/CMSIS/Include -O0 -ffunction-sections -fdata-sections -Wall -fstack-usage -fcyclomatic-complexity -MMD -MP -MF"Core/Src/ism330dhcx.d" -MT"Core/Src/ism330dhcx.o" --specs=nano.specs -mfpu=fpv4-sp-d16 -mfloat-abi=hard -mthumb -o "Core/Src/ism330dhcx.o"
arm-none-eabi-gcc "../Core/Src/ism330dhcx_settings.c" -mcpu=cortex-m4 -std=gnu11 -g3 -DDEBUG -DUSE_HAL_DRIVER -DSTM32F401xE -c -I../Core/Inc -I../Drivers/STM32F4xx_HAL_Driver/Inc -I../Drivers/STM32F4xx_HAL_Driver/Inc/Legacy -I../Drivers/CMSIS/Device/ST/STM32F4xx/Include -I../Drivers/CMSIS/Include -O0 -ffunction-sections -fdata-sections -Wall -fstack-usage -fcyclomatic-complexity -MMD -MP -MF"Core/Src/ism330dhcx_settings.d" -MT"Core/Src/ism330dhcx_settings.o" --specs=nano.specs -mfpu=fpv4-sp-d16 -mfloat-abi=hard -mthumb -o "Core/Src/ism330dhcx_settings.o"
arm-none-eabi-gcc "../Core/Src/ism330dhcx_utils.c" -mcpu=cortex-m4 -std=gnu11 -g3 -DDEBUG -DUSE_HAL_DRIVER -DSTM32F401xE -c -I../Core/Inc -I../Drivers/STM32F4xx_HAL_Driver/Inc -I../Drivers/STM32F4xx_HAL_Driver/Inc/Legacy -I../Drivers/CMSIS/Device/ST/STM32F4xx/Include -I../Drivers/CMSIS/Include -O0 -ffunction-sections -fdata-sections -Wall -fstack-usage -fcyclomatic-complexity -MMD -MP -MF"Core/Src/ism330dhcx_utils.d" -MT"Core/Src/ism330dhcx_utils.o" --specs=nano.specs -mfpu=fpv4-sp-d16 -mfloat-abi=hard -mthumb -o "Core/Src/ism330dhcx_utils.o"
arm-none-eabi-gcc "../Core/Src/main.c" -mcpu=cortex-m4 -std=gnu11 -g3 -DDEBUG -DUSE_HAL_DRIVER -DSTM32F401xE -c -I../Core/Inc -I../Drivers/STM32F4xx_HAL_Driver/Inc -I../Drivers/STM32F4xx_HAL_Driver/Inc/Legacy -I../Drivers/CMSIS/Device/ST/STM32F4xx/Include -I../Drivers/CMSIS/Include -O0 -ffunction-sections -fdata-sections -Wall -fstack-usage -fcyclomatic-complexity -MMD -MP -MF"Core/Src/main.d" -MT"Core/Src/main.o" --specs=nano.specs -mfpu=fpv4-sp-d16 -mfloat-abi=hard -mthumb -o "Core/Src/main.o"
arm-none-eabi-gcc "../Core/Src/stm32f4xx_hal_msp.c" -mcpu=cortex-m4 -std=gnu11 -g3 -DDEBUG -DUSE_HAL_DRIVER -DSTM32F401xE -c -I../Core/Inc -I../Drivers/STM32F4xx_HAL_Driver/Inc -I../Drivers/STM32F4xx_HAL_Driver/Inc/Legacy -I../Drivers/CMSIS/Device/ST/STM32F4xx/Include -I../Drivers/CMSIS/Include -O0 -ffunction-sections -fdata-sections -Wall -fstack-usage -fcyclomatic-complexity -MMD -MP -MF"Core/Src/stm32f4xx_hal_msp.d" -MT"Core/Src/stm32f4xx_hal_msp.o" --specs=nano.specs -mfpu=fpv4-sp-d16 -mfloat-abi=hard -mthumb -o "Core/Src/stm32f4xx_hal_msp.o"
arm-none-eabi-gcc "../Core/Src/stm32f4xx_it.c" -mcpu=cortex-m4 -std=gnu11 -g3 -DDEBUG -DUSE_HAL_DRIVER -DSTM32F401xE -c -I../Core/Inc -I../Drivers/STM32F4xx_HAL_Driver/Inc -I../Drivers/STM32F4xx_HAL_Driver/Inc/Legacy -I../Drivers/CMSIS/Device/ST/STM32F4xx/Include -I../Drivers/CMSIS/Include -O0 -ffunction-sections -fdata-sections -Wall -fstack-usage -fcyclomatic-complexity -MMD -MP -MF"Core/Src/stm32f4xx_it.d" -MT"Core/Src/stm32f4xx_it.o" --specs=nano.specs -mfpu=fpv4-sp-d16 -mfloat-abi=hard -mthumb -o "Core/Src/stm32f4xx_it.o"
arm-none-eabi-gcc -o "IMU_F401.elf" @"objects.list"   -mcpu=cortex-m4 -T"/home/filip/projects/stm/workspace/IMU_F401/STM32F401RETX_FLASH.ld" --specs=nosys.specs -Wl,-Map="IMU_F401.map" -Wl,--gc-sections -static --specs=nano.specs -mfpu=fpv4-sp-d16 -mfloat-abi=hard -mthumb -Wl,--start-group -lc -lm -Wl,--end-group
Finished building target: IMU_F401.elf
 
arm-none-eabi-size  IMU_F401.elf 
arm-none-eabi-objdump -h -S IMU_F401.elf  > "IMU_F401.list"
   text	   data	    bss	    dec	    hex	filename
  20040	     12	   1908	  21960	   55c8	IMU_F401.elf
Finished building: default.size.stdout
 
Finished building: IMU_F401.list
 
17:09:25 **** Incremental Build of configuration Debug for project IMU_F401 ****
make -j16 all 
arm-none-eabi-gcc "../Core/Src/ism330dhcx.c" -mcpu=cortex-m4 -std=gnu11 -g3 -DDEBUG -DUSE_HAL_DRIVER -DSTM32F401xE -c -I../Core/Inc -I../Drivers/STM32F4xx_HAL_Driver/Inc -I../Drivers/STM32F4xx_HAL_Driver/Inc/Legacy -I../Drivers/CMSIS/Device/ST/STM32F4xx/Include -I../Drivers/CMSIS/Include -O0 -ffunction-sections -fdata-sections -Wall -fstack-usage -fcyclomatic-complexity -MMD -MP -MF"Core/Src/ism330dhcx.d" -MT"Core/Src/ism330dhcx.o" --specs=nano.specs -mfpu=fpv4-sp-d16 -mfloat-abi=hard -mthumb -o "Core/Src/ism330dhcx.o"
../Core/Src/ism330dhcx.c: In function 'get_Axies_All':
../Core/Src/ism330dhcx.c:211:18: error: invalid type argument of '->' (have 'ISM330DHCX_Data')
  211 |         ism->data->gyroscope->angle->x += ism->data->gyroscope->raw->x * ISM_FS_GYRO_250_SENSITIVITY * ms / 1000000.0;
      |                  ^~
../Core/Src/ism330dhcx.c:211:52: error: invalid type argument of '->' (have 'ISM330DHCX_Data')
  211 |         ism->data->gyroscope->angle->x += ism->data->gyroscope->raw->x * ISM_FS_GYRO_250_SENSITIVITY * ms / 1000000.0;
      |                                                    ^~
../Core/Src/ism330dhcx.c:212:18: error: invalid type argument of '->' (have 'ISM330DHCX_Data')
  212 |         ism->data->gyroscope->angle->y += ism->data->gyroscope->raw->y * ISM_FS_GYRO_250_SENSITIVITY * ms / 1000000.0;
      |                  ^~
../Core/Src/ism330dhcx.c:212:52: error: invalid type argument of '->' (have 'ISM330DHCX_Data')
  212 |         ism->data->gyroscope->angle->y += ism->data->gyroscope->raw->y * ISM_FS_GYRO_250_SENSITIVITY * ms / 1000000.0;
      |                                                    ^~
../Core/Src/ism330dhcx.c:213:18: error: invalid type argument of '->' (have 'ISM330DHCX_Data')
  213 |         ism->data->gyroscope->angle->z += ism->data->gyroscope->raw->z * ISM_FS_GYRO_250_SENSITIVITY * ms / 1000000.0;
      |                  ^~
../Core/Src/ism330dhcx.c:213:52: error: invalid type argument of '->' (have 'ISM330DHCX_Data')
  213 |         ism->data->gyroscope->angle->z += ism->data->gyroscope->raw->z * ISM_FS_GYRO_250_SENSITIVITY * ms / 1000000.0;
      |                                                    ^~
../Core/Src/ism330dhcx.c:215:18: error: invalid type argument of '->' (have 'ISM330DHCX_Data')
  215 |         ism->data->accelerometer->acceleration->x = ism->data->accelerometer->raw->x * ISM_FS_ACC_2G_SENSITIVITY;
      |                  ^~
../Core/Src/ism330dhcx.c:215:62: error: invalid type argument of '->' (have 'ISM330DHCX_Data')
  215 |         ism->data->accelerometer->acceleration->x = ism->data->accelerometer->raw->x * ISM_FS_ACC_2G_SENSITIVITY;
      |                                                              ^~
../Core/Src/ism330dhcx.c:216:18: error: invalid type argument of '->' (have 'ISM330DHCX_Data')
  216 |         ism->data->accelerometer->acceleration->y = ism->data->accelerometer->raw->y * ISM_FS_ACC_2G_SENSITIVITY;
      |                  ^~
../Core/Src/ism330dhcx.c:216:62: error: invalid type argument of '->' (have 'ISM330DHCX_Data')
  216 |         ism->data->accelerometer->acceleration->y = ism->data->accelerometer->raw->y * ISM_FS_ACC_2G_SENSITIVITY;
      |                                                              ^~
../Core/Src/ism330dhcx.c:217:18: error: invalid type argument of '->' (have 'ISM330DHCX_Data')
  217 |         ism->data->accelerometer->acceleration->z = ism->data->accelerometer->raw->z * ISM_FS_ACC_2G_SENSITIVITY;
      |                  ^~
../Core/Src/ism330dhcx.c:217:62: error: invalid type argument of '->' (have 'ISM330DHCX_Data')
  217 |         ism->data->accelerometer->acceleration->z = ism->data->accelerometer->raw->z * ISM_FS_ACC_2G_SENSITIVITY;
      |                                                              ^~
make: *** [Core/Src/subdir.mk:43: Core/Src/ism330dhcx.o] Error 1
"make -j16 all" terminated with exit code 2. Build might be incomplete.
17:10:40 **** Incremental Build of configuration Debug for project IMU_F401 ****
make -j16 all 
arm-none-eabi-gcc "../Core/Src/ism330dhcx.c" -mcpu=cortex-m4 -std=gnu11 -g3 -DDEBUG -DUSE_HAL_DRIVER -DSTM32F401xE -c -I../Core/Inc -I../Drivers/STM32F4xx_HAL_Driver/Inc -I../Drivers/STM32F4xx_HAL_Driver/Inc/Legacy -I../Drivers/CMSIS/Device/ST/STM32F4xx/Include -I../Drivers/CMSIS/Include -O0 -ffunction-sections -fdata-sections -Wall -fstack-usage -fcyclomatic-complexity -MMD -MP -MF"Core/Src/ism330dhcx.d" -MT"Core/Src/ism330dhcx.o" --specs=nano.specs -mfpu=fpv4-sp-d16 -mfloat-abi=hard -mthumb -o "Core/Src/ism330dhcx.o"
../Core/Src/ism330dhcx.c: In function 'get_Axies_All':
../Core/Src/ism330dhcx.c:211:43: error: 'ism' is a pointer; did you mean to use '->'?
  211 |         ism->data.gyroscope.angle.x += ism.data.gyroscope.raw.x * ISM_FS_GYRO_250_SENSITIVITY * ms / 1000000.0;
      |                                           ^
      |                                           ->
../Core/Src/ism330dhcx.c:212:43: error: 'ism' is a pointer; did you mean to use '->'?
  212 |         ism->data.gyroscope.angle.y += ism.data.gyroscope.raw.y * ISM_FS_GYRO_250_SENSITIVITY * ms / 1000000.0;
      |                                           ^
      |                                           ->
../Core/Src/ism330dhcx.c:213:43: error: 'ism' is a pointer; did you mean to use '->'?
  213 |         ism->data.gyroscope.angle.z += ism.data.gyroscope.raw.z * ISM_FS_GYRO_250_SENSITIVITY * ms / 1000000.0;
      |                                           ^
      |                                           ->
make: *** [Core/Src/subdir.mk:43: Core/Src/ism330dhcx.o] Error 1
"make -j16 all" terminated with exit code 2. Build might be incomplete.
17:13:19 **** Incremental Build of configuration Debug for project IMU_F401 ****
make -j16 all 
arm-none-eabi-gcc "../Core/Src/ism330dhcx.c" -mcpu=cortex-m4 -std=gnu11 -g3 -DDEBUG -DUSE_HAL_DRIVER -DSTM32F401xE -c -I../Core/Inc -I../Drivers/STM32F4xx_HAL_Driver/Inc -I../Drivers/STM32F4xx_HAL_Driver/Inc/Legacy -I../Drivers/CMSIS/Device/ST/STM32F4xx/Include -I../Drivers/CMSIS/Include -O0 -ffunction-sections -fdata-sections -Wall -fstack-usage -fcyclomatic-complexity -MMD -MP -MF"Core/Src/ism330dhcx.d" -MT"Core/Src/ism330dhcx.o" --specs=nano.specs -mfpu=fpv4-sp-d16 -mfloat-abi=hard -mthumb -o "Core/Src/ism330dhcx.o"
arm-none-eabi-gcc -o "IMU_F401.elf" @"objects.list"   -mcpu=cortex-m4 -T"/home/filip/projects/stm/workspace/IMU_F401/STM32F401RETX_FLASH.ld" --specs=nosys.specs -Wl,-Map="IMU_F401.map" -Wl,--gc-sections -static --specs=nano.specs -mfpu=fpv4-sp-d16 -mfloat-abi=hard -mthumb -Wl,--start-group -lc -lm -Wl,--end-group
Finished building target: IMU_F401.elf
 
arm-none-eabi-size  IMU_F401.elf 
arm-none-eabi-objdump -h -S IMU_F401.elf  > "IMU_F401.list"
   text	   data	    bss	    dec	    hex	filename
  20040	     12	   1908	  21960	   55c8	IMU_F401.elf
Finished building: default.size.stdout
 
Finished building: IMU_F401.list
 
17:16:46 **** Incremental Build of configuration Debug for project IMU_F401 ****
make -j16 all 
arm-none-eabi-gcc "../Core/Src/main.c" -mcpu=cortex-m4 -std=gnu11 -g3 -DDEBUG -DUSE_HAL_DRIVER -DSTM32F401xE -c -I../Core/Inc -I../Drivers/STM32F4xx_HAL_Driver/Inc -I../Drivers/STM32F4xx_HAL_Driver/Inc/Legacy -I../Drivers/CMSIS/Device/ST/STM32F4xx/Include -I../Drivers/CMSIS/Include -O0 -ffunction-sections -fdata-sections -Wall -fstack-usage -fcyclomatic-complexity -MMD -MP -MF"Core/Src/main.d" -MT"Core/Src/main.o" --specs=nano.specs -mfpu=fpv4-sp-d16 -mfloat-abi=hard -mthumb -o "Core/Src/main.o"
arm-none-eabi-gcc -o "IMU_F401.elf" @"objects.list"   -mcpu=cortex-m4 -T"/home/filip/projects/stm/workspace/IMU_F401/STM32F401RETX_FLASH.ld" --specs=nosys.specs -Wl,-Map="IMU_F401.map" -Wl,--gc-sections -static --specs=nano.specs -mfpu=fpv4-sp-d16 -mfloat-abi=hard -mthumb -Wl,--start-group -lc -lm -Wl,--end-group
Finished building target: IMU_F401.elf
 
arm-none-eabi-size  IMU_F401.elf 
arm-none-eabi-objdump -h -S IMU_F401.elf  > "IMU_F401.list"
   text	   data	    bss	    dec	    hex	filename
  23564	     12	   1908	  25484	   638c	IMU_F401.elf
Finished building: default.size.stdout
 
Finished building: IMU_F401.list
 
17:16:50 **** Incremental Build of configuration Debug for project IMU_F401 ****
make -j16 all 
arm-none-eabi-size  IMU_F401.elf 
   text	   data	    bss	    dec	    hex	filename
  23564	     12	   1908	  25484	   638c	IMU_F401.elf
Finished building: default.size.stdout
 
17:16:59 **** Incremental Build of configuration Debug for project IMU_F401 ****
make -j16 all 
arm-none-eabi-size  IMU_F401.elf 
   text	   data	    bss	    dec	    hex	filename
  23564	     12	   1908	  25484	   638c	IMU_F401.elf
Finished building: default.size.stdout
 
17:18:11 **** Incremental Build of configuration Debug for project IMU_F401 ****
make -j16 all 
arm-none-eabi-gcc "../Core/Src/main.c" -mcpu=cortex-m4 -std=gnu11 -g3 -DDEBUG -DUSE_HAL_DRIVER -DSTM32F401xE -c -I../Core/Inc -I../Drivers/STM32F4xx_HAL_Driver/Inc -I../Drivers/STM32F4xx_HAL_Driver/Inc/Legacy -I../Drivers/CMSIS/Device/ST/STM32F4xx/Include -I../Drivers/CMSIS/Include -O0 -ffunction-sections -fdata-sections -Wall -fstack-usage -fcyclomatic-complexity -MMD -MP -MF"Core/Src/main.d" -MT"Core/Src/main.o" --specs=nano.specs -mfpu=fpv4-sp-d16 -mfloat-abi=hard -mthumb -o "Core/Src/main.o"
arm-none-eabi-gcc -o "IMU_F401.elf" @"objects.list"   -mcpu=cortex-m4 -T"/home/filip/projects/stm/workspace/IMU_F401/STM32F401RETX_FLASH.ld" --specs=nosys.specs -Wl,-Map="IMU_F401.map" -Wl,--gc-sections -static --specs=nano.specs -mfpu=fpv4-sp-d16 -mfloat-abi=hard -mthumb -Wl,--start-group -lc -lm -Wl,--end-group
Finished building target: IMU_F401.elf
 
arm-none-eabi-size  IMU_F401.elf 
arm-none-eabi-objdump -h -S IMU_F401.elf  > "IMU_F401.list"
   text	   data	    bss	    dec	    hex	filename
  23568	     12	   1908	  25488	   6390	IMU_F401.elf
Finished building: default.size.stdout
 
Finished building: IMU_F401.list
 
17:19:28 **** Incremental Build of configuration Debug for project IMU_F401 ****
make -j16 all 
arm-none-eabi-size  IMU_F401.elf 
   text	   data	    bss	    dec	    hex	filename
  23568	     12	   1908	  25488	   6390	IMU_F401.elf
Finished building: default.size.stdout
 
17:20:26 **** Incremental Build of configuration Debug for project IMU_F401 ****
make -j16 all 
arm-none-eabi-size  IMU_F401.elf 
   text	   data	    bss	    dec	    hex	filename
  23568	     12	   1908	  25488	   6390	IMU_F401.elf
Finished building: default.size.stdout
 
17:22:19 **** Incremental Build of configuration Debug for project IMU_F401 ****
make -j16 all 
arm-none-eabi-gcc "../Core/Src/ism330dhcx_utils.c" -mcpu=cortex-m4 -std=gnu11 -g3 -DDEBUG -DUSE_HAL_DRIVER -DSTM32F401xE -c -I../Core/Inc -I../Drivers/STM32F4xx_HAL_Driver/Inc -I../Drivers/STM32F4xx_HAL_Driver/Inc/Legacy -I../Drivers/CMSIS/Device/ST/STM32F4xx/Include -I../Drivers/CMSIS/Include -O0 -ffunction-sections -fdata-sections -Wall -fstack-usage -fcyclomatic-complexity -MMD -MP -MF"Core/Src/ism330dhcx_utils.d" -MT"Core/Src/ism330dhcx_utils.o" --specs=nano.specs -mfpu=fpv4-sp-d16 -mfloat-abi=hard -mthumb -o "Core/Src/ism330dhcx_utils.o"
arm-none-eabi-gcc -o "IMU_F401.elf" @"objects.list"   -mcpu=cortex-m4 -T"/home/filip/projects/stm/workspace/IMU_F401/STM32F401RETX_FLASH.ld" --specs=nosys.specs -Wl,-Map="IMU_F401.map" -Wl,--gc-sections -static --specs=nano.specs -mfpu=fpv4-sp-d16 -mfloat-abi=hard -mthumb -Wl,--start-group -lc -lm -Wl,--end-group
Finished building target: IMU_F401.elf
 
arm-none-eabi-size  IMU_F401.elf 
arm-none-eabi-objdump -h -S IMU_F401.elf  > "IMU_F401.list"
   text	   data	    bss	    dec	    hex	filename
  23572	     12	   1908	  25492	   6394	IMU_F401.elf
Finished building: default.size.stdout
 
Finished building: IMU_F401.list
 
17:26:28 **** Incremental Build of configuration Debug for project IMU_F401 ****
make -j16 all 
arm-none-eabi-gcc "../Core/Src/ism330dhcx_utils.c" -mcpu=cortex-m4 -std=gnu11 -g3 -DDEBUG -DUSE_HAL_DRIVER -DSTM32F401xE -c -I../Core/Inc -I../Drivers/STM32F4xx_HAL_Driver/Inc -I../Drivers/STM32F4xx_HAL_Driver/Inc/Legacy -I../Drivers/CMSIS/Device/ST/STM32F4xx/Include -I../Drivers/CMSIS/Include -O0 -ffunction-sections -fdata-sections -Wall -fstack-usage -fcyclomatic-complexity -MMD -MP -MF"Core/Src/ism330dhcx_utils.d" -MT"Core/Src/ism330dhcx_utils.o" --specs=nano.specs -mfpu=fpv4-sp-d16 -mfloat-abi=hard -mthumb -o "Core/Src/ism330dhcx_utils.o"
arm-none-eabi-gcc -o "IMU_F401.elf" @"objects.list"   -mcpu=cortex-m4 -T"/home/filip/projects/stm/workspace/IMU_F401/STM32F401RETX_FLASH.ld" --specs=nosys.specs -Wl,-Map="IMU_F401.map" -Wl,--gc-sections -static --specs=nano.specs -mfpu=fpv4-sp-d16 -mfloat-abi=hard -mthumb -Wl,--start-group -lc -lm -Wl,--end-group
Finished building target: IMU_F401.elf
 
arm-none-eabi-size  IMU_F401.elf 
arm-none-eabi-objdump -h -S IMU_F401.elf  > "IMU_F401.list"
   text	   data	    bss	    dec	    hex	filename
  23568	     12	   1908	  25488	   6390	IMU_F401.elf
Finished building: default.size.stdout
 
Finished building: IMU_F401.list
 
18:17:18 **** Incremental Build of configuration Debug for project IMU_F401 ****
make -j16 all 
arm-none-eabi-size  IMU_F401.elf 
   text	   data	    bss	    dec	    hex	filename
  23568	     12	   1908	  25488	   6390	IMU_F401.elf
Finished building: default.size.stdout
 
18:21:52 **** Incremental Build of configuration Debug for project IMU_F401 ****
make -j16 all 
arm-none-eabi-size  IMU_F401.elf 
   text	   data	    bss	    dec	    hex	filename
  23568	     12	   1908	  25488	   6390	IMU_F401.elf
Finished building: default.size.stdout
 
18:33:16 **** Incremental Build of configuration Debug for project IMU_F401 ****
make -j16 all 
arm-none-eabi-size  IMU_F401.elf 
   text	   data	    bss	    dec	    hex	filename
  23568	     12	   1908	  25488	   6390	IMU_F401.elf
Finished building: default.size.stdout
 
18:34:33 **** Incremental Build of configuration Debug for project IMU_F401 ****
make -j16 all 
arm-none-eabi-gcc "../Core/Src/ism330dhcx.c" -mcpu=cortex-m4 -std=gnu11 -g3 -DDEBUG -DUSE_HAL_DRIVER -DSTM32F401xE -c -I../Core/Inc -I../Drivers/STM32F4xx_HAL_Driver/Inc -I../Drivers/STM32F4xx_HAL_Driver/Inc/Legacy -I../Drivers/CMSIS/Device/ST/STM32F4xx/Include -I../Drivers/CMSIS/Include -O0 -ffunction-sections -fdata-sections -Wall -fstack-usage -fcyclomatic-complexity -MMD -MP -MF"Core/Src/ism330dhcx.d" -MT"Core/Src/ism330dhcx.o" --specs=nano.specs -mfpu=fpv4-sp-d16 -mfloat-abi=hard -mthumb -o "Core/Src/ism330dhcx.o"
arm-none-eabi-gcc -o "IMU_F401.elf" @"objects.list"   -mcpu=cortex-m4 -T"/home/filip/projects/stm/workspace/IMU_F401/STM32F401RETX_FLASH.ld" --specs=nosys.specs -Wl,-Map="IMU_F401.map" -Wl,--gc-sections -static --specs=nano.specs -mfpu=fpv4-sp-d16 -mfloat-abi=hard -mthumb -Wl,--start-group -lc -lm -Wl,--end-group
Finished building target: IMU_F401.elf
 
arm-none-eabi-size  IMU_F401.elf 
arm-none-eabi-objdump -h -S IMU_F401.elf  > "IMU_F401.list"
   text	   data	    bss	    dec	    hex	filename
  23568	     12	   1908	  25488	   6390	IMU_F401.elf
Finished building: default.size.stdout
 
Finished building: IMU_F401.list
 
18:39:49 **** Incremental Build of configuration Debug for project IMU_F401 ****
make -j16 all 
arm-none-eabi-gcc "../Core/Src/main.c" -mcpu=cortex-m4 -std=gnu11 -g3 -DDEBUG -DUSE_HAL_DRIVER -DSTM32F401xE -c -I../Core/Inc -I../Drivers/STM32F4xx_HAL_Driver/Inc -I../Drivers/STM32F4xx_HAL_Driver/Inc/Legacy -I../Drivers/CMSIS/Device/ST/STM32F4xx/Include -I../Drivers/CMSIS/Include -O0 -ffunction-sections -fdata-sections -Wall -fstack-usage -fcyclomatic-complexity -MMD -MP -MF"Core/Src/main.d" -MT"Core/Src/main.o" --specs=nano.specs -mfpu=fpv4-sp-d16 -mfloat-abi=hard -mthumb -o "Core/Src/main.o"
arm-none-eabi-gcc -o "IMU_F401.elf" @"objects.list"   -mcpu=cortex-m4 -T"/home/filip/projects/stm/workspace/IMU_F401/STM32F401RETX_FLASH.ld" --specs=nosys.specs -Wl,-Map="IMU_F401.map" -Wl,--gc-sections -static --specs=nano.specs -mfpu=fpv4-sp-d16 -mfloat-abi=hard -mthumb -Wl,--start-group -lc -lm -Wl,--end-group
Finished building target: IMU_F401.elf
 
arm-none-eabi-size  IMU_F401.elf 
arm-none-eabi-objdump -h -S IMU_F401.elf  > "IMU_F401.list"
   text	   data	    bss	    dec	    hex	filename
  23584	     16	   1904	  25504	   63a0	IMU_F401.elf
Finished building: default.size.stdout
 
Finished building: IMU_F401.list
 
18:42:42 **** Incremental Build of configuration Debug for project IMU_F401 ****
make -j16 all 
arm-none-eabi-gcc "../Core/Src/ism330dhcx.c" -mcpu=cortex-m4 -std=gnu11 -g3 -DDEBUG -DUSE_HAL_DRIVER -DSTM32F401xE -c -I../Core/Inc -I../Drivers/STM32F4xx_HAL_Driver/Inc -I../Drivers/STM32F4xx_HAL_Driver/Inc/Legacy -I../Drivers/CMSIS/Device/ST/STM32F4xx/Include -I../Drivers/CMSIS/Include -O0 -ffunction-sections -fdata-sections -Wall -fstack-usage -fcyclomatic-complexity -MMD -MP -MF"Core/Src/ism330dhcx.d" -MT"Core/Src/ism330dhcx.o" --specs=nano.specs -mfpu=fpv4-sp-d16 -mfloat-abi=hard -mthumb -o "Core/Src/ism330dhcx.o"
arm-none-eabi-gcc -o "IMU_F401.elf" @"objects.list"   -mcpu=cortex-m4 -T"/home/filip/projects/stm/workspace/IMU_F401/STM32F401RETX_FLASH.ld" --specs=nosys.specs -Wl,-Map="IMU_F401.map" -Wl,--gc-sections -static --specs=nano.specs -mfpu=fpv4-sp-d16 -mfloat-abi=hard -mthumb -Wl,--start-group -lc -lm -Wl,--end-group
Finished building target: IMU_F401.elf
 
arm-none-eabi-size  IMU_F401.elf 
arm-none-eabi-objdump -h -S IMU_F401.elf  > "IMU_F401.list"
   text	   data	    bss	    dec	    hex	filename
  23552	     16	   1904	  25472	   6380	IMU_F401.elf
Finished building: default.size.stdout
 
Finished building: IMU_F401.list
 
18:46:00 **** Incremental Build of configuration Debug for project IMU_F401 ****
make -j16 all 
arm-none-eabi-gcc "../Core/Src/ism330dhcx.c" -mcpu=cortex-m4 -std=gnu11 -g3 -DDEBUG -DUSE_HAL_DRIVER -DSTM32F401xE -c -I../Core/Inc -I../Drivers/STM32F4xx_HAL_Driver/Inc -I../Drivers/STM32F4xx_HAL_Driver/Inc/Legacy -I../Drivers/CMSIS/Device/ST/STM32F4xx/Include -I../Drivers/CMSIS/Include -O0 -ffunction-sections -fdata-sections -Wall -fstack-usage -fcyclomatic-complexity -MMD -MP -MF"Core/Src/ism330dhcx.d" -MT"Core/Src/ism330dhcx.o" --specs=nano.specs -mfpu=fpv4-sp-d16 -mfloat-abi=hard -mthumb -o "Core/Src/ism330dhcx.o"
arm-none-eabi-gcc -o "IMU_F401.elf" @"objects.list"   -mcpu=cortex-m4 -T"/home/filip/projects/stm/workspace/IMU_F401/STM32F401RETX_FLASH.ld" --specs=nosys.specs -Wl,-Map="IMU_F401.map" -Wl,--gc-sections -static --specs=nano.specs -mfpu=fpv4-sp-d16 -mfloat-abi=hard -mthumb -Wl,--start-group -lc -lm -Wl,--end-group
Finished building target: IMU_F401.elf
 
arm-none-eabi-size  IMU_F401.elf 
arm-none-eabi-objdump -h -S IMU_F401.elf  > "IMU_F401.list"
   text	   data	    bss	    dec	    hex	filename
  23584	     16	   1904	  25504	   63a0	IMU_F401.elf
Finished building: default.size.stdout
 
Finished building: IMU_F401.list
 
18:56:05 **** Incremental Build of configuration Debug for project IMU_F401 ****
make -j16 all 
arm-none-eabi-size  IMU_F401.elf 
   text	   data	    bss	    dec	    hex	filename
  23584	     16	   1904	  25504	   63a0	IMU_F401.elf
Finished building: default.size.stdout
 
18:57:31 **** Incremental Build of configuration Debug for project IMU_F401 ****
make -j16 all 
arm-none-eabi-size  IMU_F401.elf 
   text	   data	    bss	    dec	    hex	filename
  23584	     16	   1904	  25504	   63a0	IMU_F401.elf
Finished building: default.size.stdout
 
18:59:29 **** Incremental Build of configuration Debug for project IMU_F401 ****
make -j16 all 
arm-none-eabi-size  IMU_F401.elf 
   text	   data	    bss	    dec	    hex	filename
  23584	     16	   1904	  25504	   63a0	IMU_F401.elf
Finished building: default.size.stdout
 
18:59:38 **** Incremental Build of configuration Debug for project IMU_F401 ****
make -j16 all 
arm-none-eabi-size  IMU_F401.elf 
   text	   data	    bss	    dec	    hex	filename
  23584	     16	   1904	  25504	   63a0	IMU_F401.elf
Finished building: default.size.stdout
 
19:02:07 **** Incremental Build of configuration Debug for project IMU_F401 ****
make -j16 all 
arm-none-eabi-gcc "../Core/Src/ism330dhcx.c" -mcpu=cortex-m4 -std=gnu11 -g3 -DDEBUG -DUSE_HAL_DRIVER -DSTM32F401xE -c -I../Core/Inc -I../Drivers/STM32F4xx_HAL_Driver/Inc -I../Drivers/STM32F4xx_HAL_Driver/Inc/Legacy -I../Drivers/CMSIS/Device/ST/STM32F4xx/Include -I../Drivers/CMSIS/Include -O0 -ffunction-sections -fdata-sections -Wall -fstack-usage -fcyclomatic-complexity -MMD -MP -MF"Core/Src/ism330dhcx.d" -MT"Core/Src/ism330dhcx.o" --specs=nano.specs -mfpu=fpv4-sp-d16 -mfloat-abi=hard -mthumb -o "Core/Src/ism330dhcx.o"
arm-none-eabi-gcc "../Core/Src/ism330dhcx_settings.c" -mcpu=cortex-m4 -std=gnu11 -g3 -DDEBUG -DUSE_HAL_DRIVER -DSTM32F401xE -c -I../Core/Inc -I../Drivers/STM32F4xx_HAL_Driver/Inc -I../Drivers/STM32F4xx_HAL_Driver/Inc/Legacy -I../Drivers/CMSIS/Device/ST/STM32F4xx/Include -I../Drivers/CMSIS/Include -O0 -ffunction-sections -fdata-sections -Wall -fstack-usage -fcyclomatic-complexity -MMD -MP -MF"Core/Src/ism330dhcx_settings.d" -MT"Core/Src/ism330dhcx_settings.o" --specs=nano.specs -mfpu=fpv4-sp-d16 -mfloat-abi=hard -mthumb -o "Core/Src/ism330dhcx_settings.o"
arm-none-eabi-gcc "../Core/Src/ism330dhcx_utils.c" -mcpu=cortex-m4 -std=gnu11 -g3 -DDEBUG -DUSE_HAL_DRIVER -DSTM32F401xE -c -I../Core/Inc -I../Drivers/STM32F4xx_HAL_Driver/Inc -I../Drivers/STM32F4xx_HAL_Driver/Inc/Legacy -I../Drivers/CMSIS/Device/ST/STM32F4xx/Include -I../Drivers/CMSIS/Include -O0 -ffunction-sections -fdata-sections -Wall -fstack-usage -fcyclomatic-complexity -MMD -MP -MF"Core/Src/ism330dhcx_utils.d" -MT"Core/Src/ism330dhcx_utils.o" --specs=nano.specs -mfpu=fpv4-sp-d16 -mfloat-abi=hard -mthumb -o "Core/Src/ism330dhcx_utils.o"
arm-none-eabi-gcc "../Core/Src/main.c" -mcpu=cortex-m4 -std=gnu11 -g3 -DDEBUG -DUSE_HAL_DRIVER -DSTM32F401xE -c -I../Core/Inc -I../Drivers/STM32F4xx_HAL_Driver/Inc -I../Drivers/STM32F4xx_HAL_Driver/Inc/Legacy -I../Drivers/CMSIS/Device/ST/STM32F4xx/Include -I../Drivers/CMSIS/Include -O0 -ffunction-sections -fdata-sections -Wall -fstack-usage -fcyclomatic-complexity -MMD -MP -MF"Core/Src/main.d" -MT"Core/Src/main.o" --specs=nano.specs -mfpu=fpv4-sp-d16 -mfloat-abi=hard -mthumb -o "Core/Src/main.o"
arm-none-eabi-gcc "../Core/Src/stm32f4xx_hal_msp.c" -mcpu=cortex-m4 -std=gnu11 -g3 -DDEBUG -DUSE_HAL_DRIVER -DSTM32F401xE -c -I../Core/Inc -I../Drivers/STM32F4xx_HAL_Driver/Inc -I../Drivers/STM32F4xx_HAL_Driver/Inc/Legacy -I../Drivers/CMSIS/Device/ST/STM32F4xx/Include -I../Drivers/CMSIS/Include -O0 -ffunction-sections -fdata-sections -Wall -fstack-usage -fcyclomatic-complexity -MMD -MP -MF"Core/Src/stm32f4xx_hal_msp.d" -MT"Core/Src/stm32f4xx_hal_msp.o" --specs=nano.specs -mfpu=fpv4-sp-d16 -mfloat-abi=hard -mthumb -o "Core/Src/stm32f4xx_hal_msp.o"
arm-none-eabi-gcc "../Core/Src/stm32f4xx_it.c" -mcpu=cortex-m4 -std=gnu11 -g3 -DDEBUG -DUSE_HAL_DRIVER -DSTM32F401xE -c -I../Core/Inc -I../Drivers/STM32F4xx_HAL_Driver/Inc -I../Drivers/STM32F4xx_HAL_Driver/Inc/Legacy -I../Drivers/CMSIS/Device/ST/STM32F4xx/Include -I../Drivers/CMSIS/Include -O0 -ffunction-sections -fdata-sections -Wall -fstack-usage -fcyclomatic-complexity -MMD -MP -MF"Core/Src/stm32f4xx_it.d" -MT"Core/Src/stm32f4xx_it.o" --specs=nano.specs -mfpu=fpv4-sp-d16 -mfloat-abi=hard -mthumb -o "Core/Src/stm32f4xx_it.o"
arm-none-eabi-gcc -o "IMU_F401.elf" @"objects.list"   -mcpu=cortex-m4 -T"/home/filip/projects/stm/workspace/IMU_F401/STM32F401RETX_FLASH.ld" --specs=nosys.specs -Wl,-Map="IMU_F401.map" -Wl,--gc-sections -static --specs=nano.specs -mfpu=fpv4-sp-d16 -mfloat-abi=hard -mthumb -Wl,--start-group -lc -lm -Wl,--end-group
Finished building target: IMU_F401.elf
 
arm-none-eabi-size  IMU_F401.elf 
arm-none-eabi-objdump -h -S IMU_F401.elf  > "IMU_F401.list"
   text	   data	    bss	    dec	    hex	filename
  23584	     16	   1904	  25504	   63a0	IMU_F401.elf
Finished building: default.size.stdout
 
Finished building: IMU_F401.list
 
19:02:50 **** Incremental Build of configuration Debug for project IMU_F401 ****
make -j16 all 
arm-none-eabi-size  IMU_F401.elf 
   text	   data	    bss	    dec	    hex	filename
  23584	     16	   1904	  25504	   63a0	IMU_F401.elf
Finished building: default.size.stdout
 
19:06:41 **** Incremental Build of configuration Debug for project IMU_F401 ****
make -j16 all 
arm-none-eabi-gcc "../Core/Src/ism330dhcx.c" -mcpu=cortex-m4 -std=gnu11 -g3 -DDEBUG -DUSE_HAL_DRIVER -DSTM32F401xE -c -I../Core/Inc -I../Drivers/STM32F4xx_HAL_Driver/Inc -I../Drivers/STM32F4xx_HAL_Driver/Inc/Legacy -I../Drivers/CMSIS/Device/ST/STM32F4xx/Include -I../Drivers/CMSIS/Include -O0 -ffunction-sections -fdata-sections -Wall -fstack-usage -fcyclomatic-complexity -MMD -MP -MF"Core/Src/ism330dhcx.d" -MT"Core/Src/ism330dhcx.o" --specs=nano.specs -mfpu=fpv4-sp-d16 -mfloat-abi=hard -mthumb -o "Core/Src/ism330dhcx.o"
arm-none-eabi-gcc "../Core/Src/ism330dhcx_settings.c" -mcpu=cortex-m4 -std=gnu11 -g3 -DDEBUG -DUSE_HAL_DRIVER -DSTM32F401xE -c -I../Core/Inc -I../Drivers/STM32F4xx_HAL_Driver/Inc -I../Drivers/STM32F4xx_HAL_Driver/Inc/Legacy -I../Drivers/CMSIS/Device/ST/STM32F4xx/Include -I../Drivers/CMSIS/Include -O0 -ffunction-sections -fdata-sections -Wall -fstack-usage -fcyclomatic-complexity -MMD -MP -MF"Core/Src/ism330dhcx_settings.d" -MT"Core/Src/ism330dhcx_settings.o" --specs=nano.specs -mfpu=fpv4-sp-d16 -mfloat-abi=hard -mthumb -o "Core/Src/ism330dhcx_settings.o"
arm-none-eabi-gcc "../Core/Src/ism330dhcx_utils.c" -mcpu=cortex-m4 -std=gnu11 -g3 -DDEBUG -DUSE_HAL_DRIVER -DSTM32F401xE -c -I../Core/Inc -I../Drivers/STM32F4xx_HAL_Driver/Inc -I../Drivers/STM32F4xx_HAL_Driver/Inc/Legacy -I../Drivers/CMSIS/Device/ST/STM32F4xx/Include -I../Drivers/CMSIS/Include -O0 -ffunction-sections -fdata-sections -Wall -fstack-usage -fcyclomatic-complexity -MMD -MP -MF"Core/Src/ism330dhcx_utils.d" -MT"Core/Src/ism330dhcx_utils.o" --specs=nano.specs -mfpu=fpv4-sp-d16 -mfloat-abi=hard -mthumb -o "Core/Src/ism330dhcx_utils.o"
arm-none-eabi-gcc "../Core/Src/main.c" -mcpu=cortex-m4 -std=gnu11 -g3 -DDEBUG -DUSE_HAL_DRIVER -DSTM32F401xE -c -I../Core/Inc -I../Drivers/STM32F4xx_HAL_Driver/Inc -I../Drivers/STM32F4xx_HAL_Driver/Inc/Legacy -I../Drivers/CMSIS/Device/ST/STM32F4xx/Include -I../Drivers/CMSIS/Include -O0 -ffunction-sections -fdata-sections -Wall -fstack-usage -fcyclomatic-complexity -MMD -MP -MF"Core/Src/main.d" -MT"Core/Src/main.o" --specs=nano.specs -mfpu=fpv4-sp-d16 -mfloat-abi=hard -mthumb -o "Core/Src/main.o"
arm-none-eabi-gcc "../Core/Src/stm32f4xx_hal_msp.c" -mcpu=cortex-m4 -std=gnu11 -g3 -DDEBUG -DUSE_HAL_DRIVER -DSTM32F401xE -c -I../Core/Inc -I../Drivers/STM32F4xx_HAL_Driver/Inc -I../Drivers/STM32F4xx_HAL_Driver/Inc/Legacy -I../Drivers/CMSIS/Device/ST/STM32F4xx/Include -I../Drivers/CMSIS/Include -O0 -ffunction-sections -fdata-sections -Wall -fstack-usage -fcyclomatic-complexity -MMD -MP -MF"Core/Src/stm32f4xx_hal_msp.d" -MT"Core/Src/stm32f4xx_hal_msp.o" --specs=nano.specs -mfpu=fpv4-sp-d16 -mfloat-abi=hard -mthumb -o "Core/Src/stm32f4xx_hal_msp.o"
arm-none-eabi-gcc "../Core/Src/stm32f4xx_it.c" -mcpu=cortex-m4 -std=gnu11 -g3 -DDEBUG -DUSE_HAL_DRIVER -DSTM32F401xE -c -I../Core/Inc -I../Drivers/STM32F4xx_HAL_Driver/Inc -I../Drivers/STM32F4xx_HAL_Driver/Inc/Legacy -I../Drivers/CMSIS/Device/ST/STM32F4xx/Include -I../Drivers/CMSIS/Include -O0 -ffunction-sections -fdata-sections -Wall -fstack-usage -fcyclomatic-complexity -MMD -MP -MF"Core/Src/stm32f4xx_it.d" -MT"Core/Src/stm32f4xx_it.o" --specs=nano.specs -mfpu=fpv4-sp-d16 -mfloat-abi=hard -mthumb -o "Core/Src/stm32f4xx_it.o"
arm-none-eabi-gcc -o "IMU_F401.elf" @"objects.list"   -mcpu=cortex-m4 -T"/home/filip/projects/stm/workspace/IMU_F401/STM32F401RETX_FLASH.ld" --specs=nosys.specs -Wl,-Map="IMU_F401.map" -Wl,--gc-sections -static --specs=nano.specs -mfpu=fpv4-sp-d16 -mfloat-abi=hard -mthumb -Wl,--start-group -lc -lm -Wl,--end-group
Finished building target: IMU_F401.elf
 
arm-none-eabi-size  IMU_F401.elf 
arm-none-eabi-objdump -h -S IMU_F401.elf  > "IMU_F401.list"
   text	   data	    bss	    dec	    hex	filename
  23584	     16	   1904	  25504	   63a0	IMU_F401.elf
Finished building: default.size.stdout
 
Finished building: IMU_F401.list
 
23:37:02 **** Incremental Build of configuration Debug for project IMU_F401 ****
make -j16 all 
arm-none-eabi-gcc "../Core/Src/ism330dhcx.c" -mcpu=cortex-m4 -std=gnu11 -g3 -DDEBUG -DUSE_HAL_DRIVER -DSTM32F401xE -c -I../Core/Inc -I../Drivers/STM32F4xx_HAL_Driver/Inc -I../Drivers/STM32F4xx_HAL_Driver/Inc/Legacy -I../Drivers/CMSIS/Device/ST/STM32F4xx/Include -I../Drivers/CMSIS/Include -O0 -ffunction-sections -fdata-sections -Wall -fstack-usage -fcyclomatic-complexity -MMD -MP -MF"Core/Src/ism330dhcx.d" -MT"Core/Src/ism330dhcx.o" --specs=nano.specs -mfpu=fpv4-sp-d16 -mfloat-abi=hard -mthumb -o "Core/Src/ism330dhcx.o"
arm-none-eabi-gcc "../Core/Src/ism330dhcx_settings.c" -mcpu=cortex-m4 -std=gnu11 -g3 -DDEBUG -DUSE_HAL_DRIVER -DSTM32F401xE -c -I../Core/Inc -I../Drivers/STM32F4xx_HAL_Driver/Inc -I../Drivers/STM32F4xx_HAL_Driver/Inc/Legacy -I../Drivers/CMSIS/Device/ST/STM32F4xx/Include -I../Drivers/CMSIS/Include -O0 -ffunction-sections -fdata-sections -Wall -fstack-usage -fcyclomatic-complexity -MMD -MP -MF"Core/Src/ism330dhcx_settings.d" -MT"Core/Src/ism330dhcx_settings.o" --specs=nano.specs -mfpu=fpv4-sp-d16 -mfloat-abi=hard -mthumb -o "Core/Src/ism330dhcx_settings.o"
arm-none-eabi-gcc "../Core/Src/ism330dhcx_utils.c" -mcpu=cortex-m4 -std=gnu11 -g3 -DDEBUG -DUSE_HAL_DRIVER -DSTM32F401xE -c -I../Core/Inc -I../Drivers/STM32F4xx_HAL_Driver/Inc -I../Drivers/STM32F4xx_HAL_Driver/Inc/Legacy -I../Drivers/CMSIS/Device/ST/STM32F4xx/Include -I../Drivers/CMSIS/Include -O0 -ffunction-sections -fdata-sections -Wall -fstack-usage -fcyclomatic-complexity -MMD -MP -MF"Core/Src/ism330dhcx_utils.d" -MT"Core/Src/ism330dhcx_utils.o" --specs=nano.specs -mfpu=fpv4-sp-d16 -mfloat-abi=hard -mthumb -o "Core/Src/ism330dhcx_utils.o"
arm-none-eabi-gcc "../Core/Src/main.c" -mcpu=cortex-m4 -std=gnu11 -g3 -DDEBUG -DUSE_HAL_DRIVER -DSTM32F401xE -c -I../Core/Inc -I../Drivers/STM32F4xx_HAL_Driver/Inc -I../Drivers/STM32F4xx_HAL_Driver/Inc/Legacy -I../Drivers/CMSIS/Device/ST/STM32F4xx/Include -I../Drivers/CMSIS/Include -O0 -ffunction-sections -fdata-sections -Wall -fstack-usage -fcyclomatic-complexity -MMD -MP -MF"Core/Src/main.d" -MT"Core/Src/main.o" --specs=nano.specs -mfpu=fpv4-sp-d16 -mfloat-abi=hard -mthumb -o "Core/Src/main.o"
arm-none-eabi-gcc "../Core/Src/stm32f4xx_hal_msp.c" -mcpu=cortex-m4 -std=gnu11 -g3 -DDEBUG -DUSE_HAL_DRIVER -DSTM32F401xE -c -I../Core/Inc -I../Drivers/STM32F4xx_HAL_Driver/Inc -I../Drivers/STM32F4xx_HAL_Driver/Inc/Legacy -I../Drivers/CMSIS/Device/ST/STM32F4xx/Include -I../Drivers/CMSIS/Include -O0 -ffunction-sections -fdata-sections -Wall -fstack-usage -fcyclomatic-complexity -MMD -MP -MF"Core/Src/stm32f4xx_hal_msp.d" -MT"Core/Src/stm32f4xx_hal_msp.o" --specs=nano.specs -mfpu=fpv4-sp-d16 -mfloat-abi=hard -mthumb -o "Core/Src/stm32f4xx_hal_msp.o"
arm-none-eabi-gcc "../Core/Src/stm32f4xx_it.c" -mcpu=cortex-m4 -std=gnu11 -g3 -DDEBUG -DUSE_HAL_DRIVER -DSTM32F401xE -c -I../Core/Inc -I../Drivers/STM32F4xx_HAL_Driver/Inc -I../Drivers/STM32F4xx_HAL_Driver/Inc/Legacy -I../Drivers/CMSIS/Device/ST/STM32F4xx/Include -I../Drivers/CMSIS/Include -O0 -ffunction-sections -fdata-sections -Wall -fstack-usage -fcyclomatic-complexity -MMD -MP -MF"Core/Src/stm32f4xx_it.d" -MT"Core/Src/stm32f4xx_it.o" --specs=nano.specs -mfpu=fpv4-sp-d16 -mfloat-abi=hard -mthumb -o "Core/Src/stm32f4xx_it.o"
arm-none-eabi-gcc -o "IMU_F401.elf" @"objects.list"   -mcpu=cortex-m4 -T"/home/filip/projects/stm/workspace/IMU_F401/STM32F401RETX_FLASH.ld" --specs=nosys.specs -Wl,-Map="IMU_F401.map" -Wl,--gc-sections -static --specs=nano.specs -mfpu=fpv4-sp-d16 -mfloat-abi=hard -mthumb -Wl,--start-group -lc -lm -Wl,--end-group
Finished building target: IMU_F401.elf
 
arm-none-eabi-size  IMU_F401.elf 
arm-none-eabi-objdump -h -S IMU_F401.elf  > "IMU_F401.list"
   text	   data	    bss	    dec	    hex	filename
  23152	     16	   1904	  25072	   61f0	IMU_F401.elf
Finished building: default.size.stdout
 
Finished building: IMU_F401.list
 
23:39:48 **** Incremental Build of configuration Debug for project IMU_F401 ****
make -j16 all 
arm-none-eabi-gcc "../Core/Src/ism330dhcx.c" -mcpu=cortex-m4 -std=gnu11 -g3 -DDEBUG -DUSE_HAL_DRIVER -DSTM32F401xE -c -I../Core/Inc -I../Drivers/STM32F4xx_HAL_Driver/Inc -I../Drivers/STM32F4xx_HAL_Driver/Inc/Legacy -I../Drivers/CMSIS/Device/ST/STM32F4xx/Include -I../Drivers/CMSIS/Include -O0 -ffunction-sections -fdata-sections -Wall -fstack-usage -fcyclomatic-complexity -MMD -MP -MF"Core/Src/ism330dhcx.d" -MT"Core/Src/ism330dhcx.o" --specs=nano.specs -mfpu=fpv4-sp-d16 -mfloat-abi=hard -mthumb -o "Core/Src/ism330dhcx.o"
arm-none-eabi-gcc -o "IMU_F401.elf" @"objects.list"   -mcpu=cortex-m4 -T"/home/filip/projects/stm/workspace/IMU_F401/STM32F401RETX_FLASH.ld" --specs=nosys.specs -Wl,-Map="IMU_F401.map" -Wl,--gc-sections -static --specs=nano.specs -mfpu=fpv4-sp-d16 -mfloat-abi=hard -mthumb -Wl,--start-group -lc -lm -Wl,--end-group
Finished building target: IMU_F401.elf
 
arm-none-eabi-size  IMU_F401.elf 
arm-none-eabi-objdump -h -S IMU_F401.elf  > "IMU_F401.list"
   text	   data	    bss	    dec	    hex	filename
  23152	     16	   1904	  25072	   61f0	IMU_F401.elf
Finished building: default.size.stdout
 
Finished building: IMU_F401.list
 
23:43:08 **** Incremental Build of configuration Debug for project IMU_F401 ****
make -j16 all 
arm-none-eabi-gcc "../Core/Src/ism330dhcx.c" -mcpu=cortex-m4 -std=gnu11 -g3 -DDEBUG -DUSE_HAL_DRIVER -DSTM32F401xE -c -I../Core/Inc -I../Drivers/STM32F4xx_HAL_Driver/Inc -I../Drivers/STM32F4xx_HAL_Driver/Inc/Legacy -I../Drivers/CMSIS/Device/ST/STM32F4xx/Include -I../Drivers/CMSIS/Include -O0 -ffunction-sections -fdata-sections -Wall -fstack-usage -fcyclomatic-complexity -MMD -MP -MF"Core/Src/ism330dhcx.d" -MT"Core/Src/ism330dhcx.o" --specs=nano.specs -mfpu=fpv4-sp-d16 -mfloat-abi=hard -mthumb -o "Core/Src/ism330dhcx.o"
arm-none-eabi-gcc -o "IMU_F401.elf" @"objects.list"   -mcpu=cortex-m4 -T"/home/filip/projects/stm/workspace/IMU_F401/STM32F401RETX_FLASH.ld" --specs=nosys.specs -Wl,-Map="IMU_F401.map" -Wl,--gc-sections -static --specs=nano.specs -mfpu=fpv4-sp-d16 -mfloat-abi=hard -mthumb -Wl,--start-group -lc -lm -Wl,--end-group
Finished building target: IMU_F401.elf
 
arm-none-eabi-size  IMU_F401.elf 
arm-none-eabi-objdump -h -S IMU_F401.elf  > "IMU_F401.list"
   text	   data	    bss	    dec	    hex	filename
  23212	     16	   1904	  25132	   622c	IMU_F401.elf
Finished building: default.size.stdout
 
Finished building: IMU_F401.list
 
23:47:24 **** Incremental Build of configuration Debug for project IMU_F401 ****
make -j16 all 
arm-none-eabi-gcc "../Core/Src/ism330dhcx.c" -mcpu=cortex-m4 -std=gnu11 -g3 -DDEBUG -DUSE_HAL_DRIVER -DSTM32F401xE -c -I../Core/Inc -I../Drivers/STM32F4xx_HAL_Driver/Inc -I../Drivers/STM32F4xx_HAL_Driver/Inc/Legacy -I../Drivers/CMSIS/Device/ST/STM32F4xx/Include -I../Drivers/CMSIS/Include -O0 -ffunction-sections -fdata-sections -Wall -fstack-usage -fcyclomatic-complexity -MMD -MP -MF"Core/Src/ism330dhcx.d" -MT"Core/Src/ism330dhcx.o" --specs=nano.specs -mfpu=fpv4-sp-d16 -mfloat-abi=hard -mthumb -o "Core/Src/ism330dhcx.o"
arm-none-eabi-gcc -o "IMU_F401.elf" @"objects.list"   -mcpu=cortex-m4 -T"/home/filip/projects/stm/workspace/IMU_F401/STM32F401RETX_FLASH.ld" --specs=nosys.specs -Wl,-Map="IMU_F401.map" -Wl,--gc-sections -static --specs=nano.specs -mfpu=fpv4-sp-d16 -mfloat-abi=hard -mthumb -Wl,--start-group -lc -lm -Wl,--end-group
Finished building target: IMU_F401.elf
 
arm-none-eabi-size  IMU_F401.elf 
arm-none-eabi-objdump -h -S IMU_F401.elf  > "IMU_F401.list"
   text	   data	    bss	    dec	    hex	filename
  23244	     16	   1904	  25164	   624c	IMU_F401.elf
Finished building: default.size.stdout
 
Finished building: IMU_F401.list
 
23:50:29 **** Incremental Build of configuration Debug for project IMU_F401 ****
make -j16 all 
arm-none-eabi-gcc "../Core/Src/ism330dhcx.c" -mcpu=cortex-m4 -std=gnu11 -g3 -DDEBUG -DUSE_HAL_DRIVER -DSTM32F401xE -c -I../Core/Inc -I../Drivers/STM32F4xx_HAL_Driver/Inc -I../Drivers/STM32F4xx_HAL_Driver/Inc/Legacy -I../Drivers/CMSIS/Device/ST/STM32F4xx/Include -I../Drivers/CMSIS/Include -O0 -ffunction-sections -fdata-sections -Wall -fstack-usage -fcyclomatic-complexity -MMD -MP -MF"Core/Src/ism330dhcx.d" -MT"Core/Src/ism330dhcx.o" --specs=nano.specs -mfpu=fpv4-sp-d16 -mfloat-abi=hard -mthumb -o "Core/Src/ism330dhcx.o"
arm-none-eabi-gcc -o "IMU_F401.elf" @"objects.list"   -mcpu=cortex-m4 -T"/home/filip/projects/stm/workspace/IMU_F401/STM32F401RETX_FLASH.ld" --specs=nosys.specs -Wl,-Map="IMU_F401.map" -Wl,--gc-sections -static --specs=nano.specs -mfpu=fpv4-sp-d16 -mfloat-abi=hard -mthumb -Wl,--start-group -lc -lm -Wl,--end-group
Finished building target: IMU_F401.elf
 
arm-none-eabi-size  IMU_F401.elf 
arm-none-eabi-objdump -h -S IMU_F401.elf  > "IMU_F401.list"
   text	   data	    bss	    dec	    hex	filename
  23276	     16	   1904	  25196	   626c	IMU_F401.elf
Finished building: default.size.stdout
 
Finished building: IMU_F401.list
 
23:59:11 **** Incremental Build of configuration Debug for project IMU_F401 ****
make -j16 all 
arm-none-eabi-gcc "../Core/Src/ism330dhcx.c" -mcpu=cortex-m4 -std=gnu11 -g3 -DDEBUG -DUSE_HAL_DRIVER -DSTM32F401xE -c -I../Core/Inc -I../Drivers/STM32F4xx_HAL_Driver/Inc -I../Drivers/STM32F4xx_HAL_Driver/Inc/Legacy -I../Drivers/CMSIS/Device/ST/STM32F4xx/Include -I../Drivers/CMSIS/Include -O0 -ffunction-sections -fdata-sections -Wall -fstack-usage -fcyclomatic-complexity -MMD -MP -MF"Core/Src/ism330dhcx.d" -MT"Core/Src/ism330dhcx.o" --specs=nano.specs -mfpu=fpv4-sp-d16 -mfloat-abi=hard -mthumb -o "Core/Src/ism330dhcx.o"
arm-none-eabi-gcc -o "IMU_F401.elf" @"objects.list"   -mcpu=cortex-m4 -T"/home/filip/projects/stm/workspace/IMU_F401/STM32F401RETX_FLASH.ld" --specs=nosys.specs -Wl,-Map="IMU_F401.map" -Wl,--gc-sections -static --specs=nano.specs -mfpu=fpv4-sp-d16 -mfloat-abi=hard -mthumb -Wl,--start-group -lc -lm -Wl,--end-group
Finished building target: IMU_F401.elf
 
arm-none-eabi-size  IMU_F401.elf 
arm-none-eabi-objdump -h -S IMU_F401.elf  > "IMU_F401.list"
   text	   data	    bss	    dec	    hex	filename
  23300	     16	   1904	  25220	   6284	IMU_F401.elf
Finished building: default.size.stdout
 
Finished building: IMU_F401.list
 
00:05:53 **** Incremental Build of configuration Debug for project IMU_F401 ****
make -j16 all 
arm-none-eabi-gcc "../Core/Src/main.c" -mcpu=cortex-m4 -std=gnu11 -g3 -DDEBUG -DUSE_HAL_DRIVER -DSTM32F401xE -c -I../Core/Inc -I../Drivers/STM32F4xx_HAL_Driver/Inc -I../Drivers/STM32F4xx_HAL_Driver/Inc/Legacy -I../Drivers/CMSIS/Device/ST/STM32F4xx/Include -I../Drivers/CMSIS/Include -O0 -ffunction-sections -fdata-sections -Wall -fstack-usage -fcyclomatic-complexity -MMD -MP -MF"Core/Src/main.d" -MT"Core/Src/main.o" --specs=nano.specs -mfpu=fpv4-sp-d16 -mfloat-abi=hard -mthumb -o "Core/Src/main.o"
../Core/Src/main.c: In function 'main':
../Core/Src/main.c:74:27: warning: variable 'status' set but not used [-Wunused-but-set-variable]
   74 |         ISM330DHCX_Status status = ISM_NONE;
      |                           ^~~~~~
arm-none-eabi-gcc -o "IMU_F401.elf" @"objects.list"   -mcpu=cortex-m4 -T"/home/filip/projects/stm/workspace/IMU_F401/STM32F401RETX_FLASH.ld" --specs=nosys.specs -Wl,-Map="IMU_F401.map" -Wl,--gc-sections -static --specs=nano.specs -mfpu=fpv4-sp-d16 -mfloat-abi=hard -mthumb -Wl,--start-group -lc -lm -Wl,--end-group
Finished building target: IMU_F401.elf
 
arm-none-eabi-size  IMU_F401.elf 
arm-none-eabi-objdump -h -S IMU_F401.elf  > "IMU_F401.list"
   text	   data	    bss	    dec	    hex	filename
  23248	     12	   1908	  25168	   6250	IMU_F401.elf
Finished building: default.size.stdout
 
Finished building: IMU_F401.list
 
23:41:53 **** Build of configuration Debug for project IMU_F401 ****
make -j16 all 
arm-none-eabi-gcc "../Core/Src/ism330dhcx.c" -mcpu=cortex-m4 -std=gnu11 -g3 -DDEBUG -DUSE_HAL_DRIVER -DSTM32F401xE -c -I../Core/Inc -I../Drivers/STM32F4xx_HAL_Driver/Inc -I../Drivers/STM32F4xx_HAL_Driver/Inc/Legacy -I../Drivers/CMSIS/Device/ST/STM32F4xx/Include -I../Drivers/CMSIS/Include -O0 -ffunction-sections -fdata-sections -Wall -fstack-usage -fcyclomatic-complexity -MMD -MP -MF"Core/Src/ism330dhcx.d" -MT"Core/Src/ism330dhcx.o" --specs=nano.specs -mfpu=fpv4-sp-d16 -mfloat-abi=hard -mthumb -o "Core/Src/ism330dhcx.o"
arm-none-eabi-gcc "../Core/Src/main.c" -mcpu=cortex-m4 -std=gnu11 -g3 -DDEBUG -DUSE_HAL_DRIVER -DSTM32F401xE -c -I../Core/Inc -I../Drivers/STM32F4xx_HAL_Driver/Inc -I../Drivers/STM32F4xx_HAL_Driver/Inc/Legacy -I../Drivers/CMSIS/Device/ST/STM32F4xx/Include -I../Drivers/CMSIS/Include -O0 -ffunction-sections -fdata-sections -Wall -fstack-usage -fcyclomatic-complexity -MMD -MP -MF"Core/Src/main.d" -MT"Core/Src/main.o" --specs=nano.specs -mfpu=fpv4-sp-d16 -mfloat-abi=hard -mthumb -o "Core/Src/main.o"
arm-none-eabi-gcc "../Core/Src/stm32f4xx_hal_msp.c" -mcpu=cortex-m4 -std=gnu11 -g3 -DDEBUG -DUSE_HAL_DRIVER -DSTM32F401xE -c -I../Core/Inc -I../Drivers/STM32F4xx_HAL_Driver/Inc -I../Drivers/STM32F4xx_HAL_Driver/Inc/Legacy -I../Drivers/CMSIS/Device/ST/STM32F4xx/Include -I../Drivers/CMSIS/Include -O0 -ffunction-sections -fdata-sections -Wall -fstack-usage -fcyclomatic-complexity -MMD -MP -MF"Core/Src/stm32f4xx_hal_msp.d" -MT"Core/Src/stm32f4xx_hal_msp.o" --specs=nano.specs -mfpu=fpv4-sp-d16 -mfloat-abi=hard -mthumb -o "Core/Src/stm32f4xx_hal_msp.o"
arm-none-eabi-gcc "../Core/Src/stm32f4xx_it.c" -mcpu=cortex-m4 -std=gnu11 -g3 -DDEBUG -DUSE_HAL_DRIVER -DSTM32F401xE -c -I../Core/Inc -I../Drivers/STM32F4xx_HAL_Driver/Inc -I../Drivers/STM32F4xx_HAL_Driver/Inc/Legacy -I../Drivers/CMSIS/Device/ST/STM32F4xx/Include -I../Drivers/CMSIS/Include -O0 -ffunction-sections -fdata-sections -Wall -fstack-usage -fcyclomatic-complexity -MMD -MP -MF"Core/Src/stm32f4xx_it.d" -MT"Core/Src/stm32f4xx_it.o" --specs=nano.specs -mfpu=fpv4-sp-d16 -mfloat-abi=hard -mthumb -o "Core/Src/stm32f4xx_it.o"
../Core/Src/main.c: In function 'main':
../Core/Src/main.c:74:27: warning: variable 'status' set but not used [-Wunused-but-set-variable]
   74 |         ISM330DHCX_Status status = ISM_NONE;
      |                           ^~~~~~
../Core/Src/ism330dhcx.c: In function 'get_Axies_All':
../Core/Src/ism330dhcx.c:129:9: error: too many arguments to function 'convert_Raw'
  129 |         convert_Raw(ism, ms);
      |         ^~~~~~~~~~~
In file included from ../Core/Src/ism330dhcx.c:8:
../Core/Inc/ism330dhcx.h:35:19: note: declared here
   35 | ISM330DHCX_Status convert_Raw(ISM330DHCX* ism);
      |                   ^~~~~~~~~~~
../Core/Src/ism330dhcx.c: At top level:
../Core/Src/ism330dhcx.c:143:19: error: conflicting types for 'convert_Raw'; have 'ISM330DHCX_Status(ISM330DHCX *, uint8_t)' {aka 'ISM330DHCX_Status(ISM330DHCX *, unsigned char)'}
  143 | ISM330DHCX_Status convert_Raw(ISM330DHCX* ism, uint8_t ms){
      |                   ^~~~~~~~~~~
../Core/Inc/ism330dhcx.h:35:19: note: previous declaration of 'convert_Raw' with type 'ISM330DHCX_Status(ISM330DHCX *)'
   35 | ISM330DHCX_Status convert_Raw(ISM330DHCX* ism);
      |                   ^~~~~~~~~~~
../Core/Src/ism330dhcx.c: In function 'convert_Raw':
../Core/Src/ism330dhcx.c:144:9: error: too many arguments to function 'convert_Raw_Gyroscope'
  144 |         convert_Raw_Gyroscope(ism, ms);
      |         ^~~~~~~~~~~~~~~~~~~~~
../Core/Inc/ism330dhcx.h:36:19: note: declared here
   36 | ISM330DHCX_Status convert_Raw_Gyroscope(ISM330DHCX* ism);
      |                   ^~~~~~~~~~~~~~~~~~~~~
../Core/Src/ism330dhcx.c:145:9: error: too many arguments to function 'convert_Raw_Accelerometer'
  145 |         convert_Raw_Accelerometer(ism, ms);
      |         ^~~~~~~~~~~~~~~~~~~~~~~~~
../Core/Inc/ism330dhcx.h:37:19: note: declared here
   37 | ISM330DHCX_Status convert_Raw_Accelerometer(ISM330DHCX* ism);
      |                   ^~~~~~~~~~~~~~~~~~~~~~~~~
../Core/Src/ism330dhcx.c: At top level:
../Core/Src/ism330dhcx.c:150:19: error: conflicting types for 'convert_Raw_Accelerometer'; have 'ISM330DHCX_Status(ISM330DHCX *, uint8_t)' {aka 'ISM330DHCX_Status(ISM330DHCX *, unsigned char)'}
  150 | ISM330DHCX_Status convert_Raw_Accelerometer(ISM330DHCX* ism, uint8_t ms){
      |                   ^~~~~~~~~~~~~~~~~~~~~~~~~
../Core/Inc/ism330dhcx.h:37:19: note: previous declaration of 'convert_Raw_Accelerometer' with type 'ISM330DHCX_Status(ISM330DHCX *)'
   37 | ISM330DHCX_Status convert_Raw_Accelerometer(ISM330DHCX* ism);
      |                   ^~~~~~~~~~~~~~~~~~~~~~~~~
../Core/Src/ism330dhcx.c:164:19: error: conflicting types for 'convert_Raw_Gyroscope'; have 'ISM330DHCX_Status(ISM330DHCX *, uint8_t)' {aka 'ISM330DHCX_Status(ISM330DHCX *, unsigned char)'}
  164 | ISM330DHCX_Status convert_Raw_Gyroscope(ISM330DHCX* ism, uint8_t ms){
      |                   ^~~~~~~~~~~~~~~~~~~~~
../Core/Inc/ism330dhcx.h:36:19: note: previous declaration of 'convert_Raw_Gyroscope' with type 'ISM330DHCX_Status(ISM330DHCX *)'
   36 | ISM330DHCX_Status convert_Raw_Gyroscope(ISM330DHCX* ism);
      |                   ^~~~~~~~~~~~~~~~~~~~~
make: *** [Core/Src/subdir.mk:43: Core/Src/ism330dhcx.o] Error 1
make: *** Waiting for unfinished jobs....
"make -j16 all" terminated with exit code 2. Build might be incomplete.
23:42:38 **** Incremental Build of configuration Debug for project IMU_F401 ****
make -j16 all 
arm-none-eabi-gcc "../Core/Src/ism330dhcx.c" -mcpu=cortex-m4 -std=gnu11 -g3 -DDEBUG -DUSE_HAL_DRIVER -DSTM32F401xE -c -I../Core/Inc -I../Drivers/STM32F4xx_HAL_Driver/Inc -I../Drivers/STM32F4xx_HAL_Driver/Inc/Legacy -I../Drivers/CMSIS/Device/ST/STM32F4xx/Include -I../Drivers/CMSIS/Include -O0 -ffunction-sections -fdata-sections -Wall -fstack-usage -fcyclomatic-complexity -MMD -MP -MF"Core/Src/ism330dhcx.d" -MT"Core/Src/ism330dhcx.o" --specs=nano.specs -mfpu=fpv4-sp-d16 -mfloat-abi=hard -mthumb -o "Core/Src/ism330dhcx.o"
arm-none-eabi-gcc "../Core/Src/main.c" -mcpu=cortex-m4 -std=gnu11 -g3 -DDEBUG -DUSE_HAL_DRIVER -DSTM32F401xE -c -I../Core/Inc -I../Drivers/STM32F4xx_HAL_Driver/Inc -I../Drivers/STM32F4xx_HAL_Driver/Inc/Legacy -I../Drivers/CMSIS/Device/ST/STM32F4xx/Include -I../Drivers/CMSIS/Include -O0 -ffunction-sections -fdata-sections -Wall -fstack-usage -fcyclomatic-complexity -MMD -MP -MF"Core/Src/main.d" -MT"Core/Src/main.o" --specs=nano.specs -mfpu=fpv4-sp-d16 -mfloat-abi=hard -mthumb -o "Core/Src/main.o"
arm-none-eabi-gcc "../Core/Src/stm32f4xx_hal_msp.c" -mcpu=cortex-m4 -std=gnu11 -g3 -DDEBUG -DUSE_HAL_DRIVER -DSTM32F401xE -c -I../Core/Inc -I../Drivers/STM32F4xx_HAL_Driver/Inc -I../Drivers/STM32F4xx_HAL_Driver/Inc/Legacy -I../Drivers/CMSIS/Device/ST/STM32F4xx/Include -I../Drivers/CMSIS/Include -O0 -ffunction-sections -fdata-sections -Wall -fstack-usage -fcyclomatic-complexity -MMD -MP -MF"Core/Src/stm32f4xx_hal_msp.d" -MT"Core/Src/stm32f4xx_hal_msp.o" --specs=nano.specs -mfpu=fpv4-sp-d16 -mfloat-abi=hard -mthumb -o "Core/Src/stm32f4xx_hal_msp.o"
arm-none-eabi-gcc "../Core/Src/stm32f4xx_it.c" -mcpu=cortex-m4 -std=gnu11 -g3 -DDEBUG -DUSE_HAL_DRIVER -DSTM32F401xE -c -I../Core/Inc -I../Drivers/STM32F4xx_HAL_Driver/Inc -I../Drivers/STM32F4xx_HAL_Driver/Inc/Legacy -I../Drivers/CMSIS/Device/ST/STM32F4xx/Include -I../Drivers/CMSIS/Include -O0 -ffunction-sections -fdata-sections -Wall -fstack-usage -fcyclomatic-complexity -MMD -MP -MF"Core/Src/stm32f4xx_it.d" -MT"Core/Src/stm32f4xx_it.o" --specs=nano.specs -mfpu=fpv4-sp-d16 -mfloat-abi=hard -mthumb -o "Core/Src/stm32f4xx_it.o"
../Core/Src/main.c: In function 'main':
../Core/Src/main.c:74:27: warning: variable 'status' set but not used [-Wunused-but-set-variable]
   74 |         ISM330DHCX_Status status = ISM_NONE;
      |                           ^~~~~~
arm-none-eabi-gcc -o "IMU_F401.elf" @"objects.list"   -mcpu=cortex-m4 -T"/home/filip/projects/stm/workspace/IMU_F401/STM32F401RETX_FLASH.ld" --specs=nosys.specs -Wl,-Map="IMU_F401.map" -Wl,--gc-sections -static --specs=nano.specs -mfpu=fpv4-sp-d16 -mfloat-abi=hard -mthumb -Wl,--start-group -lc -lm -Wl,--end-group
Finished building target: IMU_F401.elf
 
arm-none-eabi-size  IMU_F401.elf 
arm-none-eabi-objdump -h -S IMU_F401.elf  > "IMU_F401.list"
   text	   data	    bss	    dec	    hex	filename
  23480	     12	   1908	  25400	   6338	IMU_F401.elf
Finished building: default.size.stdout
 
Finished building: IMU_F401.list
 
23:44:50 **** Incremental Build of configuration Debug for project IMU_F401 ****
make -j16 all 
arm-none-eabi-gcc "../Core/Src/ism330dhcx.c" -mcpu=cortex-m4 -std=gnu11 -g3 -DDEBUG -DUSE_HAL_DRIVER -DSTM32F401xE -c -I../Core/Inc -I../Drivers/STM32F4xx_HAL_Driver/Inc -I../Drivers/STM32F4xx_HAL_Driver/Inc/Legacy -I../Drivers/CMSIS/Device/ST/STM32F4xx/Include -I../Drivers/CMSIS/Include -O0 -ffunction-sections -fdata-sections -Wall -fstack-usage -fcyclomatic-complexity -MMD -MP -MF"Core/Src/ism330dhcx.d" -MT"Core/Src/ism330dhcx.o" --specs=nano.specs -mfpu=fpv4-sp-d16 -mfloat-abi=hard -mthumb -o "Core/Src/ism330dhcx.o"
arm-none-eabi-gcc -o "IMU_F401.elf" @"objects.list"   -mcpu=cortex-m4 -T"/home/filip/projects/stm/workspace/IMU_F401/STM32F401RETX_FLASH.ld" --specs=nosys.specs -Wl,-Map="IMU_F401.map" -Wl,--gc-sections -static --specs=nano.specs -mfpu=fpv4-sp-d16 -mfloat-abi=hard -mthumb -Wl,--start-group -lc -lm -Wl,--end-group
Finished building target: IMU_F401.elf
 
arm-none-eabi-size  IMU_F401.elf 
arm-none-eabi-objdump -h -S IMU_F401.elf  > "IMU_F401.list"
   text	   data	    bss	    dec	    hex	filename
  23480	     12	   1908	  25400	   6338	IMU_F401.elf
Finished building: default.size.stdout
 
Finished building: IMU_F401.list
 
23:50:41 **** Incremental Build of configuration Debug for project IMU_F401 ****
make -j16 all 
arm-none-eabi-gcc "../Core/Src/main.c" -mcpu=cortex-m4 -std=gnu11 -g3 -DDEBUG -DUSE_HAL_DRIVER -DSTM32F401xE -c -I../Core/Inc -I../Drivers/STM32F4xx_HAL_Driver/Inc -I../Drivers/STM32F4xx_HAL_Driver/Inc/Legacy -I../Drivers/CMSIS/Device/ST/STM32F4xx/Include -I../Drivers/CMSIS/Include -O0 -ffunction-sections -fdata-sections -Wall -fstack-usage -fcyclomatic-complexity -MMD -MP -MF"Core/Src/main.d" -MT"Core/Src/main.o" --specs=nano.specs -mfpu=fpv4-sp-d16 -mfloat-abi=hard -mthumb -o "Core/Src/main.o"
../Core/Src/main.c: In function 'main':
../Core/Src/main.c:74:27: warning: variable 'status' set but not used [-Wunused-but-set-variable]
   74 |         ISM330DHCX_Status status = ISM_NONE;
      |                           ^~~~~~
arm-none-eabi-gcc -o "IMU_F401.elf" @"objects.list"   -mcpu=cortex-m4 -T"/home/filip/projects/stm/workspace/IMU_F401/STM32F401RETX_FLASH.ld" --specs=nosys.specs -Wl,-Map="IMU_F401.map" -Wl,--gc-sections -static --specs=nano.specs -mfpu=fpv4-sp-d16 -mfloat-abi=hard -mthumb -Wl,--start-group -lc -lm -Wl,--end-group
Finished building target: IMU_F401.elf
 
arm-none-eabi-size  IMU_F401.elf 
arm-none-eabi-objdump -h -S IMU_F401.elf  > "IMU_F401.list"
   text	   data	    bss	    dec	    hex	filename
  23496	     12	   1908	  25416	   6348	IMU_F401.elf
Finished building: default.size.stdout
 
Finished building: IMU_F401.list
 
15:29:19 **** Build of configuration Debug for project IMU_F401 ****
make -j16 all 
arm-none-eabi-gcc "../Core/Src/ism330dhcx.c" -mcpu=cortex-m4 -std=gnu11 -g3 -DDEBUG -DUSE_HAL_DRIVER -DSTM32F401xE -c -I../Core/Inc -I../Drivers/STM32F4xx_HAL_Driver/Inc -I../Drivers/STM32F4xx_HAL_Driver/Inc/Legacy -I../Drivers/CMSIS/Device/ST/STM32F4xx/Include -I../Drivers/CMSIS/Include -O0 -ffunction-sections -fdata-sections -Wall -fstack-usage -fcyclomatic-complexity -MMD -MP -MF"Core/Src/ism330dhcx.d" -MT"Core/Src/ism330dhcx.o" --specs=nano.specs -mfpu=fpv4-sp-d16 -mfloat-abi=hard -mthumb -o "Core/Src/ism330dhcx.o"
arm-none-eabi-gcc "../Core/Src/ism330dhcx_settings.c" -mcpu=cortex-m4 -std=gnu11 -g3 -DDEBUG -DUSE_HAL_DRIVER -DSTM32F401xE -c -I../Core/Inc -I../Drivers/STM32F4xx_HAL_Driver/Inc -I../Drivers/STM32F4xx_HAL_Driver/Inc/Legacy -I../Drivers/CMSIS/Device/ST/STM32F4xx/Include -I../Drivers/CMSIS/Include -O0 -ffunction-sections -fdata-sections -Wall -fstack-usage -fcyclomatic-complexity -MMD -MP -MF"Core/Src/ism330dhcx_settings.d" -MT"Core/Src/ism330dhcx_settings.o" --specs=nano.specs -mfpu=fpv4-sp-d16 -mfloat-abi=hard -mthumb -o "Core/Src/ism330dhcx_settings.o"
arm-none-eabi-gcc "../Core/Src/ism330dhcx_utils.c" -mcpu=cortex-m4 -std=gnu11 -g3 -DDEBUG -DUSE_HAL_DRIVER -DSTM32F401xE -c -I../Core/Inc -I../Drivers/STM32F4xx_HAL_Driver/Inc -I../Drivers/STM32F4xx_HAL_Driver/Inc/Legacy -I../Drivers/CMSIS/Device/ST/STM32F4xx/Include -I../Drivers/CMSIS/Include -O0 -ffunction-sections -fdata-sections -Wall -fstack-usage -fcyclomatic-complexity -MMD -MP -MF"Core/Src/ism330dhcx_utils.d" -MT"Core/Src/ism330dhcx_utils.o" --specs=nano.specs -mfpu=fpv4-sp-d16 -mfloat-abi=hard -mthumb -o "Core/Src/ism330dhcx_utils.o"
arm-none-eabi-gcc "../Core/Src/kalman.c" -mcpu=cortex-m4 -std=gnu11 -g3 -DDEBUG -DUSE_HAL_DRIVER -DSTM32F401xE -c -I../Core/Inc -I../Drivers/STM32F4xx_HAL_Driver/Inc -I../Drivers/STM32F4xx_HAL_Driver/Inc/Legacy -I../Drivers/CMSIS/Device/ST/STM32F4xx/Include -I../Drivers/CMSIS/Include -O0 -ffunction-sections -fdata-sections -Wall -fstack-usage -fcyclomatic-complexity -MMD -MP -MF"Core/Src/kalman.d" -MT"Core/Src/kalman.o" --specs=nano.specs -mfpu=fpv4-sp-d16 -mfloat-abi=hard -mthumb -o "Core/Src/kalman.o"
arm-none-eabi-gcc "../Core/Src/main.c" -mcpu=cortex-m4 -std=gnu11 -g3 -DDEBUG -DUSE_HAL_DRIVER -DSTM32F401xE -c -I../Core/Inc -I../Drivers/STM32F4xx_HAL_Driver/Inc -I../Drivers/STM32F4xx_HAL_Driver/Inc/Legacy -I../Drivers/CMSIS/Device/ST/STM32F4xx/Include -I../Drivers/CMSIS/Include -O0 -ffunction-sections -fdata-sections -Wall -fstack-usage -fcyclomatic-complexity -MMD -MP -MF"Core/Src/main.d" -MT"Core/Src/main.o" --specs=nano.specs -mfpu=fpv4-sp-d16 -mfloat-abi=hard -mthumb -o "Core/Src/main.o"
arm-none-eabi-gcc "../Core/Src/stm32f4xx_hal_msp.c" -mcpu=cortex-m4 -std=gnu11 -g3 -DDEBUG -DUSE_HAL_DRIVER -DSTM32F401xE -c -I../Core/Inc -I../Drivers/STM32F4xx_HAL_Driver/Inc -I../Drivers/STM32F4xx_HAL_Driver/Inc/Legacy -I../Drivers/CMSIS/Device/ST/STM32F4xx/Include -I../Drivers/CMSIS/Include -O0 -ffunction-sections -fdata-sections -Wall -fstack-usage -fcyclomatic-complexity -MMD -MP -MF"Core/Src/stm32f4xx_hal_msp.d" -MT"Core/Src/stm32f4xx_hal_msp.o" --specs=nano.specs -mfpu=fpv4-sp-d16 -mfloat-abi=hard -mthumb -o "Core/Src/stm32f4xx_hal_msp.o"
arm-none-eabi-gcc "../Core/Src/stm32f4xx_it.c" -mcpu=cortex-m4 -std=gnu11 -g3 -DDEBUG -DUSE_HAL_DRIVER -DSTM32F401xE -c -I../Core/Inc -I../Drivers/STM32F4xx_HAL_Driver/Inc -I../Drivers/STM32F4xx_HAL_Driver/Inc/Legacy -I../Drivers/CMSIS/Device/ST/STM32F4xx/Include -I../Drivers/CMSIS/Include -O0 -ffunction-sections -fdata-sections -Wall -fstack-usage -fcyclomatic-complexity -MMD -MP -MF"Core/Src/stm32f4xx_it.d" -MT"Core/Src/stm32f4xx_it.o" --specs=nano.specs -mfpu=fpv4-sp-d16 -mfloat-abi=hard -mthumb -o "Core/Src/stm32f4xx_it.o"
arm-none-eabi-gcc "../Core/Src/syscalls.c" -mcpu=cortex-m4 -std=gnu11 -g3 -DDEBUG -DUSE_HAL_DRIVER -DSTM32F401xE -c -I../Core/Inc -I../Drivers/STM32F4xx_HAL_Driver/Inc -I../Drivers/STM32F4xx_HAL_Driver/Inc/Legacy -I../Drivers/CMSIS/Device/ST/STM32F4xx/Include -I../Drivers/CMSIS/Include -O0 -ffunction-sections -fdata-sections -Wall -fstack-usage -fcyclomatic-complexity -MMD -MP -MF"Core/Src/syscalls.d" -MT"Core/Src/syscalls.o" --specs=nano.specs -mfpu=fpv4-sp-d16 -mfloat-abi=hard -mthumb -o "Core/Src/syscalls.o"
arm-none-eabi-gcc "../Core/Src/sysmem.c" -mcpu=cortex-m4 -std=gnu11 -g3 -DDEBUG -DUSE_HAL_DRIVER -DSTM32F401xE -c -I../Core/Inc -I../Drivers/STM32F4xx_HAL_Driver/Inc -I../Drivers/STM32F4xx_HAL_Driver/Inc/Legacy -I../Drivers/CMSIS/Device/ST/STM32F4xx/Include -I../Drivers/CMSIS/Include -O0 -ffunction-sections -fdata-sections -Wall -fstack-usage -fcyclomatic-complexity -MMD -MP -MF"Core/Src/sysmem.d" -MT"Core/Src/sysmem.o" --specs=nano.specs -mfpu=fpv4-sp-d16 -mfloat-abi=hard -mthumb -o "Core/Src/sysmem.o"
arm-none-eabi-gcc "../Core/Src/system_stm32f4xx.c" -mcpu=cortex-m4 -std=gnu11 -g3 -DDEBUG -DUSE_HAL_DRIVER -DSTM32F401xE -c -I../Core/Inc -I../Drivers/STM32F4xx_HAL_Driver/Inc -I../Drivers/STM32F4xx_HAL_Driver/Inc/Legacy -I../Drivers/CMSIS/Device/ST/STM32F4xx/Include -I../Drivers/CMSIS/Include -O0 -ffunction-sections -fdata-sections -Wall -fstack-usage -fcyclomatic-complexity -MMD -MP -MF"Core/Src/system_stm32f4xx.d" -MT"Core/Src/system_stm32f4xx.o" --specs=nano.specs -mfpu=fpv4-sp-d16 -mfloat-abi=hard -mthumb -o "Core/Src/system_stm32f4xx.o"
../Core/Src/kalman.c: In function 'kalmanUpdate':
../Core/Src/kalman.c:118:13: warning: implicit declaration of function 'fabs' [-Wimplicit-function-declaration]
  118 |         if (fabs(det) < 1e-6f) {
      |             ^~~~
../Core/Src/kalman.c:1:1: note: include '<math.h>' or provide a declaration of 'fabs'
  +++ |+#include <math.h>
    1 | /*
../Core/Src/kalman.c:118:13: warning: incompatible implicit declaration of built-in function 'fabs' [-Wbuiltin-declaration-mismatch]
  118 |         if (fabs(det) < 1e-6f) {
      |             ^~~~
../Core/Src/kalman.c:118:13: note: include '<math.h>' or provide a declaration of 'fabs'
../Core/Src/kalman.c: At top level:
../Core/Src/kalman.c:195:1: error: unknown type name 'Roll_Pitch'
  195 | Roll_Pitch kalman_getAngles(){
      | ^~~~~~~~~~
../Core/Src/kalman.c: In function 'kalman_getAngles':
../Core/Src/kalman.c:196:17: error: 'Roll_Pitch' undeclared (first use in this function)
  196 |         return (Roll_Pitch) {x[0], x[1]};
      |                 ^~~~~~~~~~
../Core/Src/kalman.c:196:17: note: each undeclared identifier is reported only once for each function it appears in
../Core/Src/kalman.c:196:28: error: expected ';' before '{' token
  196 |         return (Roll_Pitch) {x[0], x[1]};
      |                            ^~
      |                            ;
../Core/Src/kalman.c: At top level:
../Core/Src/kalman.c:199:1: error: unknown type name 'Roll_Pitch'
  199 | Roll_Pitch computeAccAngles(float accX, float accY, float accZ){
      | ^~~~~~~~~~
../Core/Src/kalman.c: In function 'computeAccAngles':
../Core/Src/kalman.c:200:23: warning: implicit declaration of function 'atan2' [-Wimplicit-function-declaration]
  200 |         float roll  = atan2(accY, accZ) * 180.0f / PI;
      |                       ^~~~~
../Core/Src/kalman.c:200:23: note: include '<math.h>' or provide a declaration of 'atan2'
../Core/Src/kalman.c:200:23: warning: incompatible implicit declaration of built-in function 'atan2' [-Wbuiltin-declaration-mismatch]
../Core/Src/kalman.c:200:23: note: include '<math.h>' or provide a declaration of 'atan2'
../Core/Src/kalman.c:200:52: error: 'PI' undeclared (first use in this function); did you mean 'P'?
  200 |         float roll  = atan2(accY, accZ) * 180.0f / PI;
      |                                                    ^~
      |                                                    P
../Core/Src/kalman.c:201:36: warning: implicit declaration of function 'sqrt' [-Wimplicit-function-declaration]
  201 |         float pitch = atan2(-accX, sqrt(accY * accY + accZ * accZ)) * 180.0f / PI;
      |                                    ^~~~
../Core/Src/kalman.c:201:36: note: include '<math.h>' or provide a declaration of 'sqrt'
../Core/Src/kalman.c:201:36: warning: incompatible implicit declaration of built-in function 'sqrt' [-Wbuiltin-declaration-mismatch]
../Core/Src/kalman.c:201:36: note: include '<math.h>' or provide a declaration of 'sqrt'
../Core/Src/kalman.c:203:17: error: 'Roll_Pitch' undeclared (first use in this function)
  203 |         return (Roll_Pitch) {roll, pitch};
      |                 ^~~~~~~~~~
../Core/Src/kalman.c:203:28: error: expected ';' before '{' token
  203 |         return (Roll_Pitch) {roll, pitch};
      |                            ^~
      |                            ;
../Core/Src/kalman.c:201:15: warning: unused variable 'pitch' [-Wunused-variable]
  201 |         float pitch = atan2(-accX, sqrt(accY * accY + accZ * accZ)) * 180.0f / PI;
      |               ^~~~~
../Core/Src/kalman.c:200:15: warning: unused variable 'roll' [-Wunused-variable]
  200 |         float roll  = atan2(accY, accZ) * 180.0f / PI;
      |               ^~~~
../Core/Src/kalman.c: In function 'kalman_getAngles':
../Core/Src/kalman.c:197:1: warning: control reaches end of non-void function [-Wreturn-type]
  197 | }
      | ^
../Core/Src/kalman.c: In function 'computeAccAngles':
../Core/Src/kalman.c:204:1: warning: control reaches end of non-void function [-Wreturn-type]
  204 | }
      | ^
make: *** [Core/Src/subdir.mk:46: Core/Src/kalman.o] Error 1
make: *** Waiting for unfinished jobs....
../Core/Src/main.c: In function 'main':
../Core/Src/main.c:108:30: error: 'dt' undeclared (first use in this function)
  108 |   kalmanFilter_init(((float) dt) / 1000/0);
      |                              ^~
../Core/Src/main.c:108:30: note: each undeclared identifier is reported only once for each function it appears in
../Core/Src/main.c:121:54: error: 'Accelerometer' has no member named 'x'
  121 |           float x_g = ((float) ism.data.accelerometer.x) * ISM_FS_ACC_2G_SENSITIVITY / 1000.0;
      |                                                      ^
../Core/Src/main.c:122:54: error: 'Accelerometer' has no member named 'y'
  122 |           float y_g = ((float) ism.data.accelerometer.y) * ISM_FS_ACC_2G_SENSITIVITY / 1000.0;
      |                                                      ^
../Core/Src/main.c:123:54: error: 'Accelerometer' has no member named 'z'
  123 |           float z_g = ((float) ism.data.accelerometer.z) * ISM_FS_ACC_2G_SENSITIVITY / 1000.0;
      |                                                      ^
../Core/Src/main.c:125:40: error: 'accX' undeclared (first use in this function)
  125 |       Roll_Pitch rp = computeAccAngles(accX, accY, accZ);
      |                                        ^~~~
../Core/Src/main.c:125:46: error: 'accY' undeclared (first use in this function)
  125 |       Roll_Pitch rp = computeAccAngles(accX, accY, accZ);
      |                                              ^~~~
../Core/Src/main.c:125:52: error: 'accZ' undeclared (first use in this function)
  125 |       Roll_Pitch rp = computeAccAngles(accX, accY, accZ);
      |                                                    ^~~~
../Core/Src/main.c:123:17: warning: unused variable 'z_g' [-Wunused-variable]
  123 |           float z_g = ((float) ism.data.accelerometer.z) * ISM_FS_ACC_2G_SENSITIVITY / 1000.0;
      |                 ^~~
../Core/Src/main.c:122:17: warning: unused variable 'y_g' [-Wunused-variable]
  122 |           float y_g = ((float) ism.data.accelerometer.y) * ISM_FS_ACC_2G_SENSITIVITY / 1000.0;
      |                 ^~~
../Core/Src/main.c:121:17: warning: unused variable 'x_g' [-Wunused-variable]
  121 |           float x_g = ((float) ism.data.accelerometer.x) * ISM_FS_ACC_2G_SENSITIVITY / 1000.0;
      |                 ^~~
../Core/Src/main.c:119:17: warning: unused variable 'z_degps' [-Wunused-variable]
  119 |           float z_degps = ((float) ism.data.gyroscope.raw.z) * ISM_FS_GYRO_250_SENSITIVITY / 1000.0;
      |                 ^~~~~~~
../Core/Src/main.c:76:27: warning: variable 'status' set but not used [-Wunused-but-set-variable]
   76 |         ISM330DHCX_Status status = ISM_NONE;
      |                           ^~~~~~
make: *** [Core/Src/subdir.mk:46: Core/Src/main.o] Error 1
"make -j16 all" terminated with exit code 2. Build might be incomplete.
17:00:17 **** Incremental Build of configuration Debug for project IMU_F401 ****
make -j16 all 
arm-none-eabi-gcc "../Core/Src/kalman.c" -mcpu=cortex-m4 -std=gnu11 -g3 -DDEBUG -DUSE_HAL_DRIVER -DSTM32F401xE -c -I../Core/Inc -I../Drivers/STM32F4xx_HAL_Driver/Inc -I../Drivers/STM32F4xx_HAL_Driver/Inc/Legacy -I../Drivers/CMSIS/Device/ST/STM32F4xx/Include -I../Drivers/CMSIS/Include -O0 -ffunction-sections -fdata-sections -Wall -fstack-usage -fcyclomatic-complexity -MMD -MP -MF"Core/Src/kalman.d" -MT"Core/Src/kalman.o" --specs=nano.specs -mfpu=fpv4-sp-d16 -mfloat-abi=hard -mthumb -o "Core/Src/kalman.o"
arm-none-eabi-gcc "../Core/Src/main.c" -mcpu=cortex-m4 -std=gnu11 -g3 -DDEBUG -DUSE_HAL_DRIVER -DSTM32F401xE -c -I../Core/Inc -I../Drivers/STM32F4xx_HAL_Driver/Inc -I../Drivers/STM32F4xx_HAL_Driver/Inc/Legacy -I../Drivers/CMSIS/Device/ST/STM32F4xx/Include -I../Drivers/CMSIS/Include -O0 -ffunction-sections -fdata-sections -Wall -fstack-usage -fcyclomatic-complexity -MMD -MP -MF"Core/Src/main.d" -MT"Core/Src/main.o" --specs=nano.specs -mfpu=fpv4-sp-d16 -mfloat-abi=hard -mthumb -o "Core/Src/main.o"
arm-none-eabi-gcc "../Core/Src/stm32f4xx_hal_msp.c" -mcpu=cortex-m4 -std=gnu11 -g3 -DDEBUG -DUSE_HAL_DRIVER -DSTM32F401xE -c -I../Core/Inc -I../Drivers/STM32F4xx_HAL_Driver/Inc -I../Drivers/STM32F4xx_HAL_Driver/Inc/Legacy -I../Drivers/CMSIS/Device/ST/STM32F4xx/Include -I../Drivers/CMSIS/Include -O0 -ffunction-sections -fdata-sections -Wall -fstack-usage -fcyclomatic-complexity -MMD -MP -MF"Core/Src/stm32f4xx_hal_msp.d" -MT"Core/Src/stm32f4xx_hal_msp.o" --specs=nano.specs -mfpu=fpv4-sp-d16 -mfloat-abi=hard -mthumb -o "Core/Src/stm32f4xx_hal_msp.o"
arm-none-eabi-gcc "../Core/Src/stm32f4xx_it.c" -mcpu=cortex-m4 -std=gnu11 -g3 -DDEBUG -DUSE_HAL_DRIVER -DSTM32F401xE -c -I../Core/Inc -I../Drivers/STM32F4xx_HAL_Driver/Inc -I../Drivers/STM32F4xx_HAL_Driver/Inc/Legacy -I../Drivers/CMSIS/Device/ST/STM32F4xx/Include -I../Drivers/CMSIS/Include -O0 -ffunction-sections -fdata-sections -Wall -fstack-usage -fcyclomatic-complexity -MMD -MP -MF"Core/Src/stm32f4xx_it.d" -MT"Core/Src/stm32f4xx_it.o" --specs=nano.specs -mfpu=fpv4-sp-d16 -mfloat-abi=hard -mthumb -o "Core/Src/stm32f4xx_it.o"
../Core/Src/kalman.c: In function 'kalmanUpdate':
../Core/Src/kalman.c:118:13: warning: implicit declaration of function 'fabs' [-Wimplicit-function-declaration]
  118 |         if (fabs(det) < 1e-6f) {
      |             ^~~~
../Core/Src/kalman.c:1:1: note: include '<math.h>' or provide a declaration of 'fabs'
  +++ |+#include <math.h>
    1 | /*
../Core/Src/kalman.c:118:13: warning: incompatible implicit declaration of built-in function 'fabs' [-Wbuiltin-declaration-mismatch]
  118 |         if (fabs(det) < 1e-6f) {
      |             ^~~~
../Core/Src/kalman.c:118:13: note: include '<math.h>' or provide a declaration of 'fabs'
../Core/Src/kalman.c: At top level:
../Core/Src/kalman.c:195:1: error: unknown type name 'Roll_Pitch'
  195 | Roll_Pitch kalman_getAngles(){
      | ^~~~~~~~~~
../Core/Src/kalman.c: In function 'kalman_getAngles':
../Core/Src/kalman.c:196:17: error: 'Roll_Pitch' undeclared (first use in this function)
  196 |         return (Roll_Pitch) {x[0], x[1]};
      |                 ^~~~~~~~~~
../Core/Src/kalman.c:196:17: note: each undeclared identifier is reported only once for each function it appears in
../Core/Src/kalman.c:196:28: error: expected ';' before '{' token
  196 |         return (Roll_Pitch) {x[0], x[1]};
      |                            ^~
      |                            ;
../Core/Src/kalman.c: At top level:
../Core/Src/kalman.c:199:1: error: unknown type name 'Roll_Pitch'
  199 | Roll_Pitch computeAccAngles(float accX, float accY, float accZ){
      | ^~~~~~~~~~
../Core/Src/kalman.c: In function 'computeAccAngles':
../Core/Src/kalman.c:200:23: warning: implicit declaration of function 'atan2' [-Wimplicit-function-declaration]
  200 |         float roll  = atan2(accY, accZ) * 180.0f / PI;
      |                       ^~~~~
../Core/Src/kalman.c:200:23: note: include '<math.h>' or provide a declaration of 'atan2'
../Core/Src/kalman.c:200:23: warning: incompatible implicit declaration of built-in function 'atan2' [-Wbuiltin-declaration-mismatch]
../Core/Src/kalman.c:200:23: note: include '<math.h>' or provide a declaration of 'atan2'
../Core/Src/kalman.c:200:52: error: 'PI' undeclared (first use in this function); did you mean 'P'?
  200 |         float roll  = atan2(accY, accZ) * 180.0f / PI;
      |                                                    ^~
      |                                                    P
../Core/Src/kalman.c:201:36: warning: implicit declaration of function 'sqrt' [-Wimplicit-function-declaration]
  201 |         float pitch = atan2(-accX, sqrt(accY * accY + accZ * accZ)) * 180.0f / PI;
      |                                    ^~~~
../Core/Src/kalman.c:201:36: note: include '<math.h>' or provide a declaration of 'sqrt'
../Core/Src/kalman.c:201:36: warning: incompatible implicit declaration of built-in function 'sqrt' [-Wbuiltin-declaration-mismatch]
../Core/Src/kalman.c:201:36: note: include '<math.h>' or provide a declaration of 'sqrt'
../Core/Src/kalman.c:203:17: error: 'Roll_Pitch' undeclared (first use in this function)
  203 |         return (Roll_Pitch) {roll, pitch};
      |                 ^~~~~~~~~~
../Core/Src/kalman.c:203:28: error: expected ';' before '{' token
  203 |         return (Roll_Pitch) {roll, pitch};
      |                            ^~
      |                            ;
../Core/Src/kalman.c:201:15: warning: unused variable 'pitch' [-Wunused-variable]
  201 |         float pitch = atan2(-accX, sqrt(accY * accY + accZ * accZ)) * 180.0f / PI;
      |               ^~~~~
../Core/Src/kalman.c:200:15: warning: unused variable 'roll' [-Wunused-variable]
  200 |         float roll  = atan2(accY, accZ) * 180.0f / PI;
      |               ^~~~
../Core/Src/kalman.c: In function 'kalman_getAngles':
../Core/Src/kalman.c:197:1: warning: control reaches end of non-void function [-Wreturn-type]
  197 | }
      | ^
../Core/Src/kalman.c: In function 'computeAccAngles':
../Core/Src/kalman.c:204:1: warning: control reaches end of non-void function [-Wreturn-type]
  204 | }
      | ^
make: *** [Core/Src/subdir.mk:46: Core/Src/kalman.o] Error 1
make: *** Waiting for unfinished jobs....
../Core/Src/main.c: In function 'main':
../Core/Src/main.c:108:30: error: 'dt' undeclared (first use in this function)
  108 |   kalmanFilter_init(((float) dt) / 1000/0);
      |                              ^~
../Core/Src/main.c:108:30: note: each undeclared identifier is reported only once for each function it appears in
../Core/Src/main.c:121:54: error: 'Accelerometer' has no member named 'x'
  121 |           float x_g = ((float) ism.data.accelerometer.x) * ISM_FS_ACC_2G_SENSITIVITY / 1000.0;
      |                                                      ^
../Core/Src/main.c:122:54: error: 'Accelerometer' has no member named 'y'
  122 |           float y_g = ((float) ism.data.accelerometer.y) * ISM_FS_ACC_2G_SENSITIVITY / 1000.0;
      |                                                      ^
../Core/Src/main.c:123:54: error: 'Accelerometer' has no member named 'z'
  123 |           float z_g = ((float) ism.data.accelerometer.z) * ISM_FS_ACC_2G_SENSITIVITY / 1000.0;
      |                                                      ^
../Core/Src/main.c:125:40: error: 'accX' undeclared (first use in this function)
  125 |       Roll_Pitch rp = computeAccAngles(accX, accY, accZ);
      |                                        ^~~~
../Core/Src/main.c:125:46: error: 'accY' undeclared (first use in this function)
  125 |       Roll_Pitch rp = computeAccAngles(accX, accY, accZ);
      |                                              ^~~~
../Core/Src/main.c:125:52: error: 'accZ' undeclared (first use in this function)
  125 |       Roll_Pitch rp = computeAccAngles(accX, accY, accZ);
      |                                                    ^~~~
../Core/Src/main.c:123:17: warning: unused variable 'z_g' [-Wunused-variable]
  123 |           float z_g = ((float) ism.data.accelerometer.z) * ISM_FS_ACC_2G_SENSITIVITY / 1000.0;
      |                 ^~~
../Core/Src/main.c:122:17: warning: unused variable 'y_g' [-Wunused-variable]
  122 |           float y_g = ((float) ism.data.accelerometer.y) * ISM_FS_ACC_2G_SENSITIVITY / 1000.0;
      |                 ^~~
../Core/Src/main.c:121:17: warning: unused variable 'x_g' [-Wunused-variable]
  121 |           float x_g = ((float) ism.data.accelerometer.x) * ISM_FS_ACC_2G_SENSITIVITY / 1000.0;
      |                 ^~~
../Core/Src/main.c:119:17: warning: unused variable 'z_degps' [-Wunused-variable]
  119 |           float z_degps = ((float) ism.data.gyroscope.raw.z) * ISM_FS_GYRO_250_SENSITIVITY / 1000.0;
      |                 ^~~~~~~
../Core/Src/main.c:76:27: warning: variable 'status' set but not used [-Wunused-but-set-variable]
   76 |         ISM330DHCX_Status status = ISM_NONE;
      |                           ^~~~~~
make: *** [Core/Src/subdir.mk:46: Core/Src/main.o] Error 1
"make -j16 all" terminated with exit code 2. Build might be incomplete.
17:01:09 **** Incremental Build of configuration Debug for project IMU_F401 ****
make -j16 all 
arm-none-eabi-gcc "../Core/Src/kalman.c" -mcpu=cortex-m4 -std=gnu11 -g3 -DDEBUG -DUSE_HAL_DRIVER -DSTM32F401xE -c -I../Core/Inc -I../Drivers/STM32F4xx_HAL_Driver/Inc -I../Drivers/STM32F4xx_HAL_Driver/Inc/Legacy -I../Drivers/CMSIS/Device/ST/STM32F4xx/Include -I../Drivers/CMSIS/Include -O0 -ffunction-sections -fdata-sections -Wall -fstack-usage -fcyclomatic-complexity -MMD -MP -MF"Core/Src/kalman.d" -MT"Core/Src/kalman.o" --specs=nano.specs -mfpu=fpv4-sp-d16 -mfloat-abi=hard -mthumb -o "Core/Src/kalman.o"
arm-none-eabi-gcc "../Core/Src/main.c" -mcpu=cortex-m4 -std=gnu11 -g3 -DDEBUG -DUSE_HAL_DRIVER -DSTM32F401xE -c -I../Core/Inc -I../Drivers/STM32F4xx_HAL_Driver/Inc -I../Drivers/STM32F4xx_HAL_Driver/Inc/Legacy -I../Drivers/CMSIS/Device/ST/STM32F4xx/Include -I../Drivers/CMSIS/Include -O0 -ffunction-sections -fdata-sections -Wall -fstack-usage -fcyclomatic-complexity -MMD -MP -MF"Core/Src/main.d" -MT"Core/Src/main.o" --specs=nano.specs -mfpu=fpv4-sp-d16 -mfloat-abi=hard -mthumb -o "Core/Src/main.o"
../Core/Src/main.c: In function 'main':
../Core/Src/main.c:108:30: error: 'dt' undeclared (first use in this function)
  108 |   kalmanFilter_init(((float) dt) / 1000/0);
      |                              ^~
../Core/Src/main.c:108:30: note: each undeclared identifier is reported only once for each function it appears in
../Core/Src/main.c:121:54: error: 'Accelerometer' has no member named 'x'
  121 |           float x_g = ((float) ism.data.accelerometer.x) * ISM_FS_ACC_2G_SENSITIVITY / 1000.0;
      |                                                      ^
../Core/Src/main.c:122:54: error: 'Accelerometer' has no member named 'y'
  122 |           float y_g = ((float) ism.data.accelerometer.y) * ISM_FS_ACC_2G_SENSITIVITY / 1000.0;
      |                                                      ^
../Core/Src/main.c:123:54: error: 'Accelerometer' has no member named 'z'
  123 |           float z_g = ((float) ism.data.accelerometer.z) * ISM_FS_ACC_2G_SENSITIVITY / 1000.0;
      |                                                      ^
../Core/Src/main.c:125:40: error: 'accX' undeclared (first use in this function)
  125 |       Roll_Pitch rp = computeAccAngles(accX, accY, accZ);
      |                                        ^~~~
../Core/Src/main.c:125:46: error: 'accY' undeclared (first use in this function)
  125 |       Roll_Pitch rp = computeAccAngles(accX, accY, accZ);
      |                                              ^~~~
../Core/Src/main.c:125:52: error: 'accZ' undeclared (first use in this function)
  125 |       Roll_Pitch rp = computeAccAngles(accX, accY, accZ);
      |                                                    ^~~~
../Core/Src/main.c:123:17: warning: unused variable 'z_g' [-Wunused-variable]
  123 |           float z_g = ((float) ism.data.accelerometer.z) * ISM_FS_ACC_2G_SENSITIVITY / 1000.0;
      |                 ^~~
../Core/Src/main.c:122:17: warning: unused variable 'y_g' [-Wunused-variable]
  122 |           float y_g = ((float) ism.data.accelerometer.y) * ISM_FS_ACC_2G_SENSITIVITY / 1000.0;
      |                 ^~~
../Core/Src/main.c:121:17: warning: unused variable 'x_g' [-Wunused-variable]
  121 |           float x_g = ((float) ism.data.accelerometer.x) * ISM_FS_ACC_2G_SENSITIVITY / 1000.0;
      |                 ^~~
../Core/Src/main.c:119:17: warning: unused variable 'z_degps' [-Wunused-variable]
  119 |           float z_degps = ((float) ism.data.gyroscope.raw.z) * ISM_FS_GYRO_250_SENSITIVITY / 1000.0;
      |                 ^~~~~~~
../Core/Src/main.c:76:27: warning: variable 'status' set but not used [-Wunused-but-set-variable]
   76 |         ISM330DHCX_Status status = ISM_NONE;
      |                           ^~~~~~
make: *** [Core/Src/subdir.mk:46: Core/Src/main.o] Error 1
make: *** Waiting for unfinished jobs....
"make -j16 all" terminated with exit code 2. Build might be incomplete.
17:01:28 **** Incremental Build of configuration Debug for project IMU_F401 ****
make -j16 all 
arm-none-eabi-gcc "../Core/Src/main.c" -mcpu=cortex-m4 -std=gnu11 -g3 -DDEBUG -DUSE_HAL_DRIVER -DSTM32F401xE -c -I../Core/Inc -I../Drivers/STM32F4xx_HAL_Driver/Inc -I../Drivers/STM32F4xx_HAL_Driver/Inc/Legacy -I../Drivers/CMSIS/Device/ST/STM32F4xx/Include -I../Drivers/CMSIS/Include -O0 -ffunction-sections -fdata-sections -Wall -fstack-usage -fcyclomatic-complexity -MMD -MP -MF"Core/Src/main.d" -MT"Core/Src/main.o" --specs=nano.specs -mfpu=fpv4-sp-d16 -mfloat-abi=hard -mthumb -o "Core/Src/main.o"
../Core/Src/main.c: In function 'main':
../Core/Src/main.c:108:39: warning: division by zero [-Wdiv-by-zero]
  108 |   kalmanFilter_init(((float) 5) / 1000/0);
      |                                       ^
../Core/Src/main.c:121:54: error: 'Accelerometer' has no member named 'x'
  121 |           float x_g = ((float) ism.data.accelerometer.x) * ISM_FS_ACC_2G_SENSITIVITY / 1000.0;
      |                                                      ^
../Core/Src/main.c:122:54: error: 'Accelerometer' has no member named 'y'
  122 |           float y_g = ((float) ism.data.accelerometer.y) * ISM_FS_ACC_2G_SENSITIVITY / 1000.0;
      |                                                      ^
../Core/Src/main.c:123:54: error: 'Accelerometer' has no member named 'z'
  123 |           float z_g = ((float) ism.data.accelerometer.z) * ISM_FS_ACC_2G_SENSITIVITY / 1000.0;
      |                                                      ^
../Core/Src/main.c:125:40: error: 'accX' undeclared (first use in this function)
  125 |       Roll_Pitch rp = computeAccAngles(accX, accY, accZ);
      |                                        ^~~~
../Core/Src/main.c:125:40: note: each undeclared identifier is reported only once for each function it appears in
../Core/Src/main.c:125:46: error: 'accY' undeclared (first use in this function)
  125 |       Roll_Pitch rp = computeAccAngles(accX, accY, accZ);
      |                                              ^~~~
../Core/Src/main.c:125:52: error: 'accZ' undeclared (first use in this function)
  125 |       Roll_Pitch rp = computeAccAngles(accX, accY, accZ);
      |                                                    ^~~~
../Core/Src/main.c:123:17: warning: unused variable 'z_g' [-Wunused-variable]
  123 |           float z_g = ((float) ism.data.accelerometer.z) * ISM_FS_ACC_2G_SENSITIVITY / 1000.0;
      |                 ^~~
../Core/Src/main.c:122:17: warning: unused variable 'y_g' [-Wunused-variable]
  122 |           float y_g = ((float) ism.data.accelerometer.y) * ISM_FS_ACC_2G_SENSITIVITY / 1000.0;
      |                 ^~~
../Core/Src/main.c:121:17: warning: unused variable 'x_g' [-Wunused-variable]
  121 |           float x_g = ((float) ism.data.accelerometer.x) * ISM_FS_ACC_2G_SENSITIVITY / 1000.0;
      |                 ^~~
../Core/Src/main.c:119:17: warning: unused variable 'z_degps' [-Wunused-variable]
  119 |           float z_degps = ((float) ism.data.gyroscope.raw.z) * ISM_FS_GYRO_250_SENSITIVITY / 1000.0;
      |                 ^~~~~~~
../Core/Src/main.c:76:27: warning: variable 'status' set but not used [-Wunused-but-set-variable]
   76 |         ISM330DHCX_Status status = ISM_NONE;
      |                           ^~~~~~
make: *** [Core/Src/subdir.mk:46: Core/Src/main.o] Error 1
"make -j16 all" terminated with exit code 2. Build might be incomplete.
17:01:36 **** Incremental Build of configuration Debug for project IMU_F401 ****
make -j16 all 
arm-none-eabi-gcc "../Core/Src/main.c" -mcpu=cortex-m4 -std=gnu11 -g3 -DDEBUG -DUSE_HAL_DRIVER -DSTM32F401xE -c -I../Core/Inc -I../Drivers/STM32F4xx_HAL_Driver/Inc -I../Drivers/STM32F4xx_HAL_Driver/Inc/Legacy -I../Drivers/CMSIS/Device/ST/STM32F4xx/Include -I../Drivers/CMSIS/Include -O0 -ffunction-sections -fdata-sections -Wall -fstack-usage -fcyclomatic-complexity -MMD -MP -MF"Core/Src/main.d" -MT"Core/Src/main.o" --specs=nano.specs -mfpu=fpv4-sp-d16 -mfloat-abi=hard -mthumb -o "Core/Src/main.o"
../Core/Src/main.c: In function 'main':
../Core/Src/main.c:121:54: error: 'Accelerometer' has no member named 'x'
  121 |           float x_g = ((float) ism.data.accelerometer.x) * ISM_FS_ACC_2G_SENSITIVITY / 1000.0;
      |                                                      ^
../Core/Src/main.c:122:54: error: 'Accelerometer' has no member named 'y'
  122 |           float y_g = ((float) ism.data.accelerometer.y) * ISM_FS_ACC_2G_SENSITIVITY / 1000.0;
      |                                                      ^
../Core/Src/main.c:123:54: error: 'Accelerometer' has no member named 'z'
  123 |           float z_g = ((float) ism.data.accelerometer.z) * ISM_FS_ACC_2G_SENSITIVITY / 1000.0;
      |                                                      ^
../Core/Src/main.c:125:40: error: 'accX' undeclared (first use in this function)
  125 |       Roll_Pitch rp = computeAccAngles(accX, accY, accZ);
      |                                        ^~~~
../Core/Src/main.c:125:40: note: each undeclared identifier is reported only once for each function it appears in
../Core/Src/main.c:125:46: error: 'accY' undeclared (first use in this function)
  125 |       Roll_Pitch rp = computeAccAngles(accX, accY, accZ);
      |                                              ^~~~
../Core/Src/main.c:125:52: error: 'accZ' undeclared (first use in this function)
  125 |       Roll_Pitch rp = computeAccAngles(accX, accY, accZ);
      |                                                    ^~~~
../Core/Src/main.c:123:17: warning: unused variable 'z_g' [-Wunused-variable]
  123 |           float z_g = ((float) ism.data.accelerometer.z) * ISM_FS_ACC_2G_SENSITIVITY / 1000.0;
      |                 ^~~
../Core/Src/main.c:122:17: warning: unused variable 'y_g' [-Wunused-variable]
  122 |           float y_g = ((float) ism.data.accelerometer.y) * ISM_FS_ACC_2G_SENSITIVITY / 1000.0;
      |                 ^~~
../Core/Src/main.c:121:17: warning: unused variable 'x_g' [-Wunused-variable]
  121 |           float x_g = ((float) ism.data.accelerometer.x) * ISM_FS_ACC_2G_SENSITIVITY / 1000.0;
      |                 ^~~
../Core/Src/main.c:119:17: warning: unused variable 'z_degps' [-Wunused-variable]
  119 |           float z_degps = ((float) ism.data.gyroscope.raw.z) * ISM_FS_GYRO_250_SENSITIVITY / 1000.0;
      |                 ^~~~~~~
../Core/Src/main.c:76:27: warning: variable 'status' set but not used [-Wunused-but-set-variable]
   76 |         ISM330DHCX_Status status = ISM_NONE;
      |                           ^~~~~~
make: *** [Core/Src/subdir.mk:46: Core/Src/main.o] Error 1
"make -j16 all" terminated with exit code 2. Build might be incomplete.
17:02:08 **** Incremental Build of configuration Debug for project IMU_F401 ****
make -j16 all 
arm-none-eabi-gcc "../Core/Src/main.c" -mcpu=cortex-m4 -std=gnu11 -g3 -DDEBUG -DUSE_HAL_DRIVER -DSTM32F401xE -c -I../Core/Inc -I../Drivers/STM32F4xx_HAL_Driver/Inc -I../Drivers/STM32F4xx_HAL_Driver/Inc/Legacy -I../Drivers/CMSIS/Device/ST/STM32F4xx/Include -I../Drivers/CMSIS/Include -O0 -ffunction-sections -fdata-sections -Wall -fstack-usage -fcyclomatic-complexity -MMD -MP -MF"Core/Src/main.d" -MT"Core/Src/main.o" --specs=nano.specs -mfpu=fpv4-sp-d16 -mfloat-abi=hard -mthumb -o "Core/Src/main.o"
../Core/Src/main.c: In function 'main':
../Core/Src/main.c:125:40: error: 'accX' undeclared (first use in this function)
  125 |       Roll_Pitch rp = computeAccAngles(accX, accY, accZ);
      |                                        ^~~~
../Core/Src/main.c:125:40: note: each undeclared identifier is reported only once for each function it appears in
../Core/Src/main.c:125:46: error: 'accY' undeclared (first use in this function)
  125 |       Roll_Pitch rp = computeAccAngles(accX, accY, accZ);
      |                                              ^~~~
../Core/Src/main.c:125:52: error: 'accZ' undeclared (first use in this function)
  125 |       Roll_Pitch rp = computeAccAngles(accX, accY, accZ);
      |                                                    ^~~~
../Core/Src/main.c:123:17: warning: unused variable 'z_g' [-Wunused-variable]
  123 |           float z_g = ((float) ism.data.accelerometer.raw.z) * ISM_FS_ACC_2G_SENSITIVITY / 1000.0;
      |                 ^~~
../Core/Src/main.c:122:17: warning: unused variable 'y_g' [-Wunused-variable]
  122 |           float y_g = ((float) ism.data.accelerometer.raw.y) * ISM_FS_ACC_2G_SENSITIVITY / 1000.0;
      |                 ^~~
../Core/Src/main.c:121:17: warning: unused variable 'x_g' [-Wunused-variable]
  121 |           float x_g = ((float) ism.data.accelerometer.raw.x) * ISM_FS_ACC_2G_SENSITIVITY / 1000.0;
      |                 ^~~
../Core/Src/main.c:119:17: warning: unused variable 'z_degps' [-Wunused-variable]
  119 |           float z_degps = ((float) ism.data.gyroscope.raw.z) * ISM_FS_GYRO_250_SENSITIVITY / 1000.0;
      |                 ^~~~~~~
../Core/Src/main.c:76:27: warning: variable 'status' set but not used [-Wunused-but-set-variable]
   76 |         ISM330DHCX_Status status = ISM_NONE;
      |                           ^~~~~~
make: *** [Core/Src/subdir.mk:46: Core/Src/main.o] Error 1
"make -j16 all" terminated with exit code 2. Build might be incomplete.
17:02:29 **** Incremental Build of configuration Debug for project IMU_F401 ****
make -j16 all 
arm-none-eabi-gcc "../Core/Src/main.c" -mcpu=cortex-m4 -std=gnu11 -g3 -DDEBUG -DUSE_HAL_DRIVER -DSTM32F401xE -c -I../Core/Inc -I../Drivers/STM32F4xx_HAL_Driver/Inc -I../Drivers/STM32F4xx_HAL_Driver/Inc/Legacy -I../Drivers/CMSIS/Device/ST/STM32F4xx/Include -I../Drivers/CMSIS/Include -O0 -ffunction-sections -fdata-sections -Wall -fstack-usage -fcyclomatic-complexity -MMD -MP -MF"Core/Src/main.d" -MT"Core/Src/main.o" --specs=nano.specs -mfpu=fpv4-sp-d16 -mfloat-abi=hard -mthumb -o "Core/Src/main.o"
../Core/Src/main.c: In function 'main':
../Core/Src/main.c:119:17: warning: unused variable 'z_degps' [-Wunused-variable]
  119 |           float z_degps = ((float) ism.data.gyroscope.raw.z) * ISM_FS_GYRO_250_SENSITIVITY / 1000.0;
      |                 ^~~~~~~
../Core/Src/main.c:76:27: warning: variable 'status' set but not used [-Wunused-but-set-variable]
   76 |         ISM330DHCX_Status status = ISM_NONE;
      |                           ^~~~~~
arm-none-eabi-gcc -o "IMU_F401.elf" @"objects.list"   -mcpu=cortex-m4 -T"/home/filip/projects/stm/workspace/IMU_F401/STM32F401RETX_FLASH.ld" --specs=nosys.specs -Wl,-Map="IMU_F401.map" -Wl,--gc-sections -static --specs=nano.specs -mfpu=fpv4-sp-d16 -mfloat-abi=hard -mthumb -Wl,--start-group -lc -lm -Wl,--end-group
Finished building target: IMU_F401.elf
 
arm-none-eabi-size  IMU_F401.elf 
arm-none-eabi-objdump -h -S IMU_F401.elf  > "IMU_F401.list"
   text	   data	    bss	    dec	    hex	filename
  29948	    112	   2392	  32452	   7ec4	IMU_F401.elf
Finished building: default.size.stdout
 
Finished building: IMU_F401.list
 
17:31:50 **** Incremental Build of configuration Debug for project IMU_F401 ****
make -j16 all 
arm-none-eabi-size  IMU_F401.elf 
   text	   data	    bss	    dec	    hex	filename
  29948	    112	   2392	  32452	   7ec4	IMU_F401.elf
Finished building: default.size.stdout
 
17:33:51 **** Incremental Build of configuration Debug for project IMU_F401 ****
make -j16 all 
arm-none-eabi-gcc "../Core/Src/main.c" -mcpu=cortex-m4 -std=gnu11 -g3 -DDEBUG -DUSE_HAL_DRIVER -DSTM32F401xE -c -I../Core/Inc -I../Drivers/STM32F4xx_HAL_Driver/Inc -I../Drivers/STM32F4xx_HAL_Driver/Inc/Legacy -I../Drivers/CMSIS/Device/ST/STM32F4xx/Include -I../Drivers/CMSIS/Include -O0 -ffunction-sections -fdata-sections -Wall -fstack-usage -fcyclomatic-complexity -MMD -MP -MF"Core/Src/main.d" -MT"Core/Src/main.o" --specs=nano.specs -mfpu=fpv4-sp-d16 -mfloat-abi=hard -mthumb -o "Core/Src/main.o"
../Core/Src/main.c: In function 'main':
../Core/Src/main.c:119:17: warning: unused variable 'z_degps' [-Wunused-variable]
  119 |           float z_degps = ((float) ism.data.gyroscope.raw.z) * ISM_FS_GYRO_250_SENSITIVITY / 1000.0;
      |                 ^~~~~~~
../Core/Src/main.c:76:27: warning: variable 'status' set but not used [-Wunused-but-set-variable]
   76 |         ISM330DHCX_Status status = ISM_NONE;
      |                           ^~~~~~
arm-none-eabi-gcc -o "IMU_F401.elf" @"objects.list"   -mcpu=cortex-m4 -T"/home/filip/projects/stm/workspace/IMU_F401/STM32F401RETX_FLASH.ld" --specs=nosys.specs -Wl,-Map="IMU_F401.map" -Wl,--gc-sections -static --specs=nano.specs -mfpu=fpv4-sp-d16 -mfloat-abi=hard -mthumb -Wl,--start-group -lc -lm -Wl,--end-group
Finished building target: IMU_F401.elf
 
arm-none-eabi-size  IMU_F401.elf 
arm-none-eabi-objdump -h -S IMU_F401.elf  > "IMU_F401.list"
   text	   data	    bss	    dec	    hex	filename
  29948	    112	   2392	  32452	   7ec4	IMU_F401.elf
Finished building: default.size.stdout
 
Finished building: IMU_F401.list
 
17:39:07 **** Incremental Build of configuration Debug for project IMU_F401 ****
make -j16 all 
arm-none-eabi-gcc "../Core/Src/main.c" -mcpu=cortex-m4 -std=gnu11 -g3 -DDEBUG -DUSE_HAL_DRIVER -DSTM32F401xE -c -I../Core/Inc -I../Drivers/STM32F4xx_HAL_Driver/Inc -I../Drivers/STM32F4xx_HAL_Driver/Inc/Legacy -I../Drivers/CMSIS/Device/ST/STM32F4xx/Include -I../Drivers/CMSIS/Include -O0 -ffunction-sections -fdata-sections -Wall -fstack-usage -fcyclomatic-complexity -MMD -MP -MF"Core/Src/main.d" -MT"Core/Src/main.o" --specs=nano.specs -mfpu=fpv4-sp-d16 -mfloat-abi=hard -mthumb -o "Core/Src/main.o"
../Core/Src/main.c: In function 'main':
../Core/Src/main.c:118:17: warning: unused variable 'y_degps' [-Wunused-variable]
  118 |           float y_degps = ((float) ism.data.gyroscope.raw.y) * ISM_FS_GYRO_250_SENSITIVITY / 1000.0;
      |                 ^~~~~~~
../Core/Src/main.c:76:27: warning: variable 'status' set but not used [-Wunused-but-set-variable]
   76 |         ISM330DHCX_Status status = ISM_NONE;
      |                           ^~~~~~
arm-none-eabi-gcc -o "IMU_F401.elf" @"objects.list"   -mcpu=cortex-m4 -T"/home/filip/projects/stm/workspace/IMU_F401/STM32F401RETX_FLASH.ld" --specs=nosys.specs -Wl,-Map="IMU_F401.map" -Wl,--gc-sections -static --specs=nano.specs -mfpu=fpv4-sp-d16 -mfloat-abi=hard -mthumb -Wl,--start-group -lc -lm -Wl,--end-group
Finished building target: IMU_F401.elf
 
arm-none-eabi-size  IMU_F401.elf 
arm-none-eabi-objdump -h -S IMU_F401.elf  > "IMU_F401.list"
   text	   data	    bss	    dec	    hex	filename
  29948	    112	   2392	  32452	   7ec4	IMU_F401.elf
Finished building: default.size.stdout
 
Finished building: IMU_F401.list
 
17:40:11 **** Incremental Build of configuration Debug for project IMU_F401 ****
make -j16 all 
arm-none-eabi-gcc "../Core/Src/main.c" -mcpu=cortex-m4 -std=gnu11 -g3 -DDEBUG -DUSE_HAL_DRIVER -DSTM32F401xE -c -I../Core/Inc -I../Drivers/STM32F4xx_HAL_Driver/Inc -I../Drivers/STM32F4xx_HAL_Driver/Inc/Legacy -I../Drivers/CMSIS/Device/ST/STM32F4xx/Include -I../Drivers/CMSIS/Include -O0 -ffunction-sections -fdata-sections -Wall -fstack-usage -fcyclomatic-complexity -MMD -MP -MF"Core/Src/main.d" -MT"Core/Src/main.o" --specs=nano.specs -mfpu=fpv4-sp-d16 -mfloat-abi=hard -mthumb -o "Core/Src/main.o"
../Core/Src/main.c: In function 'main':
../Core/Src/main.c:117:17: warning: unused variable 'x_degps' [-Wunused-variable]
  117 |           float x_degps = ((float) ism.data.gyroscope.raw.x) * ISM_FS_GYRO_250_SENSITIVITY / 1000.0;
      |                 ^~~~~~~
../Core/Src/main.c:76:27: warning: variable 'status' set but not used [-Wunused-but-set-variable]
   76 |         ISM330DHCX_Status status = ISM_NONE;
      |                           ^~~~~~
arm-none-eabi-gcc -o "IMU_F401.elf" @"objects.list"   -mcpu=cortex-m4 -T"/home/filip/projects/stm/workspace/IMU_F401/STM32F401RETX_FLASH.ld" --specs=nosys.specs -Wl,-Map="IMU_F401.map" -Wl,--gc-sections -static --specs=nano.specs -mfpu=fpv4-sp-d16 -mfloat-abi=hard -mthumb -Wl,--start-group -lc -lm -Wl,--end-group
Finished building target: IMU_F401.elf
 
arm-none-eabi-size  IMU_F401.elf 
arm-none-eabi-objdump -h -S IMU_F401.elf  > "IMU_F401.list"
   text	   data	    bss	    dec	    hex	filename
  29948	    112	   2392	  32452	   7ec4	IMU_F401.elf
Finished building: default.size.stdout
 
Finished building: IMU_F401.list
 
17:42:30 **** Incremental Build of configuration Debug for project IMU_F401 ****
make -j16 all 
arm-none-eabi-size  IMU_F401.elf 
   text	   data	    bss	    dec	    hex	filename
  29948	    112	   2392	  32452	   7ec4	IMU_F401.elf
Finished building: default.size.stdout
 
17:46:00 **** Incremental Build of configuration Debug for project IMU_F401 ****
make -j16 all 
arm-none-eabi-gcc "../Core/Src/main.c" -mcpu=cortex-m4 -std=gnu11 -g3 -DDEBUG -DUSE_HAL_DRIVER -DSTM32F401xE -c -I../Core/Inc -I../Drivers/STM32F4xx_HAL_Driver/Inc -I../Drivers/STM32F4xx_HAL_Driver/Inc/Legacy -I../Drivers/CMSIS/Device/ST/STM32F4xx/Include -I../Drivers/CMSIS/Include -O0 -ffunction-sections -fdata-sections -Wall -fstack-usage -fcyclomatic-complexity -MMD -MP -MF"Core/Src/main.d" -MT"Core/Src/main.o" --specs=nano.specs -mfpu=fpv4-sp-d16 -mfloat-abi=hard -mthumb -o "Core/Src/main.o"
../Core/Src/main.c: In function 'main':
../Core/Src/main.c:117:17: warning: unused variable 'x_degps' [-Wunused-variable]
  117 |           float x_degps = ((float) ism.data.gyroscope.raw.x) * ISM_FS_GYRO_250_SENSITIVITY / 1000.0;
      |                 ^~~~~~~
../Core/Src/main.c:76:27: warning: variable 'status' set but not used [-Wunused-but-set-variable]
   76 |         ISM330DHCX_Status status = ISM_NONE;
      |                           ^~~~~~
arm-none-eabi-gcc -o "IMU_F401.elf" @"objects.list"   -mcpu=cortex-m4 -T"/home/filip/projects/stm/workspace/IMU_F401/STM32F401RETX_FLASH.ld" --specs=nosys.specs -Wl,-Map="IMU_F401.map" -Wl,--gc-sections -static --specs=nano.specs -mfpu=fpv4-sp-d16 -mfloat-abi=hard -mthumb -Wl,--start-group -lc -lm -Wl,--end-group
Finished building target: IMU_F401.elf
 
arm-none-eabi-size  IMU_F401.elf 
arm-none-eabi-objdump -h -S IMU_F401.elf  > "IMU_F401.list"
   text	   data	    bss	    dec	    hex	filename
  29948	    112	   2392	  32452	   7ec4	IMU_F401.elf
Finished building: default.size.stdout
 
Finished building: IMU_F401.list
 
17:53:43 **** Incremental Build of configuration Debug for project IMU_F401 ****
make -j16 all 
arm-none-eabi-gcc "../Core/Src/main.c" -mcpu=cortex-m4 -std=gnu11 -g3 -DDEBUG -DUSE_HAL_DRIVER -DSTM32F401xE -c -I../Core/Inc -I../Drivers/STM32F4xx_HAL_Driver/Inc -I../Drivers/STM32F4xx_HAL_Driver/Inc/Legacy -I../Drivers/CMSIS/Device/ST/STM32F4xx/Include -I../Drivers/CMSIS/Include -O0 -ffunction-sections -fdata-sections -Wall -fstack-usage -fcyclomatic-complexity -MMD -MP -MF"Core/Src/main.d" -MT"Core/Src/main.o" --specs=nano.specs -mfpu=fpv4-sp-d16 -mfloat-abi=hard -mthumb -o "Core/Src/main.o"
../Core/Src/main.c: In function 'main':
../Core/Src/main.c:119:17: warning: unused variable 'z_degps' [-Wunused-variable]
  119 |           float z_degps = ((float) ism.data.gyroscope.raw.z) * ISM_FS_GYRO_250_SENSITIVITY / 1000.0;
      |                 ^~~~~~~
../Core/Src/main.c:76:27: warning: variable 'status' set but not used [-Wunused-but-set-variable]
   76 |         ISM330DHCX_Status status = ISM_NONE;
      |                           ^~~~~~
arm-none-eabi-gcc -o "IMU_F401.elf" @"objects.list"   -mcpu=cortex-m4 -T"/home/filip/projects/stm/workspace/IMU_F401/STM32F401RETX_FLASH.ld" --specs=nosys.specs -Wl,-Map="IMU_F401.map" -Wl,--gc-sections -static --specs=nano.specs -mfpu=fpv4-sp-d16 -mfloat-abi=hard -mthumb -Wl,--start-group -lc -lm -Wl,--end-group
Finished building target: IMU_F401.elf
 
arm-none-eabi-size  IMU_F401.elf 
arm-none-eabi-objdump -h -S IMU_F401.elf  > "IMU_F401.list"
   text	   data	    bss	    dec	    hex	filename
  29948	    112	   2392	  32452	   7ec4	IMU_F401.elf
Finished building: default.size.stdout
 
Finished building: IMU_F401.list
 
20:11:17 **** Incremental Build of configuration Debug for project IMU_F401 ****
make -j16 all 
arm-none-eabi-gcc "../Core/Src/ism330dhcx.c" -mcpu=cortex-m4 -std=gnu11 -g3 -DDEBUG -DUSE_HAL_DRIVER -DSTM32F401xE -c -I../Core/Inc -I../Drivers/STM32F4xx_HAL_Driver/Inc -I../Drivers/STM32F4xx_HAL_Driver/Inc/Legacy -I../Drivers/CMSIS/Device/ST/STM32F4xx/Include -I../Drivers/CMSIS/Include -O0 -ffunction-sections -fdata-sections -Wall -fstack-usage -fcyclomatic-complexity -MMD -MP -MF"Core/Src/ism330dhcx.d" -MT"Core/Src/ism330dhcx.o" --specs=nano.specs -mfpu=fpv4-sp-d16 -mfloat-abi=hard -mthumb -o "Core/Src/ism330dhcx.o"
arm-none-eabi-gcc "../Core/Src/ism330dhcx_settings.c" -mcpu=cortex-m4 -std=gnu11 -g3 -DDEBUG -DUSE_HAL_DRIVER -DSTM32F401xE -c -I../Core/Inc -I../Drivers/STM32F4xx_HAL_Driver/Inc -I../Drivers/STM32F4xx_HAL_Driver/Inc/Legacy -I../Drivers/CMSIS/Device/ST/STM32F4xx/Include -I../Drivers/CMSIS/Include -O0 -ffunction-sections -fdata-sections -Wall -fstack-usage -fcyclomatic-complexity -MMD -MP -MF"Core/Src/ism330dhcx_settings.d" -MT"Core/Src/ism330dhcx_settings.o" --specs=nano.specs -mfpu=fpv4-sp-d16 -mfloat-abi=hard -mthumb -o "Core/Src/ism330dhcx_settings.o"
arm-none-eabi-gcc "../Core/Src/ism330dhcx_utils.c" -mcpu=cortex-m4 -std=gnu11 -g3 -DDEBUG -DUSE_HAL_DRIVER -DSTM32F401xE -c -I../Core/Inc -I../Drivers/STM32F4xx_HAL_Driver/Inc -I../Drivers/STM32F4xx_HAL_Driver/Inc/Legacy -I../Drivers/CMSIS/Device/ST/STM32F4xx/Include -I../Drivers/CMSIS/Include -O0 -ffunction-sections -fdata-sections -Wall -fstack-usage -fcyclomatic-complexity -MMD -MP -MF"Core/Src/ism330dhcx_utils.d" -MT"Core/Src/ism330dhcx_utils.o" --specs=nano.specs -mfpu=fpv4-sp-d16 -mfloat-abi=hard -mthumb -o "Core/Src/ism330dhcx_utils.o"
arm-none-eabi-gcc "../Core/Src/kalman.c" -mcpu=cortex-m4 -std=gnu11 -g3 -DDEBUG -DUSE_HAL_DRIVER -DSTM32F401xE -c -I../Core/Inc -I../Drivers/STM32F4xx_HAL_Driver/Inc -I../Drivers/STM32F4xx_HAL_Driver/Inc/Legacy -I../Drivers/CMSIS/Device/ST/STM32F4xx/Include -I../Drivers/CMSIS/Include -O0 -ffunction-sections -fdata-sections -Wall -fstack-usage -fcyclomatic-complexity -MMD -MP -MF"Core/Src/kalman.d" -MT"Core/Src/kalman.o" --specs=nano.specs -mfpu=fpv4-sp-d16 -mfloat-abi=hard -mthumb -o "Core/Src/kalman.o"
arm-none-eabi-gcc "../Core/Src/kalman3d.c" -mcpu=cortex-m4 -std=gnu11 -g3 -DDEBUG -DUSE_HAL_DRIVER -DSTM32F401xE -c -I../Core/Inc -I../Drivers/STM32F4xx_HAL_Driver/Inc -I../Drivers/STM32F4xx_HAL_Driver/Inc/Legacy -I../Drivers/CMSIS/Device/ST/STM32F4xx/Include -I../Drivers/CMSIS/Include -O0 -ffunction-sections -fdata-sections -Wall -fstack-usage -fcyclomatic-complexity -MMD -MP -MF"Core/Src/kalman3d.d" -MT"Core/Src/kalman3d.o" --specs=nano.specs -mfpu=fpv4-sp-d16 -mfloat-abi=hard -mthumb -o "Core/Src/kalman3d.o"
arm-none-eabi-gcc "../Core/Src/main.c" -mcpu=cortex-m4 -std=gnu11 -g3 -DDEBUG -DUSE_HAL_DRIVER -DSTM32F401xE -c -I../Core/Inc -I../Drivers/STM32F4xx_HAL_Driver/Inc -I../Drivers/STM32F4xx_HAL_Driver/Inc/Legacy -I../Drivers/CMSIS/Device/ST/STM32F4xx/Include -I../Drivers/CMSIS/Include -O0 -ffunction-sections -fdata-sections -Wall -fstack-usage -fcyclomatic-complexity -MMD -MP -MF"Core/Src/main.d" -MT"Core/Src/main.o" --specs=nano.specs -mfpu=fpv4-sp-d16 -mfloat-abi=hard -mthumb -o "Core/Src/main.o"
arm-none-eabi-gcc "../Core/Src/stm32f4xx_hal_msp.c" -mcpu=cortex-m4 -std=gnu11 -g3 -DDEBUG -DUSE_HAL_DRIVER -DSTM32F401xE -c -I../Core/Inc -I../Drivers/STM32F4xx_HAL_Driver/Inc -I../Drivers/STM32F4xx_HAL_Driver/Inc/Legacy -I../Drivers/CMSIS/Device/ST/STM32F4xx/Include -I../Drivers/CMSIS/Include -O0 -ffunction-sections -fdata-sections -Wall -fstack-usage -fcyclomatic-complexity -MMD -MP -MF"Core/Src/stm32f4xx_hal_msp.d" -MT"Core/Src/stm32f4xx_hal_msp.o" --specs=nano.specs -mfpu=fpv4-sp-d16 -mfloat-abi=hard -mthumb -o "Core/Src/stm32f4xx_hal_msp.o"
arm-none-eabi-gcc "../Core/Src/stm32f4xx_it.c" -mcpu=cortex-m4 -std=gnu11 -g3 -DDEBUG -DUSE_HAL_DRIVER -DSTM32F401xE -c -I../Core/Inc -I../Drivers/STM32F4xx_HAL_Driver/Inc -I../Drivers/STM32F4xx_HAL_Driver/Inc/Legacy -I../Drivers/CMSIS/Device/ST/STM32F4xx/Include -I../Drivers/CMSIS/Include -O0 -ffunction-sections -fdata-sections -Wall -fstack-usage -fcyclomatic-complexity -MMD -MP -MF"Core/Src/stm32f4xx_it.d" -MT"Core/Src/stm32f4xx_it.o" --specs=nano.specs -mfpu=fpv4-sp-d16 -mfloat-abi=hard -mthumb -o "Core/Src/stm32f4xx_it.o"
arm-none-eabi-gcc "../Core/Src/syscalls.c" -mcpu=cortex-m4 -std=gnu11 -g3 -DDEBUG -DUSE_HAL_DRIVER -DSTM32F401xE -c -I../Core/Inc -I../Drivers/STM32F4xx_HAL_Driver/Inc -I../Drivers/STM32F4xx_HAL_Driver/Inc/Legacy -I../Drivers/CMSIS/Device/ST/STM32F4xx/Include -I../Drivers/CMSIS/Include -O0 -ffunction-sections -fdata-sections -Wall -fstack-usage -fcyclomatic-complexity -MMD -MP -MF"Core/Src/syscalls.d" -MT"Core/Src/syscalls.o" --specs=nano.specs -mfpu=fpv4-sp-d16 -mfloat-abi=hard -mthumb -o "Core/Src/syscalls.o"
arm-none-eabi-gcc "../Core/Src/sysmem.c" -mcpu=cortex-m4 -std=gnu11 -g3 -DDEBUG -DUSE_HAL_DRIVER -DSTM32F401xE -c -I../Core/Inc -I../Drivers/STM32F4xx_HAL_Driver/Inc -I../Drivers/STM32F4xx_HAL_Driver/Inc/Legacy -I../Drivers/CMSIS/Device/ST/STM32F4xx/Include -I../Drivers/CMSIS/Include -O0 -ffunction-sections -fdata-sections -Wall -fstack-usage -fcyclomatic-complexity -MMD -MP -MF"Core/Src/sysmem.d" -MT"Core/Src/sysmem.o" --specs=nano.specs -mfpu=fpv4-sp-d16 -mfloat-abi=hard -mthumb -o "Core/Src/sysmem.o"
arm-none-eabi-gcc "../Core/Src/system_stm32f4xx.c" -mcpu=cortex-m4 -std=gnu11 -g3 -DDEBUG -DUSE_HAL_DRIVER -DSTM32F401xE -c -I../Core/Inc -I../Drivers/STM32F4xx_HAL_Driver/Inc -I../Drivers/STM32F4xx_HAL_Driver/Inc/Legacy -I../Drivers/CMSIS/Device/ST/STM32F4xx/Include -I../Drivers/CMSIS/Include -O0 -ffunction-sections -fdata-sections -Wall -fstack-usage -fcyclomatic-complexity -MMD -MP -MF"Core/Src/system_stm32f4xx.d" -MT"Core/Src/system_stm32f4xx.o" --specs=nano.specs -mfpu=fpv4-sp-d16 -mfloat-abi=hard -mthumb -o "Core/Src/system_stm32f4xx.o"
../Core/Src/kalman3d.c:123:8: error: conflicting types for 'update'; have 'Angles(float *)'
  123 | Angles update(float z[MEAS_SIZE]) {
      |        ^~~~~~
In file included from ../Core/Src/kalman3d.c:8:
../Core/Inc/kalman3d.h:24:6: note: previous declaration of 'update' with type 'void(float *)'
   24 | void update(float z[MEAS_SIZE]);
      |      ^~~~~~
../Core/Src/kalman3d.c: In function 'update':
../Core/Src/kalman3d.c:128:11: warning: unused variable 'H' [-Wunused-variable]
  128 |     float H[MEAS_SIZE][STATE_SIZE] = {
      |           ^
make: *** [Core/Src/subdir.mk:49: Core/Src/kalman3d.o] Error 1
make: *** Waiting for unfinished jobs....
../Core/Src/main.c: In function 'main':
../Core/Src/main.c:108:3: warning: implicit declaration of function 'kalmanFilter_init' [-Wimplicit-function-declaration]
  108 |   kalmanFilter_init(((float) 5) / 1000.0);
      |   ^~~~~~~~~~~~~~~~~
../Core/Src/main.c:109:3: warning: implicit declaration of function 'init_kalman3d' [-Wimplicit-function-declaration]
  109 |   init_kalman3d();
      |   ^~~~~~~~~~~~~
../Core/Src/main.c:130:40: error: 'acc' undeclared (first use in this function)
  130 |           float measured_roll  = atan2(acc[1], acc[2]);
      |                                        ^~~
../Core/Src/main.c:130:40: note: each undeclared identifier is reported only once for each function it appears in
../Core/Src/main.c:135:22: error: invalid initializer
  135 |           Angles a = update(z);
      |                      ^~~~~~
../Core/Src/main.c:135:18: warning: unused variable 'a' [-Wunused-variable]
  135 |           Angles a = update(z);
      |                  ^
../Core/Src/main.c:129:17: warning: unused variable 'ap' [-Wunused-variable]
  129 |           float ap[3] = {x_g, y_g, z_g};
      |                 ^~
../Core/Src/main.c:76:27: warning: variable 'status' set but not used [-Wunused-but-set-variable]
   76 |         ISM330DHCX_Status status = ISM_NONE;
      |                           ^~~~~~
make: *** [Core/Src/subdir.mk:49: Core/Src/main.o] Error 1
"make -j16 all" terminated with exit code 2. Build might be incomplete.
20:11:28 **** Incremental Build of configuration Debug for project IMU_F401 ****
make -j16 all 
arm-none-eabi-gcc "../Core/Src/kalman3d.c" -mcpu=cortex-m4 -std=gnu11 -g3 -DDEBUG -DUSE_HAL_DRIVER -DSTM32F401xE -c -I../Core/Inc -I../Drivers/STM32F4xx_HAL_Driver/Inc -I../Drivers/STM32F4xx_HAL_Driver/Inc/Legacy -I../Drivers/CMSIS/Device/ST/STM32F4xx/Include -I../Drivers/CMSIS/Include -O0 -ffunction-sections -fdata-sections -Wall -fstack-usage -fcyclomatic-complexity -MMD -MP -MF"Core/Src/kalman3d.d" -MT"Core/Src/kalman3d.o" --specs=nano.specs -mfpu=fpv4-sp-d16 -mfloat-abi=hard -mthumb -o "Core/Src/kalman3d.o"
arm-none-eabi-gcc "../Core/Src/main.c" -mcpu=cortex-m4 -std=gnu11 -g3 -DDEBUG -DUSE_HAL_DRIVER -DSTM32F401xE -c -I../Core/Inc -I../Drivers/STM32F4xx_HAL_Driver/Inc -I../Drivers/STM32F4xx_HAL_Driver/Inc/Legacy -I../Drivers/CMSIS/Device/ST/STM32F4xx/Include -I../Drivers/CMSIS/Include -O0 -ffunction-sections -fdata-sections -Wall -fstack-usage -fcyclomatic-complexity -MMD -MP -MF"Core/Src/main.d" -MT"Core/Src/main.o" --specs=nano.specs -mfpu=fpv4-sp-d16 -mfloat-abi=hard -mthumb -o "Core/Src/main.o"
arm-none-eabi-gcc "../Core/Src/stm32f4xx_hal_msp.c" -mcpu=cortex-m4 -std=gnu11 -g3 -DDEBUG -DUSE_HAL_DRIVER -DSTM32F401xE -c -I../Core/Inc -I../Drivers/STM32F4xx_HAL_Driver/Inc -I../Drivers/STM32F4xx_HAL_Driver/Inc/Legacy -I../Drivers/CMSIS/Device/ST/STM32F4xx/Include -I../Drivers/CMSIS/Include -O0 -ffunction-sections -fdata-sections -Wall -fstack-usage -fcyclomatic-complexity -MMD -MP -MF"Core/Src/stm32f4xx_hal_msp.d" -MT"Core/Src/stm32f4xx_hal_msp.o" --specs=nano.specs -mfpu=fpv4-sp-d16 -mfloat-abi=hard -mthumb -o "Core/Src/stm32f4xx_hal_msp.o"
arm-none-eabi-gcc "../Core/Src/stm32f4xx_it.c" -mcpu=cortex-m4 -std=gnu11 -g3 -DDEBUG -DUSE_HAL_DRIVER -DSTM32F401xE -c -I../Core/Inc -I../Drivers/STM32F4xx_HAL_Driver/Inc -I../Drivers/STM32F4xx_HAL_Driver/Inc/Legacy -I../Drivers/CMSIS/Device/ST/STM32F4xx/Include -I../Drivers/CMSIS/Include -O0 -ffunction-sections -fdata-sections -Wall -fstack-usage -fcyclomatic-complexity -MMD -MP -MF"Core/Src/stm32f4xx_it.d" -MT"Core/Src/stm32f4xx_it.o" --specs=nano.specs -mfpu=fpv4-sp-d16 -mfloat-abi=hard -mthumb -o "Core/Src/stm32f4xx_it.o"
../Core/Src/kalman3d.c: In function 'update':
../Core/Src/kalman3d.c:128:11: warning: unused variable 'H' [-Wunused-variable]
  128 |     float H[MEAS_SIZE][STATE_SIZE] = {
      |           ^
../Core/Src/main.c: In function 'main':
../Core/Src/main.c:108:3: warning: implicit declaration of function 'kalmanFilter_init' [-Wimplicit-function-declaration]
  108 |   kalmanFilter_init(((float) 5) / 1000.0);
      |   ^~~~~~~~~~~~~~~~~
../Core/Src/main.c:109:3: warning: implicit declaration of function 'init_kalman3d' [-Wimplicit-function-declaration]
  109 |   init_kalman3d();
      |   ^~~~~~~~~~~~~
../Core/Src/main.c:130:40: error: 'acc' undeclared (first use in this function)
  130 |           float measured_roll  = atan2(acc[1], acc[2]);
      |                                        ^~~
../Core/Src/main.c:130:40: note: each undeclared identifier is reported only once for each function it appears in
../Core/Src/main.c:135:18: warning: unused variable 'a' [-Wunused-variable]
  135 |           Angles a = update(z);
      |                  ^
../Core/Src/main.c:129:17: warning: unused variable 'ap' [-Wunused-variable]
  129 |           float ap[3] = {x_g, y_g, z_g};
      |                 ^~
../Core/Src/main.c:76:27: warning: variable 'status' set but not used [-Wunused-but-set-variable]
   76 |         ISM330DHCX_Status status = ISM_NONE;
      |                           ^~~~~~
make: *** [Core/Src/subdir.mk:49: Core/Src/main.o] Error 1
make: *** Waiting for unfinished jobs....
"make -j16 all" terminated with exit code 2. Build might be incomplete.
20:12:15 **** Incremental Build of configuration Debug for project IMU_F401 ****
make -j16 all 
arm-none-eabi-gcc "../Core/Src/main.c" -mcpu=cortex-m4 -std=gnu11 -g3 -DDEBUG -DUSE_HAL_DRIVER -DSTM32F401xE -c -I../Core/Inc -I../Drivers/STM32F4xx_HAL_Driver/Inc -I../Drivers/STM32F4xx_HAL_Driver/Inc/Legacy -I../Drivers/CMSIS/Device/ST/STM32F4xx/Include -I../Drivers/CMSIS/Include -O0 -ffunction-sections -fdata-sections -Wall -fstack-usage -fcyclomatic-complexity -MMD -MP -MF"Core/Src/main.d" -MT"Core/Src/main.o" --specs=nano.specs -mfpu=fpv4-sp-d16 -mfloat-abi=hard -mthumb -o "Core/Src/main.o"
../Core/Src/main.c: In function 'main':
../Core/Src/main.c:108:3: warning: implicit declaration of function 'init_kalman3d' [-Wimplicit-function-declaration]
  108 |   init_kalman3d();
      |   ^~~~~~~~~~~~~
../Core/Src/main.c:129:40: error: 'acc' undeclared (first use in this function)
  129 |           float measured_roll  = atan2(acc[1], acc[2]);
      |                                        ^~~
../Core/Src/main.c:129:40: note: each undeclared identifier is reported only once for each function it appears in
../Core/Src/main.c:134:18: warning: unused variable 'a' [-Wunused-variable]
  134 |           Angles a = update(z);
      |                  ^
../Core/Src/main.c:128:17: warning: unused variable 'ap' [-Wunused-variable]
  128 |           float ap[3] = {x_g, y_g, z_g};
      |                 ^~
../Core/Src/main.c:76:27: warning: variable 'status' set but not used [-Wunused-but-set-variable]
   76 |         ISM330DHCX_Status status = ISM_NONE;
      |                           ^~~~~~
make: *** [Core/Src/subdir.mk:49: Core/Src/main.o] Error 1
"make -j16 all" terminated with exit code 2. Build might be incomplete.
20:13:39 **** Incremental Build of configuration Debug for project IMU_F401 ****
make -j16 all 
arm-none-eabi-gcc "../Core/Src/main.c" -mcpu=cortex-m4 -std=gnu11 -g3 -DDEBUG -DUSE_HAL_DRIVER -DSTM32F401xE -c -I../Core/Inc -I../Drivers/STM32F4xx_HAL_Driver/Inc -I../Drivers/STM32F4xx_HAL_Driver/Inc/Legacy -I../Drivers/CMSIS/Device/ST/STM32F4xx/Include -I../Drivers/CMSIS/Include -O0 -ffunction-sections -fdata-sections -Wall -fstack-usage -fcyclomatic-complexity -MMD -MP -MF"Core/Src/main.d" -MT"Core/Src/main.o" --specs=nano.specs -mfpu=fpv4-sp-d16 -mfloat-abi=hard -mthumb -o "Core/Src/main.o"
../Core/Src/main.c: In function 'main':
../Core/Src/main.c:108:3: warning: implicit declaration of function 'init_kalman3d' [-Wimplicit-function-declaration]
  108 |   init_kalman3d();
      |   ^~~~~~~~~~~~~
../Core/Src/main.c:128:17: warning: unused variable 'ap' [-Wunused-variable]
  128 |           float ap[3] = {x_g, y_g, z_g};
      |                 ^~
../Core/Src/main.c:76:27: warning: variable 'status' set but not used [-Wunused-but-set-variable]
   76 |         ISM330DHCX_Status status = ISM_NONE;
      |                           ^~~~~~
arm-none-eabi-gcc -o "IMU_F401.elf" @"objects.list"   -mcpu=cortex-m4 -T"/home/filip/projects/stm/workspace/IMU_F401/STM32F401RETX_FLASH.ld" --specs=nosys.specs -Wl,-Map="IMU_F401.map" -Wl,--gc-sections -static --specs=nano.specs -mfpu=fpv4-sp-d16 -mfloat-abi=hard -mthumb -Wl,--start-group -lc -lm -Wl,--end-group
/home/filip/apps/stm32cubeide/plugins/com.st.stm32cube.ide.mcu.externaltools.gnu-tools-for-stm32.12.3.rel1.linux64_1.1.0.202410170702/tools/bin/../lib/gcc/arm-none-eabi/12.3.1/../../../../arm-none-eabi/bin/ld: ./Core/Src/kalman3d.o:/home/filip/projects/stm/workspace/IMU_F401/Debug/../Core/Src/kalman3d.c:12: multiple definition of `x'; ./Core/Src/kalman.o:/home/filip/projects/stm/workspace/IMU_F401/Debug/../Core/Src/kalman.c:14: first defined here
/home/filip/apps/stm32cubeide/plugins/com.st.stm32cube.ide.mcu.externaltools.gnu-tools-for-stm32.12.3.rel1.linux64_1.1.0.202410170702/tools/bin/../lib/gcc/arm-none-eabi/12.3.1/../../../../arm-none-eabi/bin/ld: ./Core/Src/kalman3d.o:/home/filip/projects/stm/workspace/IMU_F401/Debug/../Core/Src/kalman3d.c:13: multiple definition of `P'; ./Core/Src/kalman.o:/home/filip/projects/stm/workspace/IMU_F401/Debug/../Core/Src/kalman.c:17: first defined here
/home/filip/apps/stm32cubeide/plugins/com.st.stm32cube.ide.mcu.externaltools.gnu-tools-for-stm32.12.3.rel1.linux64_1.1.0.202410170702/tools/bin/../lib/gcc/arm-none-eabi/12.3.1/../../../../arm-none-eabi/bin/ld: ./Core/Src/kalman3d.o:/home/filip/projects/stm/workspace/IMU_F401/Debug/../Core/Src/kalman3d.c:16: multiple definition of `Q'; ./Core/Src/kalman.o:/home/filip/projects/stm/workspace/IMU_F401/Debug/../Core/Src/kalman.c:19: first defined here
/home/filip/apps/stm32cubeide/plugins/com.st.stm32cube.ide.mcu.externaltools.gnu-tools-for-stm32.12.3.rel1.linux64_1.1.0.202410170702/tools/bin/../lib/gcc/arm-none-eabi/12.3.1/../../../../arm-none-eabi/bin/ld: ./Core/Src/kalman3d.o:/home/filip/projects/stm/workspace/IMU_F401/Debug/../Core/Src/kalman3d.c:17: multiple definition of `R'; ./Core/Src/kalman.o:/home/filip/projects/stm/workspace/IMU_F401/Debug/../Core/Src/kalman.c:21: first defined here
collect2: error: ld returned 1 exit status
make: *** [makefile:64: IMU_F401.elf] Error 1
"make -j16 all" terminated with exit code 2. Build might be incomplete.
20:14:21 **** Incremental Build of configuration Debug for project IMU_F401 ****
make -j16 all 
arm-none-eabi-gcc "../Core/Src/main.c" -mcpu=cortex-m4 -std=gnu11 -g3 -DDEBUG -DUSE_HAL_DRIVER -DSTM32F401xE -c -I../Core/Inc -I../Drivers/STM32F4xx_HAL_Driver/Inc -I../Drivers/STM32F4xx_HAL_Driver/Inc/Legacy -I../Drivers/CMSIS/Device/ST/STM32F4xx/Include -I../Drivers/CMSIS/Include -O0 -ffunction-sections -fdata-sections -Wall -fstack-usage -fcyclomatic-complexity -MMD -MP -MF"Core/Src/main.d" -MT"Core/Src/main.o" --specs=nano.specs -mfpu=fpv4-sp-d16 -mfloat-abi=hard -mthumb -o "Core/Src/main.o"
../Core/Src/main.c: In function 'main':
../Core/Src/main.c:108:3: warning: implicit declaration of function 'init_kalman3d' [-Wimplicit-function-declaration]
  108 |   init_kalman3d();
      |   ^~~~~~~~~~~~~
../Core/Src/main.c:76:27: warning: variable 'status' set but not used [-Wunused-but-set-variable]
   76 |         ISM330DHCX_Status status = ISM_NONE;
      |                           ^~~~~~
arm-none-eabi-gcc -o "IMU_F401.elf" @"objects.list"   -mcpu=cortex-m4 -T"/home/filip/projects/stm/workspace/IMU_F401/STM32F401RETX_FLASH.ld" --specs=nosys.specs -Wl,-Map="IMU_F401.map" -Wl,--gc-sections -static --specs=nano.specs -mfpu=fpv4-sp-d16 -mfloat-abi=hard -mthumb -Wl,--start-group -lc -lm -Wl,--end-group
/home/filip/apps/stm32cubeide/plugins/com.st.stm32cube.ide.mcu.externaltools.gnu-tools-for-stm32.12.3.rel1.linux64_1.1.0.202410170702/tools/bin/../lib/gcc/arm-none-eabi/12.3.1/../../../../arm-none-eabi/bin/ld: ./Core/Src/kalman3d.o:/home/filip/projects/stm/workspace/IMU_F401/Debug/../Core/Src/kalman3d.c:12: multiple definition of `x'; ./Core/Src/kalman.o:/home/filip/projects/stm/workspace/IMU_F401/Debug/../Core/Src/kalman.c:14: first defined here
/home/filip/apps/stm32cubeide/plugins/com.st.stm32cube.ide.mcu.externaltools.gnu-tools-for-stm32.12.3.rel1.linux64_1.1.0.202410170702/tools/bin/../lib/gcc/arm-none-eabi/12.3.1/../../../../arm-none-eabi/bin/ld: ./Core/Src/kalman3d.o:/home/filip/projects/stm/workspace/IMU_F401/Debug/../Core/Src/kalman3d.c:13: multiple definition of `P'; ./Core/Src/kalman.o:/home/filip/projects/stm/workspace/IMU_F401/Debug/../Core/Src/kalman.c:17: first defined here
/home/filip/apps/stm32cubeide/plugins/com.st.stm32cube.ide.mcu.externaltools.gnu-tools-for-stm32.12.3.rel1.linux64_1.1.0.202410170702/tools/bin/../lib/gcc/arm-none-eabi/12.3.1/../../../../arm-none-eabi/bin/ld: ./Core/Src/kalman3d.o:/home/filip/projects/stm/workspace/IMU_F401/Debug/../Core/Src/kalman3d.c:16: multiple definition of `Q'; ./Core/Src/kalman.o:/home/filip/projects/stm/workspace/IMU_F401/Debug/../Core/Src/kalman.c:19: first defined here
/home/filip/apps/stm32cubeide/plugins/com.st.stm32cube.ide.mcu.externaltools.gnu-tools-for-stm32.12.3.rel1.linux64_1.1.0.202410170702/tools/bin/../lib/gcc/arm-none-eabi/12.3.1/../../../../arm-none-eabi/bin/ld: ./Core/Src/kalman3d.o:/home/filip/projects/stm/workspace/IMU_F401/Debug/../Core/Src/kalman3d.c:17: multiple definition of `R'; ./Core/Src/kalman.o:/home/filip/projects/stm/workspace/IMU_F401/Debug/../Core/Src/kalman.c:21: first defined here
collect2: error: ld returned 1 exit status
make: *** [makefile:64: IMU_F401.elf] Error 1
"make -j16 all" terminated with exit code 2. Build might be incomplete.
20:14:40 **** Incremental Build of configuration Debug for project IMU_F401 ****
make -j16 all 
arm-none-eabi-gcc "../Core/Src/kalman3d.c" -mcpu=cortex-m4 -std=gnu11 -g3 -DDEBUG -DUSE_HAL_DRIVER -DSTM32F401xE -c -I../Core/Inc -I../Drivers/STM32F4xx_HAL_Driver/Inc -I../Drivers/STM32F4xx_HAL_Driver/Inc/Legacy -I../Drivers/CMSIS/Device/ST/STM32F4xx/Include -I../Drivers/CMSIS/Include -O0 -ffunction-sections -fdata-sections -Wall -fstack-usage -fcyclomatic-complexity -MMD -MP -MF"Core/Src/kalman3d.d" -MT"Core/Src/kalman3d.o" --specs=nano.specs -mfpu=fpv4-sp-d16 -mfloat-abi=hard -mthumb -o "Core/Src/kalman3d.o"
arm-none-eabi-gcc "../Core/Src/main.c" -mcpu=cortex-m4 -std=gnu11 -g3 -DDEBUG -DUSE_HAL_DRIVER -DSTM32F401xE -c -I../Core/Inc -I../Drivers/STM32F4xx_HAL_Driver/Inc -I../Drivers/STM32F4xx_HAL_Driver/Inc/Legacy -I../Drivers/CMSIS/Device/ST/STM32F4xx/Include -I../Drivers/CMSIS/Include -O0 -ffunction-sections -fdata-sections -Wall -fstack-usage -fcyclomatic-complexity -MMD -MP -MF"Core/Src/main.d" -MT"Core/Src/main.o" --specs=nano.specs -mfpu=fpv4-sp-d16 -mfloat-abi=hard -mthumb -o "Core/Src/main.o"
arm-none-eabi-gcc "../Core/Src/stm32f4xx_hal_msp.c" -mcpu=cortex-m4 -std=gnu11 -g3 -DDEBUG -DUSE_HAL_DRIVER -DSTM32F401xE -c -I../Core/Inc -I../Drivers/STM32F4xx_HAL_Driver/Inc -I../Drivers/STM32F4xx_HAL_Driver/Inc/Legacy -I../Drivers/CMSIS/Device/ST/STM32F4xx/Include -I../Drivers/CMSIS/Include -O0 -ffunction-sections -fdata-sections -Wall -fstack-usage -fcyclomatic-complexity -MMD -MP -MF"Core/Src/stm32f4xx_hal_msp.d" -MT"Core/Src/stm32f4xx_hal_msp.o" --specs=nano.specs -mfpu=fpv4-sp-d16 -mfloat-abi=hard -mthumb -o "Core/Src/stm32f4xx_hal_msp.o"
arm-none-eabi-gcc "../Core/Src/stm32f4xx_it.c" -mcpu=cortex-m4 -std=gnu11 -g3 -DDEBUG -DUSE_HAL_DRIVER -DSTM32F401xE -c -I../Core/Inc -I../Drivers/STM32F4xx_HAL_Driver/Inc -I../Drivers/STM32F4xx_HAL_Driver/Inc/Legacy -I../Drivers/CMSIS/Device/ST/STM32F4xx/Include -I../Drivers/CMSIS/Include -O0 -ffunction-sections -fdata-sections -Wall -fstack-usage -fcyclomatic-complexity -MMD -MP -MF"Core/Src/stm32f4xx_it.d" -MT"Core/Src/stm32f4xx_it.o" --specs=nano.specs -mfpu=fpv4-sp-d16 -mfloat-abi=hard -mthumb -o "Core/Src/stm32f4xx_it.o"
../Core/Src/kalman3d.c: In function 'update':
../Core/Src/kalman3d.c:128:11: warning: unused variable 'H' [-Wunused-variable]
  128 |     float H[MEAS_SIZE][STATE_SIZE] = {
      |           ^
../Core/Src/main.c: In function 'main':
../Core/Src/main.c:76:27: warning: variable 'status' set but not used [-Wunused-but-set-variable]
   76 |         ISM330DHCX_Status status = ISM_NONE;
      |                           ^~~~~~
arm-none-eabi-gcc -o "IMU_F401.elf" @"objects.list"   -mcpu=cortex-m4 -T"/home/filip/projects/stm/workspace/IMU_F401/STM32F401RETX_FLASH.ld" --specs=nosys.specs -Wl,-Map="IMU_F401.map" -Wl,--gc-sections -static --specs=nano.specs -mfpu=fpv4-sp-d16 -mfloat-abi=hard -mthumb -Wl,--start-group -lc -lm -Wl,--end-group
/home/filip/apps/stm32cubeide/plugins/com.st.stm32cube.ide.mcu.externaltools.gnu-tools-for-stm32.12.3.rel1.linux64_1.1.0.202410170702/tools/bin/../lib/gcc/arm-none-eabi/12.3.1/../../../../arm-none-eabi/bin/ld: ./Core/Src/kalman3d.o:/home/filip/projects/stm/workspace/IMU_F401/Debug/../Core/Src/kalman3d.c:12: multiple definition of `x'; ./Core/Src/kalman.o:/home/filip/projects/stm/workspace/IMU_F401/Debug/../Core/Src/kalman.c:14: first defined here
/home/filip/apps/stm32cubeide/plugins/com.st.stm32cube.ide.mcu.externaltools.gnu-tools-for-stm32.12.3.rel1.linux64_1.1.0.202410170702/tools/bin/../lib/gcc/arm-none-eabi/12.3.1/../../../../arm-none-eabi/bin/ld: ./Core/Src/kalman3d.o:/home/filip/projects/stm/workspace/IMU_F401/Debug/../Core/Src/kalman3d.c:13: multiple definition of `P'; ./Core/Src/kalman.o:/home/filip/projects/stm/workspace/IMU_F401/Debug/../Core/Src/kalman.c:17: first defined here
/home/filip/apps/stm32cubeide/plugins/com.st.stm32cube.ide.mcu.externaltools.gnu-tools-for-stm32.12.3.rel1.linux64_1.1.0.202410170702/tools/bin/../lib/gcc/arm-none-eabi/12.3.1/../../../../arm-none-eabi/bin/ld: ./Core/Src/kalman3d.o:/home/filip/projects/stm/workspace/IMU_F401/Debug/../Core/Src/kalman3d.c:16: multiple definition of `Q'; ./Core/Src/kalman.o:/home/filip/projects/stm/workspace/IMU_F401/Debug/../Core/Src/kalman.c:19: first defined here
/home/filip/apps/stm32cubeide/plugins/com.st.stm32cube.ide.mcu.externaltools.gnu-tools-for-stm32.12.3.rel1.linux64_1.1.0.202410170702/tools/bin/../lib/gcc/arm-none-eabi/12.3.1/../../../../arm-none-eabi/bin/ld: ./Core/Src/kalman3d.o:/home/filip/projects/stm/workspace/IMU_F401/Debug/../Core/Src/kalman3d.c:17: multiple definition of `R'; ./Core/Src/kalman.o:/home/filip/projects/stm/workspace/IMU_F401/Debug/../Core/Src/kalman.c:21: first defined here
collect2: error: ld returned 1 exit status
make: *** [makefile:64: IMU_F401.elf] Error 1
"make -j16 all" terminated with exit code 2. Build might be incomplete.
20:15:04 **** Incremental Build of configuration Debug for project IMU_F401 ****
make -j16 all 
arm-none-eabi-gcc "../Core/Src/kalman.c" -mcpu=cortex-m4 -std=gnu11 -g3 -DDEBUG -DUSE_HAL_DRIVER -DSTM32F401xE -c -I../Core/Inc -I../Drivers/STM32F4xx_HAL_Driver/Inc -I../Drivers/STM32F4xx_HAL_Driver/Inc/Legacy -I../Drivers/CMSIS/Device/ST/STM32F4xx/Include -I../Drivers/CMSIS/Include -O0 -ffunction-sections -fdata-sections -Wall -fstack-usage -fcyclomatic-complexity -MMD -MP -MF"Core/Src/kalman.d" -MT"Core/Src/kalman.o" --specs=nano.specs -mfpu=fpv4-sp-d16 -mfloat-abi=hard -mthumb -o "Core/Src/kalman.o"
arm-none-eabi-gcc -o "IMU_F401.elf" @"objects.list"   -mcpu=cortex-m4 -T"/home/filip/projects/stm/workspace/IMU_F401/STM32F401RETX_FLASH.ld" --specs=nosys.specs -Wl,-Map="IMU_F401.map" -Wl,--gc-sections -static --specs=nano.specs -mfpu=fpv4-sp-d16 -mfloat-abi=hard -mthumb -Wl,--start-group -lc -lm -Wl,--end-group
/home/filip/apps/stm32cubeide/plugins/com.st.stm32cube.ide.mcu.externaltools.gnu-tools-for-stm32.12.3.rel1.linux64_1.1.0.202410170702/tools/bin/../lib/gcc/arm-none-eabi/12.3.1/../../../../arm-none-eabi/bin/ld: ./Core/Src/kalman3d.o:/home/filip/projects/stm/workspace/IMU_F401/Debug/../Core/Src/kalman3d.c:12: multiple definition of `x'; ./Core/Src/kalman.o:/home/filip/projects/stm/workspace/IMU_F401/Debug/../Core/Src/kalman.c:14: first defined here
/home/filip/apps/stm32cubeide/plugins/com.st.stm32cube.ide.mcu.externaltools.gnu-tools-for-stm32.12.3.rel1.linux64_1.1.0.202410170702/tools/bin/../lib/gcc/arm-none-eabi/12.3.1/../../../../arm-none-eabi/bin/ld: ./Core/Src/kalman3d.o:/home/filip/projects/stm/workspace/IMU_F401/Debug/../Core/Src/kalman3d.c:13: multiple definition of `P'; ./Core/Src/kalman.o:/home/filip/projects/stm/workspace/IMU_F401/Debug/../Core/Src/kalman.c:17: first defined here
/home/filip/apps/stm32cubeide/plugins/com.st.stm32cube.ide.mcu.externaltools.gnu-tools-for-stm32.12.3.rel1.linux64_1.1.0.202410170702/tools/bin/../lib/gcc/arm-none-eabi/12.3.1/../../../../arm-none-eabi/bin/ld: ./Core/Src/kalman3d.o:/home/filip/projects/stm/workspace/IMU_F401/Debug/../Core/Src/kalman3d.c:16: multiple definition of `Q'; ./Core/Src/kalman.o:/home/filip/projects/stm/workspace/IMU_F401/Debug/../Core/Src/kalman.c:19: first defined here
/home/filip/apps/stm32cubeide/plugins/com.st.stm32cube.ide.mcu.externaltools.gnu-tools-for-stm32.12.3.rel1.linux64_1.1.0.202410170702/tools/bin/../lib/gcc/arm-none-eabi/12.3.1/../../../../arm-none-eabi/bin/ld: ./Core/Src/kalman3d.o:/home/filip/projects/stm/workspace/IMU_F401/Debug/../Core/Src/kalman3d.c:17: multiple definition of `R'; ./Core/Src/kalman.o:/home/filip/projects/stm/workspace/IMU_F401/Debug/../Core/Src/kalman.c:21: first defined here
collect2: error: ld returned 1 exit status
make: *** [makefile:64: IMU_F401.elf] Error 1
"make -j16 all" terminated with exit code 2. Build might be incomplete.
20:16:03 **** Incremental Build of configuration Debug for project IMU_F401 ****
make -j16 all 
arm-none-eabi-gcc "../Core/Src/kalman.c" -mcpu=cortex-m4 -std=gnu11 -g3 -DDEBUG -DUSE_HAL_DRIVER -DSTM32F401xE -c -I../Core/Inc -I../Drivers/STM32F4xx_HAL_Driver/Inc -I../Drivers/STM32F4xx_HAL_Driver/Inc/Legacy -I../Drivers/CMSIS/Device/ST/STM32F4xx/Include -I../Drivers/CMSIS/Include -O0 -ffunction-sections -fdata-sections -Wall -fstack-usage -fcyclomatic-complexity -MMD -MP -MF"Core/Src/kalman.d" -MT"Core/Src/kalman.o" --specs=nano.specs -mfpu=fpv4-sp-d16 -mfloat-abi=hard -mthumb -o "Core/Src/kalman.o"
arm-none-eabi-gcc "../Core/Src/kalman3d.c" -mcpu=cortex-m4 -std=gnu11 -g3 -DDEBUG -DUSE_HAL_DRIVER -DSTM32F401xE -c -I../Core/Inc -I../Drivers/STM32F4xx_HAL_Driver/Inc -I../Drivers/STM32F4xx_HAL_Driver/Inc/Legacy -I../Drivers/CMSIS/Device/ST/STM32F4xx/Include -I../Drivers/CMSIS/Include -O0 -ffunction-sections -fdata-sections -Wall -fstack-usage -fcyclomatic-complexity -MMD -MP -MF"Core/Src/kalman3d.d" -MT"Core/Src/kalman3d.o" --specs=nano.specs -mfpu=fpv4-sp-d16 -mfloat-abi=hard -mthumb -o "Core/Src/kalman3d.o"
../Core/Src/kalman3d.c: In function 'update':
../Core/Src/kalman3d.c:128:11: warning: unused variable 'H' [-Wunused-variable]
  128 |     float H[MEAS_SIZE][STATE_SIZE] = {
      |           ^
arm-none-eabi-gcc -o "IMU_F401.elf" @"objects.list"   -mcpu=cortex-m4 -T"/home/filip/projects/stm/workspace/IMU_F401/STM32F401RETX_FLASH.ld" --specs=nosys.specs -Wl,-Map="IMU_F401.map" -Wl,--gc-sections -static --specs=nano.specs -mfpu=fpv4-sp-d16 -mfloat-abi=hard -mthumb -Wl,--start-group -lc -lm -Wl,--end-group
Finished building target: IMU_F401.elf
 
arm-none-eabi-size  IMU_F401.elf 
arm-none-eabi-objdump -h -S IMU_F401.elf  > "IMU_F401.list"
   text	   data	    bss	    dec	    hex	filename
  29236	    112	   2704	  32052	   7d34	IMU_F401.elf
Finished building: default.size.stdout
 
Finished building: IMU_F401.list
 
20:16:19 **** Incremental Build of configuration Debug for project IMU_F401 ****
make -j16 all 
arm-none-eabi-size  IMU_F401.elf 
   text	   data	    bss	    dec	    hex	filename
  29236	    112	   2704	  32052	   7d34	IMU_F401.elf
Finished building: default.size.stdout
 
20:24:33 **** Incremental Build of configuration Debug for project IMU_F401 ****
make -j16 all 
arm-none-eabi-gcc "../Core/Src/main.c" -mcpu=cortex-m4 -std=gnu11 -g3 -DDEBUG -DUSE_HAL_DRIVER -DSTM32F401xE -c -I../Core/Inc -I../Drivers/STM32F4xx_HAL_Driver/Inc -I../Drivers/STM32F4xx_HAL_Driver/Inc/Legacy -I../Drivers/CMSIS/Device/ST/STM32F4xx/Include -I../Drivers/CMSIS/Include -O0 -ffunction-sections -fdata-sections -Wall -fstack-usage -fcyclomatic-complexity -MMD -MP -MF"Core/Src/main.d" -MT"Core/Src/main.o" --specs=nano.specs -mfpu=fpv4-sp-d16 -mfloat-abi=hard -mthumb -o "Core/Src/main.o"
../Core/Src/main.c: In function 'main':
../Core/Src/main.c:76:27: warning: variable 'status' set but not used [-Wunused-but-set-variable]
   76 |         ISM330DHCX_Status status = ISM_NONE;
      |                           ^~~~~~
arm-none-eabi-gcc -o "IMU_F401.elf" @"objects.list"   -mcpu=cortex-m4 -T"/home/filip/projects/stm/workspace/IMU_F401/STM32F401RETX_FLASH.ld" --specs=nosys.specs -Wl,-Map="IMU_F401.map" -Wl,--gc-sections -static --specs=nano.specs -mfpu=fpv4-sp-d16 -mfloat-abi=hard -mthumb -Wl,--start-group -lc -lm -Wl,--end-group
Finished building target: IMU_F401.elf
 
arm-none-eabi-size  IMU_F401.elf 
arm-none-eabi-objdump -h -S IMU_F401.elf  > "IMU_F401.list"
   text	   data	    bss	    dec	    hex	filename
  29236	    112	   2704	  32052	   7d34	IMU_F401.elf
Finished building: default.size.stdout
 
Finished building: IMU_F401.list
 
20:25:19 **** Incremental Build of configuration Debug for project IMU_F401 ****
make -j16 all 
arm-none-eabi-size  IMU_F401.elf 
   text	   data	    bss	    dec	    hex	filename
  29236	    112	   2704	  32052	   7d34	IMU_F401.elf
Finished building: default.size.stdout
 
20:36:11 **** Incremental Build of configuration Debug for project IMU_F401 ****
make -j16 all 
arm-none-eabi-gcc "../Core/Src/ism330dhcx.c" -mcpu=cortex-m4 -std=gnu11 -g3 -DDEBUG -DUSE_HAL_DRIVER -DSTM32F401xE -c -I../Core/Inc -I../Drivers/STM32F4xx_HAL_Driver/Inc -I../Drivers/STM32F4xx_HAL_Driver/Inc/Legacy -I../Drivers/CMSIS/Device/ST/STM32F4xx/Include -I../Drivers/CMSIS/Include -O0 -ffunction-sections -fdata-sections -Wall -fstack-usage -fcyclomatic-complexity -MMD -MP -MF"Core/Src/ism330dhcx.d" -MT"Core/Src/ism330dhcx.o" --specs=nano.specs -mfpu=fpv4-sp-d16 -mfloat-abi=hard -mthumb -o "Core/Src/ism330dhcx.o"
arm-none-eabi-gcc "../Core/Src/ism330dhcx_settings.c" -mcpu=cortex-m4 -std=gnu11 -g3 -DDEBUG -DUSE_HAL_DRIVER -DSTM32F401xE -c -I../Core/Inc -I../Drivers/STM32F4xx_HAL_Driver/Inc -I../Drivers/STM32F4xx_HAL_Driver/Inc/Legacy -I../Drivers/CMSIS/Device/ST/STM32F4xx/Include -I../Drivers/CMSIS/Include -O0 -ffunction-sections -fdata-sections -Wall -fstack-usage -fcyclomatic-complexity -MMD -MP -MF"Core/Src/ism330dhcx_settings.d" -MT"Core/Src/ism330dhcx_settings.o" --specs=nano.specs -mfpu=fpv4-sp-d16 -mfloat-abi=hard -mthumb -o "Core/Src/ism330dhcx_settings.o"
arm-none-eabi-gcc "../Core/Src/ism330dhcx_utils.c" -mcpu=cortex-m4 -std=gnu11 -g3 -DDEBUG -DUSE_HAL_DRIVER -DSTM32F401xE -c -I../Core/Inc -I../Drivers/STM32F4xx_HAL_Driver/Inc -I../Drivers/STM32F4xx_HAL_Driver/Inc/Legacy -I../Drivers/CMSIS/Device/ST/STM32F4xx/Include -I../Drivers/CMSIS/Include -O0 -ffunction-sections -fdata-sections -Wall -fstack-usage -fcyclomatic-complexity -MMD -MP -MF"Core/Src/ism330dhcx_utils.d" -MT"Core/Src/ism330dhcx_utils.o" --specs=nano.specs -mfpu=fpv4-sp-d16 -mfloat-abi=hard -mthumb -o "Core/Src/ism330dhcx_utils.o"
arm-none-eabi-gcc "../Core/Src/kalman.c" -mcpu=cortex-m4 -std=gnu11 -g3 -DDEBUG -DUSE_HAL_DRIVER -DSTM32F401xE -c -I../Core/Inc -I../Drivers/STM32F4xx_HAL_Driver/Inc -I../Drivers/STM32F4xx_HAL_Driver/Inc/Legacy -I../Drivers/CMSIS/Device/ST/STM32F4xx/Include -I../Drivers/CMSIS/Include -O0 -ffunction-sections -fdata-sections -Wall -fstack-usage -fcyclomatic-complexity -MMD -MP -MF"Core/Src/kalman.d" -MT"Core/Src/kalman.o" --specs=nano.specs -mfpu=fpv4-sp-d16 -mfloat-abi=hard -mthumb -o "Core/Src/kalman.o"
arm-none-eabi-gcc "../Core/Src/kalman2d.c" -mcpu=cortex-m4 -std=gnu11 -g3 -DDEBUG -DUSE_HAL_DRIVER -DSTM32F401xE -c -I../Core/Inc -I../Drivers/STM32F4xx_HAL_Driver/Inc -I../Drivers/STM32F4xx_HAL_Driver/Inc/Legacy -I../Drivers/CMSIS/Device/ST/STM32F4xx/Include -I../Drivers/CMSIS/Include -O0 -ffunction-sections -fdata-sections -Wall -fstack-usage -fcyclomatic-complexity -MMD -MP -MF"Core/Src/kalman2d.d" -MT"Core/Src/kalman2d.o" --specs=nano.specs -mfpu=fpv4-sp-d16 -mfloat-abi=hard -mthumb -o "Core/Src/kalman2d.o"
arm-none-eabi-gcc "../Core/Src/main.c" -mcpu=cortex-m4 -std=gnu11 -g3 -DDEBUG -DUSE_HAL_DRIVER -DSTM32F401xE -c -I../Core/Inc -I../Drivers/STM32F4xx_HAL_Driver/Inc -I../Drivers/STM32F4xx_HAL_Driver/Inc/Legacy -I../Drivers/CMSIS/Device/ST/STM32F4xx/Include -I../Drivers/CMSIS/Include -O0 -ffunction-sections -fdata-sections -Wall -fstack-usage -fcyclomatic-complexity -MMD -MP -MF"Core/Src/main.d" -MT"Core/Src/main.o" --specs=nano.specs -mfpu=fpv4-sp-d16 -mfloat-abi=hard -mthumb -o "Core/Src/main.o"
arm-none-eabi-gcc "../Core/Src/stm32f4xx_hal_msp.c" -mcpu=cortex-m4 -std=gnu11 -g3 -DDEBUG -DUSE_HAL_DRIVER -DSTM32F401xE -c -I../Core/Inc -I../Drivers/STM32F4xx_HAL_Driver/Inc -I../Drivers/STM32F4xx_HAL_Driver/Inc/Legacy -I../Drivers/CMSIS/Device/ST/STM32F4xx/Include -I../Drivers/CMSIS/Include -O0 -ffunction-sections -fdata-sections -Wall -fstack-usage -fcyclomatic-complexity -MMD -MP -MF"Core/Src/stm32f4xx_hal_msp.d" -MT"Core/Src/stm32f4xx_hal_msp.o" --specs=nano.specs -mfpu=fpv4-sp-d16 -mfloat-abi=hard -mthumb -o "Core/Src/stm32f4xx_hal_msp.o"
arm-none-eabi-gcc "../Core/Src/stm32f4xx_it.c" -mcpu=cortex-m4 -std=gnu11 -g3 -DDEBUG -DUSE_HAL_DRIVER -DSTM32F401xE -c -I../Core/Inc -I../Drivers/STM32F4xx_HAL_Driver/Inc -I../Drivers/STM32F4xx_HAL_Driver/Inc/Legacy -I../Drivers/CMSIS/Device/ST/STM32F4xx/Include -I../Drivers/CMSIS/Include -O0 -ffunction-sections -fdata-sections -Wall -fstack-usage -fcyclomatic-complexity -MMD -MP -MF"Core/Src/stm32f4xx_it.d" -MT"Core/Src/stm32f4xx_it.o" --specs=nano.specs -mfpu=fpv4-sp-d16 -mfloat-abi=hard -mthumb -o "Core/Src/stm32f4xx_it.o"
arm-none-eabi-gcc "../Core/Src/syscalls.c" -mcpu=cortex-m4 -std=gnu11 -g3 -DDEBUG -DUSE_HAL_DRIVER -DSTM32F401xE -c -I../Core/Inc -I../Drivers/STM32F4xx_HAL_Driver/Inc -I../Drivers/STM32F4xx_HAL_Driver/Inc/Legacy -I../Drivers/CMSIS/Device/ST/STM32F4xx/Include -I../Drivers/CMSIS/Include -O0 -ffunction-sections -fdata-sections -Wall -fstack-usage -fcyclomatic-complexity -MMD -MP -MF"Core/Src/syscalls.d" -MT"Core/Src/syscalls.o" --specs=nano.specs -mfpu=fpv4-sp-d16 -mfloat-abi=hard -mthumb -o "Core/Src/syscalls.o"
arm-none-eabi-gcc "../Core/Src/sysmem.c" -mcpu=cortex-m4 -std=gnu11 -g3 -DDEBUG -DUSE_HAL_DRIVER -DSTM32F401xE -c -I../Core/Inc -I../Drivers/STM32F4xx_HAL_Driver/Inc -I../Drivers/STM32F4xx_HAL_Driver/Inc/Legacy -I../Drivers/CMSIS/Device/ST/STM32F4xx/Include -I../Drivers/CMSIS/Include -O0 -ffunction-sections -fdata-sections -Wall -fstack-usage -fcyclomatic-complexity -MMD -MP -MF"Core/Src/sysmem.d" -MT"Core/Src/sysmem.o" --specs=nano.specs -mfpu=fpv4-sp-d16 -mfloat-abi=hard -mthumb -o "Core/Src/sysmem.o"
arm-none-eabi-gcc "../Core/Src/system_stm32f4xx.c" -mcpu=cortex-m4 -std=gnu11 -g3 -DDEBUG -DUSE_HAL_DRIVER -DSTM32F401xE -c -I../Core/Inc -I../Drivers/STM32F4xx_HAL_Driver/Inc -I../Drivers/STM32F4xx_HAL_Driver/Inc/Legacy -I../Drivers/CMSIS/Device/ST/STM32F4xx/Include -I../Drivers/CMSIS/Include -O0 -ffunction-sections -fdata-sections -Wall -fstack-usage -fcyclomatic-complexity -MMD -MP -MF"Core/Src/system_stm32f4xx.d" -MT"Core/Src/system_stm32f4xx.o" --specs=nano.specs -mfpu=fpv4-sp-d16 -mfloat-abi=hard -mthumb -o "Core/Src/system_stm32f4xx.o"
In file included from ../Core/Src/kalman.c:8:
../Core/Inc/kalman.h:13:1: warning: data definition has no type or storage class
   13 | init_kalman(float mea_e, float est_e, float q);
      | ^~~~~~~~~~~
../Core/Inc/kalman.h:13:1: warning: type defaults to 'int' in declaration of 'init_kalman' [-Wimplicit-int]
../Core/Src/kalman.c:17:1: warning: return type defaults to 'int' [-Wimplicit-int]
   17 | init_kalman(float mea_e, float est_e, float q)
      | ^~~~~~~~~~~
../Core/Src/kalman.c: In function 'init_kalman':
../Core/Src/kalman.c:22:1: warning: control reaches end of non-void function [-Wreturn-type]
   22 | }
      | ^
In file included from ../Core/Inc/main.h:35,
                 from ../Core/Src/main.c:20:
../Core/Inc/kalman.h:13:1: warning: data definition has no type or storage class
   13 | init_kalman(float mea_e, float est_e, float q);
      | ^~~~~~~~~~~
../Core/Inc/kalman.h:13:1: warning: type defaults to 'int' in declaration of 'init_kalman' [-Wimplicit-int]
../Core/Src/main.c: In function 'main':
../Core/Src/main.c:118:17: warning: unused variable 'estimated' [-Wunused-variable]
  118 |           float estimated = updateEstimate(x_degps);
      |                 ^~~~~~~~~
../Core/Src/main.c:76:27: warning: variable 'status' set but not used [-Wunused-but-set-variable]
   76 |         ISM330DHCX_Status status = ISM_NONE;
      |                           ^~~~~~
In file included from ../Core/Inc/main.h:35,
                 from ../Core/Src/stm32f4xx_hal_msp.c:22:
../Core/Inc/kalman.h:13:1: warning: data definition has no type or storage class
   13 | init_kalman(float mea_e, float est_e, float q);
      | ^~~~~~~~~~~
../Core/Inc/kalman.h:13:1: warning: type defaults to 'int' in declaration of 'init_kalman' [-Wimplicit-int]
In file included from ../Core/Inc/main.h:35,
                 from ../Core/Src/stm32f4xx_it.c:21:
../Core/Inc/kalman.h:13:1: warning: data definition has no type or storage class
   13 | init_kalman(float mea_e, float est_e, float q);
      | ^~~~~~~~~~~
../Core/Inc/kalman.h:13:1: warning: type defaults to 'int' in declaration of 'init_kalman' [-Wimplicit-int]
arm-none-eabi-gcc -o "IMU_F401.elf" @"objects.list"   -mcpu=cortex-m4 -T"/home/filip/projects/stm/workspace/IMU_F401/STM32F401RETX_FLASH.ld" --specs=nosys.specs -Wl,-Map="IMU_F401.map" -Wl,--gc-sections -static --specs=nano.specs -mfpu=fpv4-sp-d16 -mfloat-abi=hard -mthumb -Wl,--start-group -lc -lm -Wl,--end-group
Finished building target: IMU_F401.elf
 
arm-none-eabi-size  IMU_F401.elf 
arm-none-eabi-objdump -h -S IMU_F401.elf  > "IMU_F401.list"
   text	   data	    bss	    dec	    hex	filename
  23896	     12	   1932	  25840	   64f0	IMU_F401.elf
Finished building: default.size.stdout
 
Finished building: IMU_F401.list
 
20:36:26 **** Incremental Build of configuration Debug for project IMU_F401 ****
make -j16 all 
arm-none-eabi-size  IMU_F401.elf 
   text	   data	    bss	    dec	    hex	filename
  23896	     12	   1932	  25840	   64f0	IMU_F401.elf
Finished building: default.size.stdout
 
20:36:29 **** Incremental Build of configuration Debug for project IMU_F401 ****
make -j16 all 
arm-none-eabi-size  IMU_F401.elf 
   text	   data	    bss	    dec	    hex	filename
  23896	     12	   1932	  25840	   64f0	IMU_F401.elf
Finished building: default.size.stdout
 
20:36:34 **** Incremental Build of configuration Debug for project IMU_F401 ****
make -j16 all 
arm-none-eabi-size  IMU_F401.elf 
   text	   data	    bss	    dec	    hex	filename
  23896	     12	   1932	  25840	   64f0	IMU_F401.elf
Finished building: default.size.stdout
 
20:38:05 **** Incremental Build of configuration Debug for project IMU_F401 ****
make -j16 all 
arm-none-eabi-gcc "../Core/Src/main.c" -mcpu=cortex-m4 -std=gnu11 -g3 -DDEBUG -DUSE_HAL_DRIVER -DSTM32F401xE -c -I../Core/Inc -I../Drivers/STM32F4xx_HAL_Driver/Inc -I../Drivers/STM32F4xx_HAL_Driver/Inc/Legacy -I../Drivers/CMSIS/Device/ST/STM32F4xx/Include -I../Drivers/CMSIS/Include -O0 -ffunction-sections -fdata-sections -Wall -fstack-usage -fcyclomatic-complexity -MMD -MP -MF"Core/Src/main.d" -MT"Core/Src/main.o" --specs=nano.specs -mfpu=fpv4-sp-d16 -mfloat-abi=hard -mthumb -o "Core/Src/main.o"
In file included from ../Core/Inc/main.h:35,
                 from ../Core/Src/main.c:20:
../Core/Inc/kalman.h:13:1: warning: data definition has no type or storage class
   13 | init_kalman(float mea_e, float est_e, float q);
      | ^~~~~~~~~~~
../Core/Inc/kalman.h:13:1: warning: type defaults to 'int' in declaration of 'init_kalman' [-Wimplicit-int]
../Core/Src/main.c: In function 'main':
../Core/Src/main.c:119:17: warning: unused variable 'estimated' [-Wunused-variable]
  119 |           float estimated = updateEstimate(x_degps);
      |                 ^~~~~~~~~
../Core/Src/main.c:76:27: warning: variable 'status' set but not used [-Wunused-but-set-variable]
   76 |         ISM330DHCX_Status status = ISM_NONE;
      |                           ^~~~~~
arm-none-eabi-gcc -o "IMU_F401.elf" @"objects.list"   -mcpu=cortex-m4 -T"/home/filip/projects/stm/workspace/IMU_F401/STM32F401RETX_FLASH.ld" --specs=nosys.specs -Wl,-Map="IMU_F401.map" -Wl,--gc-sections -static --specs=nano.specs -mfpu=fpv4-sp-d16 -mfloat-abi=hard -mthumb -Wl,--start-group -lc -lm -Wl,--end-group
Finished building target: IMU_F401.elf
 
arm-none-eabi-size  IMU_F401.elf 
arm-none-eabi-objdump -h -S IMU_F401.elf  > "IMU_F401.list"
   text	   data	    bss	    dec	    hex	filename
  23952	     12	   1940	  25904	   6530	IMU_F401.elf
Finished building: default.size.stdout
 
Finished building: IMU_F401.list
 
20:38:31 **** Incremental Build of configuration Debug for project IMU_F401 ****
make -j16 all 
arm-none-eabi-gcc "../Core/Src/main.c" -mcpu=cortex-m4 -std=gnu11 -g3 -DDEBUG -DUSE_HAL_DRIVER -DSTM32F401xE -c -I../Core/Inc -I../Drivers/STM32F4xx_HAL_Driver/Inc -I../Drivers/STM32F4xx_HAL_Driver/Inc/Legacy -I../Drivers/CMSIS/Device/ST/STM32F4xx/Include -I../Drivers/CMSIS/Include -O0 -ffunction-sections -fdata-sections -Wall -fstack-usage -fcyclomatic-complexity -MMD -MP -MF"Core/Src/main.d" -MT"Core/Src/main.o" --specs=nano.specs -mfpu=fpv4-sp-d16 -mfloat-abi=hard -mthumb -o "Core/Src/main.o"
In file included from ../Core/Inc/main.h:35,
                 from ../Core/Src/main.c:20:
../Core/Inc/kalman.h:13:1: warning: data definition has no type or storage class
   13 | init_kalman(float mea_e, float est_e, float q);
      | ^~~~~~~~~~~
../Core/Inc/kalman.h:13:1: warning: type defaults to 'int' in declaration of 'init_kalman' [-Wimplicit-int]
../Core/Src/main.c: In function 'main':
../Core/Src/main.c:76:27: warning: variable 'status' set but not used [-Wunused-but-set-variable]
   76 |         ISM330DHCX_Status status = ISM_NONE;
      |                           ^~~~~~
arm-none-eabi-gcc -o "IMU_F401.elf" @"objects.list"   -mcpu=cortex-m4 -T"/home/filip/projects/stm/workspace/IMU_F401/STM32F401RETX_FLASH.ld" --specs=nosys.specs -Wl,-Map="IMU_F401.map" -Wl,--gc-sections -static --specs=nano.specs -mfpu=fpv4-sp-d16 -mfloat-abi=hard -mthumb -Wl,--start-group -lc -lm -Wl,--end-group
Finished building target: IMU_F401.elf
 
arm-none-eabi-size  IMU_F401.elf 
arm-none-eabi-objdump -h -S IMU_F401.elf  > "IMU_F401.list"
   text	   data	    bss	    dec	    hex	filename
  23952	     12	   1940	  25904	   6530	IMU_F401.elf
Finished building: default.size.stdout
 
Finished building: IMU_F401.list
 
20:38:48 **** Incremental Build of configuration Debug for project IMU_F401 ****
make -j16 all 
arm-none-eabi-gcc "../Core/Src/kalman.c" -mcpu=cortex-m4 -std=gnu11 -g3 -DDEBUG -DUSE_HAL_DRIVER -DSTM32F401xE -c -I../Core/Inc -I../Drivers/STM32F4xx_HAL_Driver/Inc -I../Drivers/STM32F4xx_HAL_Driver/Inc/Legacy -I../Drivers/CMSIS/Device/ST/STM32F4xx/Include -I../Drivers/CMSIS/Include -O0 -ffunction-sections -fdata-sections -Wall -fstack-usage -fcyclomatic-complexity -MMD -MP -MF"Core/Src/kalman.d" -MT"Core/Src/kalman.o" --specs=nano.specs -mfpu=fpv4-sp-d16 -mfloat-abi=hard -mthumb -o "Core/Src/kalman.o"
arm-none-eabi-gcc "../Core/Src/main.c" -mcpu=cortex-m4 -std=gnu11 -g3 -DDEBUG -DUSE_HAL_DRIVER -DSTM32F401xE -c -I../Core/Inc -I../Drivers/STM32F4xx_HAL_Driver/Inc -I../Drivers/STM32F4xx_HAL_Driver/Inc/Legacy -I../Drivers/CMSIS/Device/ST/STM32F4xx/Include -I../Drivers/CMSIS/Include -O0 -ffunction-sections -fdata-sections -Wall -fstack-usage -fcyclomatic-complexity -MMD -MP -MF"Core/Src/main.d" -MT"Core/Src/main.o" --specs=nano.specs -mfpu=fpv4-sp-d16 -mfloat-abi=hard -mthumb -o "Core/Src/main.o"
arm-none-eabi-gcc "../Core/Src/stm32f4xx_hal_msp.c" -mcpu=cortex-m4 -std=gnu11 -g3 -DDEBUG -DUSE_HAL_DRIVER -DSTM32F401xE -c -I../Core/Inc -I../Drivers/STM32F4xx_HAL_Driver/Inc -I../Drivers/STM32F4xx_HAL_Driver/Inc/Legacy -I../Drivers/CMSIS/Device/ST/STM32F4xx/Include -I../Drivers/CMSIS/Include -O0 -ffunction-sections -fdata-sections -Wall -fstack-usage -fcyclomatic-complexity -MMD -MP -MF"Core/Src/stm32f4xx_hal_msp.d" -MT"Core/Src/stm32f4xx_hal_msp.o" --specs=nano.specs -mfpu=fpv4-sp-d16 -mfloat-abi=hard -mthumb -o "Core/Src/stm32f4xx_hal_msp.o"
arm-none-eabi-gcc "../Core/Src/stm32f4xx_it.c" -mcpu=cortex-m4 -std=gnu11 -g3 -DDEBUG -DUSE_HAL_DRIVER -DSTM32F401xE -c -I../Core/Inc -I../Drivers/STM32F4xx_HAL_Driver/Inc -I../Drivers/STM32F4xx_HAL_Driver/Inc/Legacy -I../Drivers/CMSIS/Device/ST/STM32F4xx/Include -I../Drivers/CMSIS/Include -O0 -ffunction-sections -fdata-sections -Wall -fstack-usage -fcyclomatic-complexity -MMD -MP -MF"Core/Src/stm32f4xx_it.d" -MT"Core/Src/stm32f4xx_it.o" --specs=nano.specs -mfpu=fpv4-sp-d16 -mfloat-abi=hard -mthumb -o "Core/Src/stm32f4xx_it.o"
../Core/Src/kalman.c:17:1: warning: return type defaults to 'int' [-Wimplicit-int]
   17 | init_kalman(float mea_e, float est_e, float q)
      | ^~~~~~~~~~~
../Core/Src/kalman.c:17:1: warning: conflicting types for 'init_kalman'
In file included from ../Core/Src/kalman.c:8:
../Core/Inc/kalman.h:13:6: note: previous declaration of 'init_kalman' with type 'void(float,  float,  float)'
   13 | void init_kalman(float mea_e, float est_e, float q);
      |      ^~~~~~~~~~~
../Core/Src/main.c: In function 'main':
../Core/Src/main.c:76:27: warning: variable 'status' set but not used [-Wunused-but-set-variable]
   76 |         ISM330DHCX_Status status = ISM_NONE;
      |                           ^~~~~~
arm-none-eabi-gcc -o "IMU_F401.elf" @"objects.list"   -mcpu=cortex-m4 -T"/home/filip/projects/stm/workspace/IMU_F401/STM32F401RETX_FLASH.ld" --specs=nosys.specs -Wl,-Map="IMU_F401.map" -Wl,--gc-sections -static --specs=nano.specs -mfpu=fpv4-sp-d16 -mfloat-abi=hard -mthumb -Wl,--start-group -lc -lm -Wl,--end-group
Finished building target: IMU_F401.elf
 
arm-none-eabi-size  IMU_F401.elf 
arm-none-eabi-objdump -h -S IMU_F401.elf  > "IMU_F401.list"
   text	   data	    bss	    dec	    hex	filename
  23952	     12	   1940	  25904	   6530	IMU_F401.elf
Finished building: default.size.stdout
 
Finished building: IMU_F401.list
 
20:39:01 **** Incremental Build of configuration Debug for project IMU_F401 ****
make -j16 all 
arm-none-eabi-gcc "../Core/Src/kalman.c" -mcpu=cortex-m4 -std=gnu11 -g3 -DDEBUG -DUSE_HAL_DRIVER -DSTM32F401xE -c -I../Core/Inc -I../Drivers/STM32F4xx_HAL_Driver/Inc -I../Drivers/STM32F4xx_HAL_Driver/Inc/Legacy -I../Drivers/CMSIS/Device/ST/STM32F4xx/Include -I../Drivers/CMSIS/Include -O0 -ffunction-sections -fdata-sections -Wall -fstack-usage -fcyclomatic-complexity -MMD -MP -MF"Core/Src/kalman.d" -MT"Core/Src/kalman.o" --specs=nano.specs -mfpu=fpv4-sp-d16 -mfloat-abi=hard -mthumb -o "Core/Src/kalman.o"
arm-none-eabi-gcc -o "IMU_F401.elf" @"objects.list"   -mcpu=cortex-m4 -T"/home/filip/projects/stm/workspace/IMU_F401/STM32F401RETX_FLASH.ld" --specs=nosys.specs -Wl,-Map="IMU_F401.map" -Wl,--gc-sections -static --specs=nano.specs -mfpu=fpv4-sp-d16 -mfloat-abi=hard -mthumb -Wl,--start-group -lc -lm -Wl,--end-group
Finished building target: IMU_F401.elf
 
arm-none-eabi-size  IMU_F401.elf 
arm-none-eabi-objdump -h -S IMU_F401.elf  > "IMU_F401.list"
   text	   data	    bss	    dec	    hex	filename
  23952	     12	   1940	  25904	   6530	IMU_F401.elf
Finished building: default.size.stdout
 
Finished building: IMU_F401.list
 
20:39:05 **** Incremental Build of configuration Debug for project IMU_F401 ****
make -j16 all 
arm-none-eabi-size  IMU_F401.elf 
   text	   data	    bss	    dec	    hex	filename
  23952	     12	   1940	  25904	   6530	IMU_F401.elf
Finished building: default.size.stdout
 
20:39:08 **** Incremental Build of configuration Debug for project IMU_F401 ****
make -j16 all 
arm-none-eabi-size  IMU_F401.elf 
   text	   data	    bss	    dec	    hex	filename
  23952	     12	   1940	  25904	   6530	IMU_F401.elf
Finished building: default.size.stdout
 
21:54:58 **** Incremental Build of configuration Debug for project IMU_F401 ****
make -j16 all 
arm-none-eabi-gcc "../Core/Src/ism330dhcx.c" -mcpu=cortex-m4 -std=gnu11 -g3 -DDEBUG -DUSE_HAL_DRIVER -DSTM32F401xE -c -I../Core/Inc -I../Drivers/STM32F4xx_HAL_Driver/Inc -I../Drivers/STM32F4xx_HAL_Driver/Inc/Legacy -I../Drivers/CMSIS/Device/ST/STM32F4xx/Include -I../Drivers/CMSIS/Include -O0 -ffunction-sections -fdata-sections -Wall -fstack-usage -fcyclomatic-complexity -MMD -MP -MF"Core/Src/ism330dhcx.d" -MT"Core/Src/ism330dhcx.o" --specs=nano.specs -mfpu=fpv4-sp-d16 -mfloat-abi=hard -mthumb -o "Core/Src/ism330dhcx.o"
arm-none-eabi-gcc "../Core/Src/ism330dhcx_settings.c" -mcpu=cortex-m4 -std=gnu11 -g3 -DDEBUG -DUSE_HAL_DRIVER -DSTM32F401xE -c -I../Core/Inc -I../Drivers/STM32F4xx_HAL_Driver/Inc -I../Drivers/STM32F4xx_HAL_Driver/Inc/Legacy -I../Drivers/CMSIS/Device/ST/STM32F4xx/Include -I../Drivers/CMSIS/Include -O0 -ffunction-sections -fdata-sections -Wall -fstack-usage -fcyclomatic-complexity -MMD -MP -MF"Core/Src/ism330dhcx_settings.d" -MT"Core/Src/ism330dhcx_settings.o" --specs=nano.specs -mfpu=fpv4-sp-d16 -mfloat-abi=hard -mthumb -o "Core/Src/ism330dhcx_settings.o"
arm-none-eabi-gcc "../Core/Src/ism330dhcx_utils.c" -mcpu=cortex-m4 -std=gnu11 -g3 -DDEBUG -DUSE_HAL_DRIVER -DSTM32F401xE -c -I../Core/Inc -I../Drivers/STM32F4xx_HAL_Driver/Inc -I../Drivers/STM32F4xx_HAL_Driver/Inc/Legacy -I../Drivers/CMSIS/Device/ST/STM32F4xx/Include -I../Drivers/CMSIS/Include -O0 -ffunction-sections -fdata-sections -Wall -fstack-usage -fcyclomatic-complexity -MMD -MP -MF"Core/Src/ism330dhcx_utils.d" -MT"Core/Src/ism330dhcx_utils.o" --specs=nano.specs -mfpu=fpv4-sp-d16 -mfloat-abi=hard -mthumb -o "Core/Src/ism330dhcx_utils.o"
arm-none-eabi-gcc "../Core/Src/kalman2d.c" -mcpu=cortex-m4 -std=gnu11 -g3 -DDEBUG -DUSE_HAL_DRIVER -DSTM32F401xE -c -I../Core/Inc -I../Drivers/STM32F4xx_HAL_Driver/Inc -I../Drivers/STM32F4xx_HAL_Driver/Inc/Legacy -I../Drivers/CMSIS/Device/ST/STM32F4xx/Include -I../Drivers/CMSIS/Include -O0 -ffunction-sections -fdata-sections -Wall -fstack-usage -fcyclomatic-complexity -MMD -MP -MF"Core/Src/kalman2d.d" -MT"Core/Src/kalman2d.o" --specs=nano.specs -mfpu=fpv4-sp-d16 -mfloat-abi=hard -mthumb -o "Core/Src/kalman2d.o"
arm-none-eabi-gcc "../Core/Src/main.c" -mcpu=cortex-m4 -std=gnu11 -g3 -DDEBUG -DUSE_HAL_DRIVER -DSTM32F401xE -c -I../Core/Inc -I../Drivers/STM32F4xx_HAL_Driver/Inc -I../Drivers/STM32F4xx_HAL_Driver/Inc/Legacy -I../Drivers/CMSIS/Device/ST/STM32F4xx/Include -I../Drivers/CMSIS/Include -O0 -ffunction-sections -fdata-sections -Wall -fstack-usage -fcyclomatic-complexity -MMD -MP -MF"Core/Src/main.d" -MT"Core/Src/main.o" --specs=nano.specs -mfpu=fpv4-sp-d16 -mfloat-abi=hard -mthumb -o "Core/Src/main.o"
arm-none-eabi-gcc "../Core/Src/stm32f4xx_hal_msp.c" -mcpu=cortex-m4 -std=gnu11 -g3 -DDEBUG -DUSE_HAL_DRIVER -DSTM32F401xE -c -I../Core/Inc -I../Drivers/STM32F4xx_HAL_Driver/Inc -I../Drivers/STM32F4xx_HAL_Driver/Inc/Legacy -I../Drivers/CMSIS/Device/ST/STM32F4xx/Include -I../Drivers/CMSIS/Include -O0 -ffunction-sections -fdata-sections -Wall -fstack-usage -fcyclomatic-complexity -MMD -MP -MF"Core/Src/stm32f4xx_hal_msp.d" -MT"Core/Src/stm32f4xx_hal_msp.o" --specs=nano.specs -mfpu=fpv4-sp-d16 -mfloat-abi=hard -mthumb -o "Core/Src/stm32f4xx_hal_msp.o"
arm-none-eabi-gcc "../Core/Src/stm32f4xx_it.c" -mcpu=cortex-m4 -std=gnu11 -g3 -DDEBUG -DUSE_HAL_DRIVER -DSTM32F401xE -c -I../Core/Inc -I../Drivers/STM32F4xx_HAL_Driver/Inc -I../Drivers/STM32F4xx_HAL_Driver/Inc/Legacy -I../Drivers/CMSIS/Device/ST/STM32F4xx/Include -I../Drivers/CMSIS/Include -O0 -ffunction-sections -fdata-sections -Wall -fstack-usage -fcyclomatic-complexity -MMD -MP -MF"Core/Src/stm32f4xx_it.d" -MT"Core/Src/stm32f4xx_it.o" --specs=nano.specs -mfpu=fpv4-sp-d16 -mfloat-abi=hard -mthumb -o "Core/Src/stm32f4xx_it.o"
arm-none-eabi-gcc "../Core/Src/syscalls.c" -mcpu=cortex-m4 -std=gnu11 -g3 -DDEBUG -DUSE_HAL_DRIVER -DSTM32F401xE -c -I../Core/Inc -I../Drivers/STM32F4xx_HAL_Driver/Inc -I../Drivers/STM32F4xx_HAL_Driver/Inc/Legacy -I../Drivers/CMSIS/Device/ST/STM32F4xx/Include -I../Drivers/CMSIS/Include -O0 -ffunction-sections -fdata-sections -Wall -fstack-usage -fcyclomatic-complexity -MMD -MP -MF"Core/Src/syscalls.d" -MT"Core/Src/syscalls.o" --specs=nano.specs -mfpu=fpv4-sp-d16 -mfloat-abi=hard -mthumb -o "Core/Src/syscalls.o"
arm-none-eabi-gcc "../Core/Src/sysmem.c" -mcpu=cortex-m4 -std=gnu11 -g3 -DDEBUG -DUSE_HAL_DRIVER -DSTM32F401xE -c -I../Core/Inc -I../Drivers/STM32F4xx_HAL_Driver/Inc -I../Drivers/STM32F4xx_HAL_Driver/Inc/Legacy -I../Drivers/CMSIS/Device/ST/STM32F4xx/Include -I../Drivers/CMSIS/Include -O0 -ffunction-sections -fdata-sections -Wall -fstack-usage -fcyclomatic-complexity -MMD -MP -MF"Core/Src/sysmem.d" -MT"Core/Src/sysmem.o" --specs=nano.specs -mfpu=fpv4-sp-d16 -mfloat-abi=hard -mthumb -o "Core/Src/sysmem.o"
arm-none-eabi-gcc "../Core/Src/system_stm32f4xx.c" -mcpu=cortex-m4 -std=gnu11 -g3 -DDEBUG -DUSE_HAL_DRIVER -DSTM32F401xE -c -I../Core/Inc -I../Drivers/STM32F4xx_HAL_Driver/Inc -I../Drivers/STM32F4xx_HAL_Driver/Inc/Legacy -I../Drivers/CMSIS/Device/ST/STM32F4xx/Include -I../Drivers/CMSIS/Include -O0 -ffunction-sections -fdata-sections -Wall -fstack-usage -fcyclomatic-complexity -MMD -MP -MF"Core/Src/system_stm32f4xx.d" -MT"Core/Src/system_stm32f4xx.o" --specs=nano.specs -mfpu=fpv4-sp-d16 -mfloat-abi=hard -mthumb -o "Core/Src/system_stm32f4xx.o"
../Core/Src/ism330dhcx.c: In function 'convert_Raw':
../Core/Src/ism330dhcx.c:158:18: error: invalid type argument of '->' (have 'ISM330DHCX_Data')
  158 |         ism->data->gyroscope.angle.x = angle.x;
      |                  ^~
../Core/Src/ism330dhcx.c:159:18: error: invalid type argument of '->' (have 'ISM330DHCX_Data')
  159 |         ism->data->gyroscope.angle.y = angle.y;
      |                  ^~
../Core/Src/ism330dhcx.c:160:18: error: invalid type argument of '->' (have 'ISM330DHCX_Data')
  160 |         ism->data->gyroscope.angle.z = angle.z;
      |                  ^~
../Core/Src/ism330dhcx.c:148:22: warning: variable 'acceleration' set but not used [-Wunused-but-set-variable]
  148 |         Acceleration acceleration;
      |                      ^~~~~~~~~~~~
../Core/Src/main.c: In function 'main':
../Core/Src/main.c:77:27: warning: variable 'status' set but not used [-Wunused-but-set-variable]
   77 |         ISM330DHCX_Status status = ISM_NONE;
      |                           ^~~~~~
../Core/Src/ism330dhcx.c: In function 'convert_Raw_Gyroscope':
../Core/Src/ism330dhcx.c:186:12: warning: implicit declaration of function 'getABS'; did you mean 'getFABS'? [-Wimplicit-function-declaration]
  186 |         if(getABS(x_angle) <= min_angle ) x_angle = 0;
      |            ^~~~~~
      |            getFABS
make: *** [Core/Src/subdir.mk:46: Core/Src/ism330dhcx.o] Error 1
make: *** Waiting for unfinished jobs....
"make -j16 all" terminated with exit code 2. Build might be incomplete.
21:55:24 **** Incremental Build of configuration Debug for project IMU_F401 ****
make -j16 all 
arm-none-eabi-gcc "../Core/Src/ism330dhcx.c" -mcpu=cortex-m4 -std=gnu11 -g3 -DDEBUG -DUSE_HAL_DRIVER -DSTM32F401xE -c -I../Core/Inc -I../Drivers/STM32F4xx_HAL_Driver/Inc -I../Drivers/STM32F4xx_HAL_Driver/Inc/Legacy -I../Drivers/CMSIS/Device/ST/STM32F4xx/Include -I../Drivers/CMSIS/Include -O0 -ffunction-sections -fdata-sections -Wall -fstack-usage -fcyclomatic-complexity -MMD -MP -MF"Core/Src/ism330dhcx.d" -MT"Core/Src/ism330dhcx.o" --specs=nano.specs -mfpu=fpv4-sp-d16 -mfloat-abi=hard -mthumb -o "Core/Src/ism330dhcx.o"
../Core/Src/ism330dhcx.c: In function 'convert_Raw':
../Core/Src/ism330dhcx.c:148:22: warning: variable 'acceleration' set but not used [-Wunused-but-set-variable]
  148 |         Acceleration acceleration;
      |                      ^~~~~~~~~~~~
../Core/Src/ism330dhcx.c: In function 'convert_Raw_Gyroscope':
../Core/Src/ism330dhcx.c:186:12: warning: implicit declaration of function 'getABS'; did you mean 'getFABS'? [-Wimplicit-function-declaration]
  186 |         if(getABS(x_angle) <= min_angle ) x_angle = 0;
      |            ^~~~~~
      |            getFABS
arm-none-eabi-gcc -o "IMU_F401.elf" @"objects.list"   -mcpu=cortex-m4 -T"/home/filip/projects/stm/workspace/IMU_F401/STM32F401RETX_FLASH.ld" --specs=nosys.specs -Wl,-Map="IMU_F401.map" -Wl,--gc-sections -static --specs=nano.specs -mfpu=fpv4-sp-d16 -mfloat-abi=hard -mthumb -Wl,--start-group -lc -lm -Wl,--end-group
/home/filip/apps/stm32cubeide/plugins/com.st.stm32cube.ide.mcu.externaltools.gnu-tools-for-stm32.12.3.rel1.linux64_1.1.0.202410170702/tools/bin/../lib/gcc/arm-none-eabi/12.3.1/../../../../arm-none-eabi/bin/ld: ./Core/Src/ism330dhcx.o: in function `convert_Raw':
/home/filip/projects/stm/workspace/IMU_F401/Debug/../Core/Src/ism330dhcx.c:151: undefined reference to `user_convert_Raw_Gyroscope'
/home/filip/apps/stm32cubeide/plugins/com.st.stm32cube.ide.mcu.externaltools.gnu-tools-for-stm32.12.3.rel1.linux64_1.1.0.202410170702/tools/bin/../lib/gcc/arm-none-eabi/12.3.1/../../../../arm-none-eabi/bin/ld: /home/filip/projects/stm/workspace/IMU_F401/Debug/../Core/Src/ism330dhcx.c:152: undefined reference to `user_convert_Raw_Accelerometer'
/home/filip/apps/stm32cubeide/plugins/com.st.stm32cube.ide.mcu.externaltools.gnu-tools-for-stm32.12.3.rel1.linux64_1.1.0.202410170702/tools/bin/../lib/gcc/arm-none-eabi/12.3.1/../../../../arm-none-eabi/bin/ld: ./Core/Src/ism330dhcx.o: in function `convert_Raw_Gyroscope':
/home/filip/projects/stm/workspace/IMU_F401/Debug/../Core/Src/ism330dhcx.c:186: undefined reference to `getABS'
/home/filip/apps/stm32cubeide/plugins/com.st.stm32cube.ide.mcu.externaltools.gnu-tools-for-stm32.12.3.rel1.linux64_1.1.0.202410170702/tools/bin/../lib/gcc/arm-none-eabi/12.3.1/../../../../arm-none-eabi/bin/ld: /home/filip/projects/stm/workspace/IMU_F401/Debug/../Core/Src/ism330dhcx.c:187: undefined reference to `getABS'
/home/filip/apps/stm32cubeide/plugins/com.st.stm32cube.ide.mcu.externaltools.gnu-tools-for-stm32.12.3.rel1.linux64_1.1.0.202410170702/tools/bin/../lib/gcc/arm-none-eabi/12.3.1/../../../../arm-none-eabi/bin/ld: /home/filip/projects/stm/workspace/IMU_F401/Debug/../Core/Src/ism330dhcx.c:188: undefined reference to `getABS'
collect2: error: ld returned 1 exit status
make: *** [makefile:64: IMU_F401.elf] Error 1
"make -j16 all" terminated with exit code 2. Build might be incomplete.
21:55:35 **** Incremental Build of configuration Debug for project IMU_F401 ****
make -j16 all 
arm-none-eabi-gcc "../Core/Src/ism330dhcx.c" -mcpu=cortex-m4 -std=gnu11 -g3 -DDEBUG -DUSE_HAL_DRIVER -DSTM32F401xE -c -I../Core/Inc -I../Drivers/STM32F4xx_HAL_Driver/Inc -I../Drivers/STM32F4xx_HAL_Driver/Inc/Legacy -I../Drivers/CMSIS/Device/ST/STM32F4xx/Include -I../Drivers/CMSIS/Include -O0 -ffunction-sections -fdata-sections -Wall -fstack-usage -fcyclomatic-complexity -MMD -MP -MF"Core/Src/ism330dhcx.d" -MT"Core/Src/ism330dhcx.o" --specs=nano.specs -mfpu=fpv4-sp-d16 -mfloat-abi=hard -mthumb -o "Core/Src/ism330dhcx.o"
../Core/Src/ism330dhcx.c: In function 'convert_Raw':
../Core/Src/ism330dhcx.c:148:22: warning: variable 'acceleration' set but not used [-Wunused-but-set-variable]
  148 |         Acceleration acceleration;
      |                      ^~~~~~~~~~~~
arm-none-eabi-gcc -o "IMU_F401.elf" @"objects.list"   -mcpu=cortex-m4 -T"/home/filip/projects/stm/workspace/IMU_F401/STM32F401RETX_FLASH.ld" --specs=nosys.specs -Wl,-Map="IMU_F401.map" -Wl,--gc-sections -static --specs=nano.specs -mfpu=fpv4-sp-d16 -mfloat-abi=hard -mthumb -Wl,--start-group -lc -lm -Wl,--end-group
/home/filip/apps/stm32cubeide/plugins/com.st.stm32cube.ide.mcu.externaltools.gnu-tools-for-stm32.12.3.rel1.linux64_1.1.0.202410170702/tools/bin/../lib/gcc/arm-none-eabi/12.3.1/../../../../arm-none-eabi/bin/ld: ./Core/Src/ism330dhcx.o: in function `convert_Raw':
/home/filip/projects/stm/workspace/IMU_F401/Debug/../Core/Src/ism330dhcx.c:151: undefined reference to `user_convert_Raw_Gyroscope'
/home/filip/apps/stm32cubeide/plugins/com.st.stm32cube.ide.mcu.externaltools.gnu-tools-for-stm32.12.3.rel1.linux64_1.1.0.202410170702/tools/bin/../lib/gcc/arm-none-eabi/12.3.1/../../../../arm-none-eabi/bin/ld: /home/filip/projects/stm/workspace/IMU_F401/Debug/../Core/Src/ism330dhcx.c:152: undefined reference to `user_convert_Raw_Accelerometer'
collect2: error: ld returned 1 exit status
make: *** [makefile:64: IMU_F401.elf] Error 1
"make -j16 all" terminated with exit code 2. Build might be incomplete.
21:56:20 **** Incremental Build of configuration Debug for project IMU_F401 ****
make -j16 all 
arm-none-eabi-gcc "../Core/Src/ism330dhcx.c" -mcpu=cortex-m4 -std=gnu11 -g3 -DDEBUG -DUSE_HAL_DRIVER -DSTM32F401xE -c -I../Core/Inc -I../Drivers/STM32F4xx_HAL_Driver/Inc -I../Drivers/STM32F4xx_HAL_Driver/Inc/Legacy -I../Drivers/CMSIS/Device/ST/STM32F4xx/Include -I../Drivers/CMSIS/Include -O0 -ffunction-sections -fdata-sections -Wall -fstack-usage -fcyclomatic-complexity -MMD -MP -MF"Core/Src/ism330dhcx.d" -MT"Core/Src/ism330dhcx.o" --specs=nano.specs -mfpu=fpv4-sp-d16 -mfloat-abi=hard -mthumb -o "Core/Src/ism330dhcx.o"
arm-none-eabi-gcc -o "IMU_F401.elf" @"objects.list"   -mcpu=cortex-m4 -T"/home/filip/projects/stm/workspace/IMU_F401/STM32F401RETX_FLASH.ld" --specs=nosys.specs -Wl,-Map="IMU_F401.map" -Wl,--gc-sections -static --specs=nano.specs -mfpu=fpv4-sp-d16 -mfloat-abi=hard -mthumb -Wl,--start-group -lc -lm -Wl,--end-group
/home/filip/apps/stm32cubeide/plugins/com.st.stm32cube.ide.mcu.externaltools.gnu-tools-for-stm32.12.3.rel1.linux64_1.1.0.202410170702/tools/bin/../lib/gcc/arm-none-eabi/12.3.1/../../../../arm-none-eabi/bin/ld: ./Core/Src/ism330dhcx.o: in function `convert_Raw':
/home/filip/projects/stm/workspace/IMU_F401/Debug/../Core/Src/ism330dhcx.c:151: undefined reference to `user_convert_Raw_Gyroscope'
/home/filip/apps/stm32cubeide/plugins/com.st.stm32cube.ide.mcu.externaltools.gnu-tools-for-stm32.12.3.rel1.linux64_1.1.0.202410170702/tools/bin/../lib/gcc/arm-none-eabi/12.3.1/../../../../arm-none-eabi/bin/ld: /home/filip/projects/stm/workspace/IMU_F401/Debug/../Core/Src/ism330dhcx.c:152: undefined reference to `user_convert_Raw_Accelerometer'
collect2: error: ld returned 1 exit status
make: *** [makefile:64: IMU_F401.elf] Error 1
"make -j16 all" terminated with exit code 2. Build might be incomplete.
22:02:10 **** Incremental Build of configuration Debug for project IMU_F401 ****
make -j16 all 
arm-none-eabi-gcc "../Core/Src/ism330dhcx.c" -mcpu=cortex-m4 -std=gnu11 -g3 -DDEBUG -DUSE_HAL_DRIVER -DSTM32F401xE -c -I../Core/Inc -I../Drivers/STM32F4xx_HAL_Driver/Inc -I../Drivers/STM32F4xx_HAL_Driver/Inc/Legacy -I../Drivers/CMSIS/Device/ST/STM32F4xx/Include -I../Drivers/CMSIS/Include -O0 -ffunction-sections -fdata-sections -Wall -fstack-usage -fcyclomatic-complexity -MMD -MP -MF"Core/Src/ism330dhcx.d" -MT"Core/Src/ism330dhcx.o" --specs=nano.specs -mfpu=fpv4-sp-d16 -mfloat-abi=hard -mthumb -o "Core/Src/ism330dhcx.o"
arm-none-eabi-gcc "../Core/Src/main.c" -mcpu=cortex-m4 -std=gnu11 -g3 -DDEBUG -DUSE_HAL_DRIVER -DSTM32F401xE -c -I../Core/Inc -I../Drivers/STM32F4xx_HAL_Driver/Inc -I../Drivers/STM32F4xx_HAL_Driver/Inc/Legacy -I../Drivers/CMSIS/Device/ST/STM32F4xx/Include -I../Drivers/CMSIS/Include -O0 -ffunction-sections -fdata-sections -Wall -fstack-usage -fcyclomatic-complexity -MMD -MP -MF"Core/Src/main.d" -MT"Core/Src/main.o" --specs=nano.specs -mfpu=fpv4-sp-d16 -mfloat-abi=hard -mthumb -o "Core/Src/main.o"
arm-none-eabi-gcc "../Core/Src/stm32f4xx_hal_msp.c" -mcpu=cortex-m4 -std=gnu11 -g3 -DDEBUG -DUSE_HAL_DRIVER -DSTM32F401xE -c -I../Core/Inc -I../Drivers/STM32F4xx_HAL_Driver/Inc -I../Drivers/STM32F4xx_HAL_Driver/Inc/Legacy -I../Drivers/CMSIS/Device/ST/STM32F4xx/Include -I../Drivers/CMSIS/Include -O0 -ffunction-sections -fdata-sections -Wall -fstack-usage -fcyclomatic-complexity -MMD -MP -MF"Core/Src/stm32f4xx_hal_msp.d" -MT"Core/Src/stm32f4xx_hal_msp.o" --specs=nano.specs -mfpu=fpv4-sp-d16 -mfloat-abi=hard -mthumb -o "Core/Src/stm32f4xx_hal_msp.o"
arm-none-eabi-gcc "../Core/Src/stm32f4xx_it.c" -mcpu=cortex-m4 -std=gnu11 -g3 -DDEBUG -DUSE_HAL_DRIVER -DSTM32F401xE -c -I../Core/Inc -I../Drivers/STM32F4xx_HAL_Driver/Inc -I../Drivers/STM32F4xx_HAL_Driver/Inc/Legacy -I../Drivers/CMSIS/Device/ST/STM32F4xx/Include -I../Drivers/CMSIS/Include -O0 -ffunction-sections -fdata-sections -Wall -fstack-usage -fcyclomatic-complexity -MMD -MP -MF"Core/Src/stm32f4xx_it.d" -MT"Core/Src/stm32f4xx_it.o" --specs=nano.specs -mfpu=fpv4-sp-d16 -mfloat-abi=hard -mthumb -o "Core/Src/stm32f4xx_it.o"
../Core/Src/main.c: In function 'main':
../Core/Src/main.c:77:27: warning: variable 'status' set but not used [-Wunused-but-set-variable]
   77 |         ISM330DHCX_Status status = ISM_NONE;
      |                           ^~~~~~
arm-none-eabi-gcc -o "IMU_F401.elf" @"objects.list"   -mcpu=cortex-m4 -T"/home/filip/projects/stm/workspace/IMU_F401/STM32F401RETX_FLASH.ld" --specs=nosys.specs -Wl,-Map="IMU_F401.map" -Wl,--gc-sections -static --specs=nano.specs -mfpu=fpv4-sp-d16 -mfloat-abi=hard -mthumb -Wl,--start-group -lc -lm -Wl,--end-group
/home/filip/apps/stm32cubeide/plugins/com.st.stm32cube.ide.mcu.externaltools.gnu-tools-for-stm32.12.3.rel1.linux64_1.1.0.202410170702/tools/bin/../lib/gcc/arm-none-eabi/12.3.1/../../../../arm-none-eabi/bin/ld: ./Core/Src/ism330dhcx.o: in function `convert_Raw':
/home/filip/projects/stm/workspace/IMU_F401/Debug/../Core/Src/ism330dhcx.c:167: undefined reference to `user_convert_Raw_Gyroscope'
/home/filip/apps/stm32cubeide/plugins/com.st.stm32cube.ide.mcu.externaltools.gnu-tools-for-stm32.12.3.rel1.linux64_1.1.0.202410170702/tools/bin/../lib/gcc/arm-none-eabi/12.3.1/../../../../arm-none-eabi/bin/ld: /home/filip/projects/stm/workspace/IMU_F401/Debug/../Core/Src/ism330dhcx.c:167: undefined reference to `user_convert_Raw_Accelerometer'
collect2: error: ld returned 1 exit status
make: *** [makefile:64: IMU_F401.elf] Error 1
"make -j16 all" terminated with exit code 2. Build might be incomplete.
22:02:40 **** Incremental Build of configuration Debug for project IMU_F401 ****
make -j16 all 
arm-none-eabi-gcc "../Core/Src/ism330dhcx.c" -mcpu=cortex-m4 -std=gnu11 -g3 -DDEBUG -DUSE_HAL_DRIVER -DSTM32F401xE -c -I../Core/Inc -I../Drivers/STM32F4xx_HAL_Driver/Inc -I../Drivers/STM32F4xx_HAL_Driver/Inc/Legacy -I../Drivers/CMSIS/Device/ST/STM32F4xx/Include -I../Drivers/CMSIS/Include -O0 -ffunction-sections -fdata-sections -Wall -fstack-usage -fcyclomatic-complexity -MMD -MP -MF"Core/Src/ism330dhcx.d" -MT"Core/Src/ism330dhcx.o" --specs=nano.specs -mfpu=fpv4-sp-d16 -mfloat-abi=hard -mthumb -o "Core/Src/ism330dhcx.o"
arm-none-eabi-gcc "../Core/Src/main.c" -mcpu=cortex-m4 -std=gnu11 -g3 -DDEBUG -DUSE_HAL_DRIVER -DSTM32F401xE -c -I../Core/Inc -I../Drivers/STM32F4xx_HAL_Driver/Inc -I../Drivers/STM32F4xx_HAL_Driver/Inc/Legacy -I../Drivers/CMSIS/Device/ST/STM32F4xx/Include -I../Drivers/CMSIS/Include -O0 -ffunction-sections -fdata-sections -Wall -fstack-usage -fcyclomatic-complexity -MMD -MP -MF"Core/Src/main.d" -MT"Core/Src/main.o" --specs=nano.specs -mfpu=fpv4-sp-d16 -mfloat-abi=hard -mthumb -o "Core/Src/main.o"
arm-none-eabi-gcc "../Core/Src/stm32f4xx_hal_msp.c" -mcpu=cortex-m4 -std=gnu11 -g3 -DDEBUG -DUSE_HAL_DRIVER -DSTM32F401xE -c -I../Core/Inc -I../Drivers/STM32F4xx_HAL_Driver/Inc -I../Drivers/STM32F4xx_HAL_Driver/Inc/Legacy -I../Drivers/CMSIS/Device/ST/STM32F4xx/Include -I../Drivers/CMSIS/Include -O0 -ffunction-sections -fdata-sections -Wall -fstack-usage -fcyclomatic-complexity -MMD -MP -MF"Core/Src/stm32f4xx_hal_msp.d" -MT"Core/Src/stm32f4xx_hal_msp.o" --specs=nano.specs -mfpu=fpv4-sp-d16 -mfloat-abi=hard -mthumb -o "Core/Src/stm32f4xx_hal_msp.o"
arm-none-eabi-gcc "../Core/Src/stm32f4xx_it.c" -mcpu=cortex-m4 -std=gnu11 -g3 -DDEBUG -DUSE_HAL_DRIVER -DSTM32F401xE -c -I../Core/Inc -I../Drivers/STM32F4xx_HAL_Driver/Inc -I../Drivers/STM32F4xx_HAL_Driver/Inc/Legacy -I../Drivers/CMSIS/Device/ST/STM32F4xx/Include -I../Drivers/CMSIS/Include -O0 -ffunction-sections -fdata-sections -Wall -fstack-usage -fcyclomatic-complexity -MMD -MP -MF"Core/Src/stm32f4xx_it.d" -MT"Core/Src/stm32f4xx_it.o" --specs=nano.specs -mfpu=fpv4-sp-d16 -mfloat-abi=hard -mthumb -o "Core/Src/stm32f4xx_it.o"
../Core/Src/main.c: In function 'main':
../Core/Src/main.c:77:27: warning: variable 'status' set but not used [-Wunused-but-set-variable]
   77 |         ISM330DHCX_Status status = ISM_NONE;
      |                           ^~~~~~
arm-none-eabi-gcc -o "IMU_F401.elf" @"objects.list"   -mcpu=cortex-m4 -T"/home/filip/projects/stm/workspace/IMU_F401/STM32F401RETX_FLASH.ld" --specs=nosys.specs -Wl,-Map="IMU_F401.map" -Wl,--gc-sections -static --specs=nano.specs -mfpu=fpv4-sp-d16 -mfloat-abi=hard -mthumb -Wl,--start-group -lc -lm -Wl,--end-group
/home/filip/apps/stm32cubeide/plugins/com.st.stm32cube.ide.mcu.externaltools.gnu-tools-for-stm32.12.3.rel1.linux64_1.1.0.202410170702/tools/bin/../lib/gcc/arm-none-eabi/12.3.1/../../../../arm-none-eabi/bin/ld: ./Core/Src/main.o:/home/filip/projects/stm/workspace/IMU_F401/Debug/../Core/Inc/ism330dhcx.h:40: multiple definition of `user_convert_Raw_Gyroscope'; ./Core/Src/ism330dhcx.o:/home/filip/projects/stm/workspace/IMU_F401/Debug/../Core/Inc/ism330dhcx.h:40: first defined here
/home/filip/apps/stm32cubeide/plugins/com.st.stm32cube.ide.mcu.externaltools.gnu-tools-for-stm32.12.3.rel1.linux64_1.1.0.202410170702/tools/bin/../lib/gcc/arm-none-eabi/12.3.1/../../../../arm-none-eabi/bin/ld: ./Core/Src/main.o:/home/filip/projects/stm/workspace/IMU_F401/Debug/../Core/Inc/ism330dhcx.h:41: multiple definition of `user_convert_Raw_Accelerometer'; ./Core/Src/ism330dhcx.o:/home/filip/projects/stm/workspace/IMU_F401/Debug/../Core/Inc/ism330dhcx.h:41: first defined here
/home/filip/apps/stm32cubeide/plugins/com.st.stm32cube.ide.mcu.externaltools.gnu-tools-for-stm32.12.3.rel1.linux64_1.1.0.202410170702/tools/bin/../lib/gcc/arm-none-eabi/12.3.1/../../../../arm-none-eabi/bin/ld: ./Core/Src/stm32f4xx_hal_msp.o:/home/filip/projects/stm/workspace/IMU_F401/Debug/../Core/Inc/ism330dhcx.h:40: multiple definition of `user_convert_Raw_Gyroscope'; ./Core/Src/ism330dhcx.o:/home/filip/projects/stm/workspace/IMU_F401/Debug/../Core/Inc/ism330dhcx.h:40: first defined here
/home/filip/apps/stm32cubeide/plugins/com.st.stm32cube.ide.mcu.externaltools.gnu-tools-for-stm32.12.3.rel1.linux64_1.1.0.202410170702/tools/bin/../lib/gcc/arm-none-eabi/12.3.1/../../../../arm-none-eabi/bin/ld: ./Core/Src/stm32f4xx_hal_msp.o:/home/filip/projects/stm/workspace/IMU_F401/Debug/../Core/Inc/ism330dhcx.h:41: multiple definition of `user_convert_Raw_Accelerometer'; ./Core/Src/ism330dhcx.o:/home/filip/projects/stm/workspace/IMU_F401/Debug/../Core/Inc/ism330dhcx.h:41: first defined here
/home/filip/apps/stm32cubeide/plugins/com.st.stm32cube.ide.mcu.externaltools.gnu-tools-for-stm32.12.3.rel1.linux64_1.1.0.202410170702/tools/bin/../lib/gcc/arm-none-eabi/12.3.1/../../../../arm-none-eabi/bin/ld: ./Core/Src/stm32f4xx_it.o:/home/filip/projects/stm/workspace/IMU_F401/Debug/../Core/Inc/ism330dhcx.h:40: multiple definition of `user_convert_Raw_Gyroscope'; ./Core/Src/ism330dhcx.o:/home/filip/projects/stm/workspace/IMU_F401/Debug/../Core/Inc/ism330dhcx.h:40: first defined here
/home/filip/apps/stm32cubeide/plugins/com.st.stm32cube.ide.mcu.externaltools.gnu-tools-for-stm32.12.3.rel1.linux64_1.1.0.202410170702/tools/bin/../lib/gcc/arm-none-eabi/12.3.1/../../../../arm-none-eabi/bin/ld: ./Core/Src/stm32f4xx_it.o:/home/filip/projects/stm/workspace/IMU_F401/Debug/../Core/Inc/ism330dhcx.h:41: multiple definition of `user_convert_Raw_Accelerometer'; ./Core/Src/ism330dhcx.o:/home/filip/projects/stm/workspace/IMU_F401/Debug/../Core/Inc/ism330dhcx.h:41: first defined here
collect2: error: ld returned 1 exit status
make: *** [makefile:64: IMU_F401.elf] Error 1
"make -j16 all" terminated with exit code 2. Build might be incomplete.
22:03:30 **** Incremental Build of configuration Debug for project IMU_F401 ****
make -j16 all 
arm-none-eabi-gcc "../Core/Src/ism330dhcx.c" -mcpu=cortex-m4 -std=gnu11 -g3 -DDEBUG -DUSE_HAL_DRIVER -DSTM32F401xE -c -I../Core/Inc -I../Drivers/STM32F4xx_HAL_Driver/Inc -I../Drivers/STM32F4xx_HAL_Driver/Inc/Legacy -I../Drivers/CMSIS/Device/ST/STM32F4xx/Include -I../Drivers/CMSIS/Include -O0 -ffunction-sections -fdata-sections -Wall -fstack-usage -fcyclomatic-complexity -MMD -MP -MF"Core/Src/ism330dhcx.d" -MT"Core/Src/ism330dhcx.o" --specs=nano.specs -mfpu=fpv4-sp-d16 -mfloat-abi=hard -mthumb -o "Core/Src/ism330dhcx.o"
arm-none-eabi-gcc "../Core/Src/main.c" -mcpu=cortex-m4 -std=gnu11 -g3 -DDEBUG -DUSE_HAL_DRIVER -DSTM32F401xE -c -I../Core/Inc -I../Drivers/STM32F4xx_HAL_Driver/Inc -I../Drivers/STM32F4xx_HAL_Driver/Inc/Legacy -I../Drivers/CMSIS/Device/ST/STM32F4xx/Include -I../Drivers/CMSIS/Include -O0 -ffunction-sections -fdata-sections -Wall -fstack-usage -fcyclomatic-complexity -MMD -MP -MF"Core/Src/main.d" -MT"Core/Src/main.o" --specs=nano.specs -mfpu=fpv4-sp-d16 -mfloat-abi=hard -mthumb -o "Core/Src/main.o"
arm-none-eabi-gcc "../Core/Src/stm32f4xx_hal_msp.c" -mcpu=cortex-m4 -std=gnu11 -g3 -DDEBUG -DUSE_HAL_DRIVER -DSTM32F401xE -c -I../Core/Inc -I../Drivers/STM32F4xx_HAL_Driver/Inc -I../Drivers/STM32F4xx_HAL_Driver/Inc/Legacy -I../Drivers/CMSIS/Device/ST/STM32F4xx/Include -I../Drivers/CMSIS/Include -O0 -ffunction-sections -fdata-sections -Wall -fstack-usage -fcyclomatic-complexity -MMD -MP -MF"Core/Src/stm32f4xx_hal_msp.d" -MT"Core/Src/stm32f4xx_hal_msp.o" --specs=nano.specs -mfpu=fpv4-sp-d16 -mfloat-abi=hard -mthumb -o "Core/Src/stm32f4xx_hal_msp.o"
arm-none-eabi-gcc "../Core/Src/stm32f4xx_it.c" -mcpu=cortex-m4 -std=gnu11 -g3 -DDEBUG -DUSE_HAL_DRIVER -DSTM32F401xE -c -I../Core/Inc -I../Drivers/STM32F4xx_HAL_Driver/Inc -I../Drivers/STM32F4xx_HAL_Driver/Inc/Legacy -I../Drivers/CMSIS/Device/ST/STM32F4xx/Include -I../Drivers/CMSIS/Include -O0 -ffunction-sections -fdata-sections -Wall -fstack-usage -fcyclomatic-complexity -MMD -MP -MF"Core/Src/stm32f4xx_it.d" -MT"Core/Src/stm32f4xx_it.o" --specs=nano.specs -mfpu=fpv4-sp-d16 -mfloat-abi=hard -mthumb -o "Core/Src/stm32f4xx_it.o"
../Core/Src/main.c: In function 'main':
../Core/Src/main.c:77:27: warning: variable 'status' set but not used [-Wunused-but-set-variable]
   77 |         ISM330DHCX_Status status = ISM_NONE;
      |                           ^~~~~~
arm-none-eabi-gcc -o "IMU_F401.elf" @"objects.list"   -mcpu=cortex-m4 -T"/home/filip/projects/stm/workspace/IMU_F401/STM32F401RETX_FLASH.ld" --specs=nosys.specs -Wl,-Map="IMU_F401.map" -Wl,--gc-sections -static --specs=nano.specs -mfpu=fpv4-sp-d16 -mfloat-abi=hard -mthumb -Wl,--start-group -lc -lm -Wl,--end-group
Finished building target: IMU_F401.elf
 
arm-none-eabi-size  IMU_F401.elf 
arm-none-eabi-objdump -h -S IMU_F401.elf  > "IMU_F401.list"
   text	   data	    bss	    dec	    hex	filename
  23752	     16	   1928	  25696	   6460	IMU_F401.elf
Finished building: default.size.stdout
 
Finished building: IMU_F401.list
 
22:04:13 **** Incremental Build of configuration Debug for project IMU_F401 ****
make -j16 all 
arm-none-eabi-gcc "../Core/Src/ism330dhcx.c" -mcpu=cortex-m4 -std=gnu11 -g3 -DDEBUG -DUSE_HAL_DRIVER -DSTM32F401xE -c -I../Core/Inc -I../Drivers/STM32F4xx_HAL_Driver/Inc -I../Drivers/STM32F4xx_HAL_Driver/Inc/Legacy -I../Drivers/CMSIS/Device/ST/STM32F4xx/Include -I../Drivers/CMSIS/Include -O0 -ffunction-sections -fdata-sections -Wall -fstack-usage -fcyclomatic-complexity -MMD -MP -MF"Core/Src/ism330dhcx.d" -MT"Core/Src/ism330dhcx.o" --specs=nano.specs -mfpu=fpv4-sp-d16 -mfloat-abi=hard -mthumb -o "Core/Src/ism330dhcx.o"
arm-none-eabi-gcc -o "IMU_F401.elf" @"objects.list"   -mcpu=cortex-m4 -T"/home/filip/projects/stm/workspace/IMU_F401/STM32F401RETX_FLASH.ld" --specs=nosys.specs -Wl,-Map="IMU_F401.map" -Wl,--gc-sections -static --specs=nano.specs -mfpu=fpv4-sp-d16 -mfloat-abi=hard -mthumb -Wl,--start-group -lc -lm -Wl,--end-group
Finished building target: IMU_F401.elf
 
arm-none-eabi-size  IMU_F401.elf 
arm-none-eabi-objdump -h -S IMU_F401.elf  > "IMU_F401.list"
   text	   data	    bss	    dec	    hex	filename
  23752	     16	   1928	  25696	   6460	IMU_F401.elf
Finished building: default.size.stdout
 
Finished building: IMU_F401.list
 
22:09:39 **** Incremental Build of configuration Debug for project IMU_F401 ****
make -j16 all 
arm-none-eabi-gcc "../Core/Src/ism330dhcx.c" -mcpu=cortex-m4 -std=gnu11 -g3 -DDEBUG -DUSE_HAL_DRIVER -DSTM32F401xE -c -I../Core/Inc -I../Drivers/STM32F4xx_HAL_Driver/Inc -I../Drivers/STM32F4xx_HAL_Driver/Inc/Legacy -I../Drivers/CMSIS/Device/ST/STM32F4xx/Include -I../Drivers/CMSIS/Include -O0 -ffunction-sections -fdata-sections -Wall -fstack-usage -fcyclomatic-complexity -MMD -MP -MF"Core/Src/ism330dhcx.d" -MT"Core/Src/ism330dhcx.o" --specs=nano.specs -mfpu=fpv4-sp-d16 -mfloat-abi=hard -mthumb -o "Core/Src/ism330dhcx.o"
arm-none-eabi-gcc "../Core/Src/ism330dhcx_settings.c" -mcpu=cortex-m4 -std=gnu11 -g3 -DDEBUG -DUSE_HAL_DRIVER -DSTM32F401xE -c -I../Core/Inc -I../Drivers/STM32F4xx_HAL_Driver/Inc -I../Drivers/STM32F4xx_HAL_Driver/Inc/Legacy -I../Drivers/CMSIS/Device/ST/STM32F4xx/Include -I../Drivers/CMSIS/Include -O0 -ffunction-sections -fdata-sections -Wall -fstack-usage -fcyclomatic-complexity -MMD -MP -MF"Core/Src/ism330dhcx_settings.d" -MT"Core/Src/ism330dhcx_settings.o" --specs=nano.specs -mfpu=fpv4-sp-d16 -mfloat-abi=hard -mthumb -o "Core/Src/ism330dhcx_settings.o"
arm-none-eabi-gcc "../Core/Src/ism330dhcx_utils.c" -mcpu=cortex-m4 -std=gnu11 -g3 -DDEBUG -DUSE_HAL_DRIVER -DSTM32F401xE -c -I../Core/Inc -I../Drivers/STM32F4xx_HAL_Driver/Inc -I../Drivers/STM32F4xx_HAL_Driver/Inc/Legacy -I../Drivers/CMSIS/Device/ST/STM32F4xx/Include -I../Drivers/CMSIS/Include -O0 -ffunction-sections -fdata-sections -Wall -fstack-usage -fcyclomatic-complexity -MMD -MP -MF"Core/Src/ism330dhcx_utils.d" -MT"Core/Src/ism330dhcx_utils.o" --specs=nano.specs -mfpu=fpv4-sp-d16 -mfloat-abi=hard -mthumb -o "Core/Src/ism330dhcx_utils.o"
arm-none-eabi-gcc "../Core/Src/main.c" -mcpu=cortex-m4 -std=gnu11 -g3 -DDEBUG -DUSE_HAL_DRIVER -DSTM32F401xE -c -I../Core/Inc -I../Drivers/STM32F4xx_HAL_Driver/Inc -I../Drivers/STM32F4xx_HAL_Driver/Inc/Legacy -I../Drivers/CMSIS/Device/ST/STM32F4xx/Include -I../Drivers/CMSIS/Include -O0 -ffunction-sections -fdata-sections -Wall -fstack-usage -fcyclomatic-complexity -MMD -MP -MF"Core/Src/main.d" -MT"Core/Src/main.o" --specs=nano.specs -mfpu=fpv4-sp-d16 -mfloat-abi=hard -mthumb -o "Core/Src/main.o"
arm-none-eabi-gcc "../Core/Src/stm32f4xx_hal_msp.c" -mcpu=cortex-m4 -std=gnu11 -g3 -DDEBUG -DUSE_HAL_DRIVER -DSTM32F401xE -c -I../Core/Inc -I../Drivers/STM32F4xx_HAL_Driver/Inc -I../Drivers/STM32F4xx_HAL_Driver/Inc/Legacy -I../Drivers/CMSIS/Device/ST/STM32F4xx/Include -I../Drivers/CMSIS/Include -O0 -ffunction-sections -fdata-sections -Wall -fstack-usage -fcyclomatic-complexity -MMD -MP -MF"Core/Src/stm32f4xx_hal_msp.d" -MT"Core/Src/stm32f4xx_hal_msp.o" --specs=nano.specs -mfpu=fpv4-sp-d16 -mfloat-abi=hard -mthumb -o "Core/Src/stm32f4xx_hal_msp.o"
arm-none-eabi-gcc "../Core/Src/stm32f4xx_it.c" -mcpu=cortex-m4 -std=gnu11 -g3 -DDEBUG -DUSE_HAL_DRIVER -DSTM32F401xE -c -I../Core/Inc -I../Drivers/STM32F4xx_HAL_Driver/Inc -I../Drivers/STM32F4xx_HAL_Driver/Inc/Legacy -I../Drivers/CMSIS/Device/ST/STM32F4xx/Include -I../Drivers/CMSIS/Include -O0 -ffunction-sections -fdata-sections -Wall -fstack-usage -fcyclomatic-complexity -MMD -MP -MF"Core/Src/stm32f4xx_it.d" -MT"Core/Src/stm32f4xx_it.o" --specs=nano.specs -mfpu=fpv4-sp-d16 -mfloat-abi=hard -mthumb -o "Core/Src/stm32f4xx_it.o"
In file included from ../Core/Inc/ism330dhcx_utils.h:20,
                 from ../Core/Src/ism330dhcx_utils.c:8:
../Core/Inc/ism330dhcx_settings.h:16:8: error: unknown type name 'I2C_HandleTypeDef'
   16 | extern I2C_HandleTypeDef hi2c1;
      |        ^~~~~~~~~~~~~~~~~
../Core/Inc/ism330dhcx_settings.h:17:8: error: unknown type name 'DMA_HandleTypeDef'
   17 | extern DMA_HandleTypeDef hdma_i2c1_rx;
      |        ^~~~~~~~~~~~~~~~~
../Core/Inc/ism330dhcx_settings.h:18:8: error: unknown type name 'DMA_HandleTypeDef'
   18 | extern DMA_HandleTypeDef hdma_i2c1_tx;
      |        ^~~~~~~~~~~~~~~~~
In file included from ../Core/Src/ism330dhcx_settings.c:8:
../Core/Inc/ism330dhcx_settings.h:16:8: error: unknown type name 'I2C_HandleTypeDef'
   16 | extern I2C_HandleTypeDef hi2c1;
      |        ^~~~~~~~~~~~~~~~~
../Core/Inc/ism330dhcx_settings.h:17:8: error: unknown type name 'DMA_HandleTypeDef'
   17 | extern DMA_HandleTypeDef hdma_i2c1_rx;
      |        ^~~~~~~~~~~~~~~~~
../Core/Inc/ism330dhcx_settings.h:18:8: error: unknown type name 'DMA_HandleTypeDef'
   18 | extern DMA_HandleTypeDef hdma_i2c1_tx;
      |        ^~~~~~~~~~~~~~~~~
../Core/Inc/ism330dhcx_utils.h:67:9: error: unknown type name 'I2C_HandleTypeDef'
   67 |         I2C_HandleTypeDef* i2c;
      |         ^~~~~~~~~~~~~~~~~
../Core/Src/ism330dhcx_settings.c: In function '__reset_I2C1_LINE':
../Core/Src/ism330dhcx_settings.c:13:12: warning: implicit declaration of function 'HAL_GPIO_ReadPin' [-Wimplicit-function-declaration]
   13 |         if(HAL_GPIO_ReadPin(GPIOB, GPIO_PIN_7) == 0){
      |            ^~~~~~~~~~~~~~~~
../Core/Src/ism330dhcx_utils.c: In function 'writeReg':
../Core/Src/ism330dhcx_utils.c:11:12: warning: implicit declaration of function 'HAL_I2C_Mem_Write' [-Wimplicit-function-declaration]
   11 |         if(HAL_I2C_Mem_Write(ism->i2c, ism->address, reg, 1, data, 1, HAL_MAX_DELAY) == HAL_OK){
      |            ^~~~~~~~~~~~~~~~~
../Core/Src/ism330dhcx_settings.c:13:29: error: 'GPIOB' undeclared (first use in this function)
   13 |         if(HAL_GPIO_ReadPin(GPIOB, GPIO_PIN_7) == 0){
      |                             ^~~~~
../Core/Src/ism330dhcx_settings.c:13:29: note: each undeclared identifier is reported only once for each function it appears in
../Core/Src/ism330dhcx_settings.c:13:36: error: 'GPIO_PIN_7' undeclared (first use in this function)
   13 |         if(HAL_GPIO_ReadPin(GPIOB, GPIO_PIN_7) == 0){
      |                                    ^~~~~~~~~~
../Core/Src/ism330dhcx_settings.c:15:17: warning: implicit declaration of function 'HAL_GPIO_WritePin' [-Wimplicit-function-declaration]
   15 |                 HAL_GPIO_WritePin(GPIOB, GPIO_PIN_6, GPIO_PIN_RESET);
      |                 ^~~~~~~~~~~~~~~~~
../Core/Src/ism330dhcx_utils.c:11:71: error: 'HAL_MAX_DELAY' undeclared (first use in this function)
   11 |         if(HAL_I2C_Mem_Write(ism->i2c, ism->address, reg, 1, data, 1, HAL_MAX_DELAY) == HAL_OK){
      |                                                                       ^~~~~~~~~~~~~
../Core/Src/ism330dhcx_utils.c:11:71: note: each undeclared identifier is reported only once for each function it appears in
../Core/Src/ism330dhcx_settings.c:15:42: error: 'GPIO_PIN_6' undeclared (first use in this function)
   15 |                 HAL_GPIO_WritePin(GPIOB, GPIO_PIN_6, GPIO_PIN_RESET);
      |                                          ^~~~~~~~~~
In file included from ../Core/Inc/ism330dhcx_utils.h:20,
                 from ../Core/Inc/ism330dhcx.h:12,
                 from ../Core/Src/ism330dhcx.c:8:
../Core/Inc/ism330dhcx_settings.h:16:8: error: unknown type name 'I2C_HandleTypeDef'
   16 | extern I2C_HandleTypeDef hi2c1;
      |        ^~~~~~~~~~~~~~~~~
../Core/Inc/ism330dhcx_settings.h:17:8: error: unknown type name 'DMA_HandleTypeDef'
   17 | extern DMA_HandleTypeDef hdma_i2c1_rx;
      |        ^~~~~~~~~~~~~~~~~
../Core/Src/ism330dhcx_settings.c:15:54: error: 'GPIO_PIN_RESET' undeclared (first use in this function)
   15 |                 HAL_GPIO_WritePin(GPIOB, GPIO_PIN_6, GPIO_PIN_RESET);
      |                                                      ^~~~~~~~~~~~~~
../Core/Inc/ism330dhcx_settings.h:18:8: error: unknown type name 'DMA_HandleTypeDef'
   18 | extern DMA_HandleTypeDef hdma_i2c1_tx;
      |        ^~~~~~~~~~~~~~~~~
../Core/Src/ism330dhcx_utils.c:11:89: error: 'HAL_OK' undeclared (first use in this function)
   11 |         if(HAL_I2C_Mem_Write(ism->i2c, ism->address, reg, 1, data, 1, HAL_MAX_DELAY) == HAL_OK){
      |                                                                                         ^~~~~~
../Core/Src/ism330dhcx_settings.c:17:25: warning: implicit declaration of function 'HAL_GPIO_TogglePin' [-Wimplicit-function-declaration]
   17 |                         HAL_GPIO_TogglePin(GPIOB, GPIO_PIN_6);
      |                         ^~~~~~~~~~~~~~~~~~
../Core/Inc/ism330dhcx_utils.h:67:9: error: unknown type name 'I2C_HandleTypeDef'
   67 |         I2C_HandleTypeDef* i2c;
      |         ^~~~~~~~~~~~~~~~~
In file included from ../Core/Inc/ism330dhcx.h:13:
../Core/Inc/ism330dhcx_settings.h:16:8: error: unknown type name 'I2C_HandleTypeDef'
   16 | extern I2C_HandleTypeDef hi2c1;
      |        ^~~~~~~~~~~~~~~~~
../Core/Inc/ism330dhcx_settings.h:17:8: error: unknown type name 'DMA_HandleTypeDef'
   17 | extern DMA_HandleTypeDef hdma_i2c1_rx;
      |        ^~~~~~~~~~~~~~~~~
../Core/Inc/ism330dhcx_settings.h:18:8: error: unknown type name 'DMA_HandleTypeDef'
   18 | extern DMA_HandleTypeDef hdma_i2c1_tx;
      |        ^~~~~~~~~~~~~~~~~
../Core/Src/ism330dhcx_settings.c:19:54: error: 'GPIO_PIN_SET' undeclared (first use in this function)
   19 |                 HAL_GPIO_WritePin(GPIOB, GPIO_PIN_6, GPIO_PIN_SET);
      |                                                      ^~~~~~~~~~~~
../Core/Src/ism330dhcx_utils.c: In function 'writeRegs':
../Core/Src/ism330dhcx_utils.c:18:74: error: 'HAL_MAX_DELAY' undeclared (first use in this function)
   18 |         if(HAL_I2C_Mem_Write(ism->i2c, ism->address, reg, 1, data, size, HAL_MAX_DELAY) == HAL_OK){
      |                                                                          ^~~~~~~~~~~~~
../Core/Src/ism330dhcx_utils.c:18:92: error: 'HAL_OK' undeclared (first use in this function)
   18 |         if(HAL_I2C_Mem_Write(ism->i2c, ism->address, reg, 1, data, size, HAL_MAX_DELAY) == HAL_OK){
      |                                                                                            ^~~~~~
../Core/Src/ism330dhcx_utils.c: In function 'readReg':
../Core/Src/ism330dhcx_utils.c:26:12: warning: implicit declaration of function 'HAL_I2C_Mem_Read' [-Wimplicit-function-declaration]
   26 |         if(HAL_I2C_Mem_Read(ism->i2c, ism->address, reg, 1, data, 1, HAL_MAX_DELAY) == HAL_OK){
      |            ^~~~~~~~~~~~~~~~
../Core/Inc/ism330dhcx.h:19:69: error: unknown type name 'I2C_HandleTypeDef'
   19 | ISM330DHCX_Status init_ISM330DHCX(ISM330DHCX *ism, uint8_t address, I2C_HandleTypeDef* i2c);
      |                                                                     ^~~~~~~~~~~~~~~~~
../Core/Src/ism330dhcx.c:10:66: error: 'NULL' undeclared here (not in a function)
   10 | Angle (*user_convert_Raw_Gyroscope)(ISM330DHCX* ism, float ms) = NULL;
      |                                                                  ^~~~
../Core/Src/ism330dhcx.c:9:1: note: 'NULL' is defined in header '<stddef.h>'; did you forget to '#include <stddef.h>'?
    8 | #include "ism330dhcx.h"
  +++ |+#include <stddef.h>
    9 | 
../Core/Src/ism330dhcx_utils.c:26:70: error: 'HAL_MAX_DELAY' undeclared (first use in this function)
   26 |         if(HAL_I2C_Mem_Read(ism->i2c, ism->address, reg, 1, data, 1, HAL_MAX_DELAY) == HAL_OK){
      |                                                                      ^~~~~~~~~~~~~
../Core/Src/ism330dhcx_utils.c:26:88: error: 'HAL_OK' undeclared (first use in this function)
   26 |         if(HAL_I2C_Mem_Read(ism->i2c, ism->address, reg, 1, data, 1, HAL_MAX_DELAY) == HAL_OK){
      |                                                                                        ^~~~~~
../Core/Src/ism330dhcx.c:13:69: error: unknown type name 'I2C_HandleTypeDef'
   13 | ISM330DHCX_Status init_ISM330DHCX(ISM330DHCX *ism, uint8_t address, I2C_HandleTypeDef *i2c){
      |                                                                     ^~~~~~~~~~~~~~~~~
../Core/Src/ism330dhcx_utils.c: In function 'readRegs':
../Core/Src/ism330dhcx_utils.c:34:73: error: 'HAL_MAX_DELAY' undeclared (first use in this function)
   34 |         if(HAL_I2C_Mem_Read(ism->i2c, ism->address, reg, 1, data, size, HAL_MAX_DELAY) == HAL_OK){
      |                                                                         ^~~~~~~~~~~~~
../Core/Src/ism330dhcx_utils.c:34:91: error: 'HAL_OK' undeclared (first use in this function)
   34 |         if(HAL_I2C_Mem_Read(ism->i2c, ism->address, reg, 1, data, size, HAL_MAX_DELAY) == HAL_OK){
      |                                                                                           ^~~~~~
make: *** [Core/Src/subdir.mk:46: Core/Src/ism330dhcx.o] Error 1
make: *** Waiting for unfinished jobs....
make: *** [Core/Src/subdir.mk:46: Core/Src/ism330dhcx_utils.o] Error 1
../Core/Src/ism330dhcx_settings.c: In function '__init_DMA':
../Core/Src/ism330dhcx_settings.c:27:9: warning: implicit declaration of function '__HAL_RCC_DMA1_CLK_ENABLE' [-Wimplicit-function-declaration]
   27 |         __HAL_RCC_DMA1_CLK_ENABLE();
      |         ^~~~~~~~~~~~~~~~~~~~~~~~~
../Core/Src/ism330dhcx_settings.c:31:9: warning: implicit declaration of function 'HAL_NVIC_SetPriority' [-Wimplicit-function-declaration]
   31 |         HAL_NVIC_SetPriority(DMA1_Stream0_IRQn, 0, 0);
      |         ^~~~~~~~~~~~~~~~~~~~
../Core/Src/ism330dhcx_settings.c:31:30: error: 'DMA1_Stream0_IRQn' undeclared (first use in this function)
   31 |         HAL_NVIC_SetPriority(DMA1_Stream0_IRQn, 0, 0);
      |                              ^~~~~~~~~~~~~~~~~
../Core/Src/ism330dhcx_settings.c:32:9: warning: implicit declaration of function 'HAL_NVIC_EnableIRQ' [-Wimplicit-function-declaration]
   32 |         HAL_NVIC_EnableIRQ(DMA1_Stream0_IRQn);
      |         ^~~~~~~~~~~~~~~~~~
../Core/Src/ism330dhcx_settings.c:34:30: error: 'DMA1_Stream6_IRQn' undeclared (first use in this function)
   34 |         HAL_NVIC_SetPriority(DMA1_Stream6_IRQn, 0, 0);
      |                              ^~~~~~~~~~~~~~~~~
../Core/Src/ism330dhcx_settings.c: In function '__init_I2C':
../Core/Src/ism330dhcx_settings.c:41:14: error: request for member 'Instance' in something not a structure or union
   41 |         hi2c1.Instance = I2C1;
      |              ^
../Core/Src/ism330dhcx_settings.c:41:26: error: 'I2C1' undeclared (first use in this function)
   41 |         hi2c1.Instance = I2C1;
      |                          ^~~~
../Core/Src/ism330dhcx_settings.c:42:14: error: request for member 'Init' in something not a structure or union
   42 |         hi2c1.Init.ClockSpeed = 400000;
      |              ^
../Core/Src/ism330dhcx_settings.c:43:14: error: request for member 'Init' in something not a structure or union
   43 |         hi2c1.Init.DutyCycle = I2C_DUTYCYCLE_2;
      |              ^
../Core/Src/ism330dhcx_settings.c:43:32: error: 'I2C_DUTYCYCLE_2' undeclared (first use in this function)
   43 |         hi2c1.Init.DutyCycle = I2C_DUTYCYCLE_2;
      |                                ^~~~~~~~~~~~~~~
../Core/Src/ism330dhcx_settings.c:44:14: error: request for member 'Init' in something not a structure or union
   44 |         hi2c1.Init.OwnAddress1 = 0;
      |              ^
../Core/Src/ism330dhcx_settings.c:45:14: error: request for member 'Init' in something not a structure or union
   45 |         hi2c1.Init.AddressingMode = I2C_ADDRESSINGMODE_7BIT;
      |              ^
../Core/Src/ism330dhcx_settings.c:45:37: error: 'I2C_ADDRESSINGMODE_7BIT' undeclared (first use in this function)
   45 |         hi2c1.Init.AddressingMode = I2C_ADDRESSINGMODE_7BIT;
      |                                     ^~~~~~~~~~~~~~~~~~~~~~~
../Core/Src/ism330dhcx_settings.c:46:14: error: request for member 'Init' in something not a structure or union
   46 |         hi2c1.Init.DualAddressMode = I2C_DUALADDRESS_DISABLE;
      |              ^
../Core/Src/ism330dhcx_settings.c:46:38: error: 'I2C_DUALADDRESS_DISABLE' undeclared (first use in this function)
   46 |         hi2c1.Init.DualAddressMode = I2C_DUALADDRESS_DISABLE;
      |                                      ^~~~~~~~~~~~~~~~~~~~~~~
../Core/Src/ism330dhcx_settings.c:47:14: error: request for member 'Init' in something not a structure or union
   47 |         hi2c1.Init.OwnAddress2 = 0;
      |              ^
../Core/Src/ism330dhcx_settings.c:48:14: error: request for member 'Init' in something not a structure or union
   48 |         hi2c1.Init.GeneralCallMode = I2C_GENERALCALL_DISABLE;
      |              ^
../Core/Src/ism330dhcx_settings.c:48:38: error: 'I2C_GENERALCALL_DISABLE' undeclared (first use in this function)
   48 |         hi2c1.Init.GeneralCallMode = I2C_GENERALCALL_DISABLE;
      |                                      ^~~~~~~~~~~~~~~~~~~~~~~
../Core/Src/ism330dhcx_settings.c:49:14: error: request for member 'Init' in something not a structure or union
   49 |         hi2c1.Init.NoStretchMode = I2C_NOSTRETCH_DISABLE;
      |              ^
../Core/Src/ism330dhcx_settings.c:49:36: error: 'I2C_NOSTRETCH_DISABLE' undeclared (first use in this function)
   49 |         hi2c1.Init.NoStretchMode = I2C_NOSTRETCH_DISABLE;
      |                                    ^~~~~~~~~~~~~~~~~~~~~
../Core/Src/ism330dhcx_settings.c:50:13: warning: implicit declaration of function 'HAL_I2C_Init' [-Wimplicit-function-declaration]
   50 |         if (HAL_I2C_Init(&hi2c1) != HAL_OK)
      |             ^~~~~~~~~~~~
../Core/Src/ism330dhcx_settings.c:50:37: error: 'HAL_OK' undeclared (first use in this function)
   50 |         if (HAL_I2C_Init(&hi2c1) != HAL_OK)
      |                                     ^~~~~~
../Core/Src/ism330dhcx_settings.c:52:17: warning: implicit declaration of function 'Error_Handler' [-Wimplicit-function-declaration]
   52 |                 Error_Handler();
      |                 ^~~~~~~~~~~~~
../Core/Src/ism330dhcx_settings.c: In function '__init_GPIO':
../Core/Src/ism330dhcx_settings.c:59:9: error: unknown type name 'GPIO_InitTypeDef'
   59 |         GPIO_InitTypeDef GPIO_InitStruct = {0};
      |         ^~~~~~~~~~~~~~~~
../Core/Src/ism330dhcx_settings.c:61:9: warning: implicit declaration of function '__HAL_RCC_GPIOH_CLK_ENABLE' [-Wimplicit-function-declaration]
   61 |         __HAL_RCC_GPIOH_CLK_ENABLE();
      |         ^~~~~~~~~~~~~~~~~~~~~~~~~~
../Core/Src/ism330dhcx_settings.c:62:9: warning: implicit declaration of function '__HAL_RCC_GPIOA_CLK_ENABLE' [-Wimplicit-function-declaration]
   62 |         __HAL_RCC_GPIOA_CLK_ENABLE();
      |         ^~~~~~~~~~~~~~~~~~~~~~~~~~
../Core/Src/ism330dhcx_settings.c:63:9: warning: implicit declaration of function '__HAL_RCC_GPIOB_CLK_ENABLE' [-Wimplicit-function-declaration]
   63 |         __HAL_RCC_GPIOB_CLK_ENABLE();
      |         ^~~~~~~~~~~~~~~~~~~~~~~~~~
../Core/Src/ism330dhcx_settings.c:66:27: error: 'GPIOB' undeclared (first use in this function)
   66 |         HAL_GPIO_WritePin(GPIOB, GPIO_PIN_7, GPIO_PIN_RESET);
      |                           ^~~~~
../Core/Src/ism330dhcx_settings.c:66:34: error: 'GPIO_PIN_7' undeclared (first use in this function)
   66 |         HAL_GPIO_WritePin(GPIOB, GPIO_PIN_7, GPIO_PIN_RESET);
      |                                  ^~~~~~~~~~
../Core/Src/ism330dhcx_settings.c:66:46: error: 'GPIO_PIN_RESET' undeclared (first use in this function)
   66 |         HAL_GPIO_WritePin(GPIOB, GPIO_PIN_7, GPIO_PIN_RESET);
      |                                              ^~~~~~~~~~~~~~
../Core/Src/ism330dhcx_settings.c:69:24: error: request for member 'Pin' in something not a structure or union
   69 |         GPIO_InitStruct.Pin = GPIO_PIN_7;
      |                        ^
../Core/Src/ism330dhcx_settings.c:70:24: error: request for member 'Mode' in something not a structure or union
   70 |         GPIO_InitStruct.Mode = GPIO_MODE_OUTPUT_PP;
      |                        ^
../Core/Src/ism330dhcx_settings.c:70:32: error: 'GPIO_MODE_OUTPUT_PP' undeclared (first use in this function)
   70 |         GPIO_InitStruct.Mode = GPIO_MODE_OUTPUT_PP;
      |                                ^~~~~~~~~~~~~~~~~~~
../Core/Src/ism330dhcx_settings.c:71:24: error: request for member 'Pull' in something not a structure or union
   71 |         GPIO_InitStruct.Pull = GPIO_NOPULL;
      |                        ^
../Core/Src/ism330dhcx_settings.c:71:32: error: 'GPIO_NOPULL' undeclared (first use in this function)
   71 |         GPIO_InitStruct.Pull = GPIO_NOPULL;
      |                                ^~~~~~~~~~~
../Core/Src/ism330dhcx_settings.c:72:24: error: request for member 'Speed' in something not a structure or union
   72 |         GPIO_InitStruct.Speed = GPIO_SPEED_FREQ_LOW;
      |                        ^
../Core/Src/ism330dhcx_settings.c:72:33: error: 'GPIO_SPEED_FREQ_LOW' undeclared (first use in this function)
   72 |         GPIO_InitStruct.Speed = GPIO_SPEED_FREQ_LOW;
      |                                 ^~~~~~~~~~~~~~~~~~~
../Core/Src/ism330dhcx_settings.c:73:9: warning: implicit declaration of function 'HAL_GPIO_Init' [-Wimplicit-function-declaration]
   73 |         HAL_GPIO_Init(GPIOB, &GPIO_InitStruct);
      |         ^~~~~~~~~~~~~
../Core/Src/ism330dhcx_settings.c:75:24: error: request for member 'Pin' in something not a structure or union
   75 |         GPIO_InitStruct.Pin = GPIO_PIN_6;
      |                        ^
../Core/Src/ism330dhcx_settings.c:75:31: error: 'GPIO_PIN_6' undeclared (first use in this function)
   75 |         GPIO_InitStruct.Pin = GPIO_PIN_6;
      |                               ^~~~~~~~~~
../Core/Src/ism330dhcx_settings.c:76:24: error: request for member 'Mode' in something not a structure or union
   76 |         GPIO_InitStruct.Mode = GPIO_MODE_OUTPUT_PP;
      |                        ^
../Core/Src/ism330dhcx_settings.c:77:24: error: request for member 'Pull' in something not a structure or union
   77 |         GPIO_InitStruct.Pull = GPIO_NOPULL;
      |                        ^
../Core/Src/ism330dhcx_settings.c:78:24: error: request for member 'Speed' in something not a structure or union
   78 |         GPIO_InitStruct.Speed = GPIO_SPEED_FREQ_LOW;
      |                        ^
../Core/Src/ism330dhcx_settings.c:81:24: error: request for member 'Pin' in something not a structure or union
   81 |         GPIO_InitStruct.Pin = GPIO_PIN_5;
      |                        ^
../Core/Src/ism330dhcx_settings.c:81:31: error: 'GPIO_PIN_5' undeclared (first use in this function)
   81 |         GPIO_InitStruct.Pin = GPIO_PIN_5;
      |                               ^~~~~~~~~~
../Core/Src/ism330dhcx_settings.c:82:24: error: request for member 'Mode' in something not a structure or union
   82 |         GPIO_InitStruct.Mode = GPIO_MODE_OUTPUT_PP;
      |                        ^
../Core/Src/ism330dhcx_settings.c:83:24: error: request for member 'Pull' in something not a structure or union
   83 |         GPIO_InitStruct.Pull = GPIO_NOPULL;
      |                        ^
../Core/Src/ism330dhcx_settings.c:84:24: error: request for member 'Speed' in something not a structure or union
   84 |         GPIO_InitStruct.Speed = GPIO_SPEED_FREQ_LOW;
      |                        ^
../Core/Src/ism330dhcx_settings.c:85:23: error: 'GPIOA' undeclared (first use in this function)
   85 |         HAL_GPIO_Init(GPIOA, &GPIO_InitStruct);
      |                       ^~~~~
make: *** [Core/Src/subdir.mk:46: Core/Src/ism330dhcx_settings.o] Error 1
../Core/Src/main.c: In function 'main':
../Core/Src/main.c:77:27: warning: variable 'status' set but not used [-Wunused-but-set-variable]
   77 |         ISM330DHCX_Status status = ISM_NONE;
      |                           ^~~~~~
"make -j16 all" terminated with exit code 2. Build might be incomplete.
22:19:01 **** Incremental Build of configuration Debug for project IMU_F401 ****
make -j16 all 
arm-none-eabi-gcc "../Core/Src/ism330dhcx.c" -mcpu=cortex-m4 -std=gnu11 -g3 -DDEBUG -DUSE_HAL_DRIVER -DSTM32F401xE -c -I../Core/Inc -I../Drivers/STM32F4xx_HAL_Driver/Inc -I../Drivers/STM32F4xx_HAL_Driver/Inc/Legacy -I../Drivers/CMSIS/Device/ST/STM32F4xx/Include -I../Drivers/CMSIS/Include -O0 -ffunction-sections -fdata-sections -Wall -fstack-usage -fcyclomatic-complexity -MMD -MP -MF"Core/Src/ism330dhcx.d" -MT"Core/Src/ism330dhcx.o" --specs=nano.specs -mfpu=fpv4-sp-d16 -mfloat-abi=hard -mthumb -o "Core/Src/ism330dhcx.o"
arm-none-eabi-gcc "../Core/Src/ism330dhcx_settings.c" -mcpu=cortex-m4 -std=gnu11 -g3 -DDEBUG -DUSE_HAL_DRIVER -DSTM32F401xE -c -I../Core/Inc -I../Drivers/STM32F4xx_HAL_Driver/Inc -I../Drivers/STM32F4xx_HAL_Driver/Inc/Legacy -I../Drivers/CMSIS/Device/ST/STM32F4xx/Include -I../Drivers/CMSIS/Include -O0 -ffunction-sections -fdata-sections -Wall -fstack-usage -fcyclomatic-complexity -MMD -MP -MF"Core/Src/ism330dhcx_settings.d" -MT"Core/Src/ism330dhcx_settings.o" --specs=nano.specs -mfpu=fpv4-sp-d16 -mfloat-abi=hard -mthumb -o "Core/Src/ism330dhcx_settings.o"
arm-none-eabi-gcc "../Core/Src/ism330dhcx_utils.c" -mcpu=cortex-m4 -std=gnu11 -g3 -DDEBUG -DUSE_HAL_DRIVER -DSTM32F401xE -c -I../Core/Inc -I../Drivers/STM32F4xx_HAL_Driver/Inc -I../Drivers/STM32F4xx_HAL_Driver/Inc/Legacy -I../Drivers/CMSIS/Device/ST/STM32F4xx/Include -I../Drivers/CMSIS/Include -O0 -ffunction-sections -fdata-sections -Wall -fstack-usage -fcyclomatic-complexity -MMD -MP -MF"Core/Src/ism330dhcx_utils.d" -MT"Core/Src/ism330dhcx_utils.o" --specs=nano.specs -mfpu=fpv4-sp-d16 -mfloat-abi=hard -mthumb -o "Core/Src/ism330dhcx_utils.o"
arm-none-eabi-gcc "../Core/Src/main.c" -mcpu=cortex-m4 -std=gnu11 -g3 -DDEBUG -DUSE_HAL_DRIVER -DSTM32F401xE -c -I../Core/Inc -I../Drivers/STM32F4xx_HAL_Driver/Inc -I../Drivers/STM32F4xx_HAL_Driver/Inc/Legacy -I../Drivers/CMSIS/Device/ST/STM32F4xx/Include -I../Drivers/CMSIS/Include -O0 -ffunction-sections -fdata-sections -Wall -fstack-usage -fcyclomatic-complexity -MMD -MP -MF"Core/Src/main.d" -MT"Core/Src/main.o" --specs=nano.specs -mfpu=fpv4-sp-d16 -mfloat-abi=hard -mthumb -o "Core/Src/main.o"
arm-none-eabi-gcc "../Core/Src/stm32f4xx_hal_msp.c" -mcpu=cortex-m4 -std=gnu11 -g3 -DDEBUG -DUSE_HAL_DRIVER -DSTM32F401xE -c -I../Core/Inc -I../Drivers/STM32F4xx_HAL_Driver/Inc -I../Drivers/STM32F4xx_HAL_Driver/Inc/Legacy -I../Drivers/CMSIS/Device/ST/STM32F4xx/Include -I../Drivers/CMSIS/Include -O0 -ffunction-sections -fdata-sections -Wall -fstack-usage -fcyclomatic-complexity -MMD -MP -MF"Core/Src/stm32f4xx_hal_msp.d" -MT"Core/Src/stm32f4xx_hal_msp.o" --specs=nano.specs -mfpu=fpv4-sp-d16 -mfloat-abi=hard -mthumb -o "Core/Src/stm32f4xx_hal_msp.o"
arm-none-eabi-gcc "../Core/Src/stm32f4xx_it.c" -mcpu=cortex-m4 -std=gnu11 -g3 -DDEBUG -DUSE_HAL_DRIVER -DSTM32F401xE -c -I../Core/Inc -I../Drivers/STM32F4xx_HAL_Driver/Inc -I../Drivers/STM32F4xx_HAL_Driver/Inc/Legacy -I../Drivers/CMSIS/Device/ST/STM32F4xx/Include -I../Drivers/CMSIS/Include -O0 -ffunction-sections -fdata-sections -Wall -fstack-usage -fcyclomatic-complexity -MMD -MP -MF"Core/Src/stm32f4xx_it.d" -MT"Core/Src/stm32f4xx_it.o" --specs=nano.specs -mfpu=fpv4-sp-d16 -mfloat-abi=hard -mthumb -o "Core/Src/stm32f4xx_it.o"
In file included from ../Core/Src/ism330dhcx_settings.c:8:
../Core/Inc/ism330dhcx_settings.h:16:8: error: unknown type name 'I2C_HandleTypeDef'
   16 | extern I2C_HandleTypeDef hi2c1;
      |        ^~~~~~~~~~~~~~~~~
../Core/Inc/ism330dhcx_settings.h:17:8: error: unknown type name 'DMA_HandleTypeDef'
   17 | extern DMA_HandleTypeDef hdma_i2c1_rx;
      |        ^~~~~~~~~~~~~~~~~
../Core/Inc/ism330dhcx_settings.h:18:8: error: unknown type name 'DMA_HandleTypeDef'
   18 | extern DMA_HandleTypeDef hdma_i2c1_tx;
      |        ^~~~~~~~~~~~~~~~~
../Core/Src/ism330dhcx_settings.c: In function '__reset_I2C1_LINE':
../Core/Src/ism330dhcx_settings.c:13:12: warning: implicit declaration of function 'HAL_GPIO_ReadPin' [-Wimplicit-function-declaration]
   13 |         if(HAL_GPIO_ReadPin(GPIOB, GPIO_PIN_7) == 0){
      |            ^~~~~~~~~~~~~~~~
../Core/Src/ism330dhcx_settings.c:13:29: error: 'GPIOB' undeclared (first use in this function)
   13 |         if(HAL_GPIO_ReadPin(GPIOB, GPIO_PIN_7) == 0){
      |                             ^~~~~
../Core/Src/ism330dhcx_settings.c:13:29: note: each undeclared identifier is reported only once for each function it appears in
../Core/Src/ism330dhcx_settings.c:13:36: error: 'GPIO_PIN_7' undeclared (first use in this function)
   13 |         if(HAL_GPIO_ReadPin(GPIOB, GPIO_PIN_7) == 0){
      |                                    ^~~~~~~~~~
../Core/Src/ism330dhcx_settings.c:15:17: warning: implicit declaration of function 'HAL_GPIO_WritePin' [-Wimplicit-function-declaration]
   15 |                 HAL_GPIO_WritePin(GPIOB, GPIO_PIN_6, GPIO_PIN_RESET);
      |                 ^~~~~~~~~~~~~~~~~
../Core/Src/ism330dhcx_settings.c:15:42: error: 'GPIO_PIN_6' undeclared (first use in this function)
   15 |                 HAL_GPIO_WritePin(GPIOB, GPIO_PIN_6, GPIO_PIN_RESET);
      |                                          ^~~~~~~~~~
../Core/Src/ism330dhcx_settings.c:15:54: error: 'GPIO_PIN_RESET' undeclared (first use in this function)
   15 |                 HAL_GPIO_WritePin(GPIOB, GPIO_PIN_6, GPIO_PIN_RESET);
      |                                                      ^~~~~~~~~~~~~~
../Core/Src/ism330dhcx_settings.c:17:25: warning: implicit declaration of function 'HAL_GPIO_TogglePin' [-Wimplicit-function-declaration]
   17 |                         HAL_GPIO_TogglePin(GPIOB, GPIO_PIN_6);
      |                         ^~~~~~~~~~~~~~~~~~
../Core/Src/ism330dhcx_settings.c:19:54: error: 'GPIO_PIN_SET' undeclared (first use in this function)
   19 |                 HAL_GPIO_WritePin(GPIOB, GPIO_PIN_6, GPIO_PIN_SET);
      |                                                      ^~~~~~~~~~~~
../Core/Src/ism330dhcx_settings.c: In function '__init_DMA':
../Core/Src/ism330dhcx_settings.c:27:9: warning: implicit declaration of function '__HAL_RCC_DMA1_CLK_ENABLE' [-Wimplicit-function-declaration]
   27 |         __HAL_RCC_DMA1_CLK_ENABLE();
      |         ^~~~~~~~~~~~~~~~~~~~~~~~~
../Core/Src/ism330dhcx_settings.c:31:9: warning: implicit declaration of function 'HAL_NVIC_SetPriority' [-Wimplicit-function-declaration]
   31 |         HAL_NVIC_SetPriority(DMA1_Stream0_IRQn, 0, 0);
      |         ^~~~~~~~~~~~~~~~~~~~
../Core/Src/ism330dhcx_settings.c:31:30: error: 'DMA1_Stream0_IRQn' undeclared (first use in this function)
   31 |         HAL_NVIC_SetPriority(DMA1_Stream0_IRQn, 0, 0);
      |                              ^~~~~~~~~~~~~~~~~
../Core/Src/ism330dhcx_settings.c:32:9: warning: implicit declaration of function 'HAL_NVIC_EnableIRQ' [-Wimplicit-function-declaration]
   32 |         HAL_NVIC_EnableIRQ(DMA1_Stream0_IRQn);
      |         ^~~~~~~~~~~~~~~~~~
../Core/Src/ism330dhcx_settings.c:34:30: error: 'DMA1_Stream6_IRQn' undeclared (first use in this function)
   34 |         HAL_NVIC_SetPriority(DMA1_Stream6_IRQn, 0, 0);
      |                              ^~~~~~~~~~~~~~~~~
../Core/Src/ism330dhcx_settings.c: In function '__init_I2C':
../Core/Src/ism330dhcx_settings.c:41:14: error: request for member 'Instance' in something not a structure or union
   41 |         hi2c1.Instance = I2C1;
      |              ^
../Core/Src/ism330dhcx_settings.c:41:26: error: 'I2C1' undeclared (first use in this function)
   41 |         hi2c1.Instance = I2C1;
      |                          ^~~~
../Core/Src/ism330dhcx_settings.c:42:14: error: request for member 'Init' in something not a structure or union
   42 |         hi2c1.Init.ClockSpeed = 400000;
      |              ^
../Core/Src/ism330dhcx_settings.c:43:14: error: request for member 'Init' in something not a structure or union
   43 |         hi2c1.Init.DutyCycle = I2C_DUTYCYCLE_2;
      |              ^
../Core/Src/ism330dhcx_settings.c:43:32: error: 'I2C_DUTYCYCLE_2' undeclared (first use in this function)
   43 |         hi2c1.Init.DutyCycle = I2C_DUTYCYCLE_2;
      |                                ^~~~~~~~~~~~~~~
../Core/Src/ism330dhcx_settings.c:44:14: error: request for member 'Init' in something not a structure or union
   44 |         hi2c1.Init.OwnAddress1 = 0;
      |              ^
../Core/Src/ism330dhcx_settings.c:45:14: error: request for member 'Init' in something not a structure or union
   45 |         hi2c1.Init.AddressingMode = I2C_ADDRESSINGMODE_7BIT;
      |              ^
../Core/Src/ism330dhcx_settings.c:45:37: error: 'I2C_ADDRESSINGMODE_7BIT' undeclared (first use in this function)
   45 |         hi2c1.Init.AddressingMode = I2C_ADDRESSINGMODE_7BIT;
      |                                     ^~~~~~~~~~~~~~~~~~~~~~~
../Core/Src/ism330dhcx_settings.c:46:14: error: request for member 'Init' in something not a structure or union
   46 |         hi2c1.Init.DualAddressMode = I2C_DUALADDRESS_DISABLE;
      |              ^
../Core/Src/ism330dhcx_settings.c:46:38: error: 'I2C_DUALADDRESS_DISABLE' undeclared (first use in this function)
   46 |         hi2c1.Init.DualAddressMode = I2C_DUALADDRESS_DISABLE;
      |                                      ^~~~~~~~~~~~~~~~~~~~~~~
../Core/Src/ism330dhcx_settings.c:47:14: error: request for member 'Init' in something not a structure or union
   47 |         hi2c1.Init.OwnAddress2 = 0;
      |              ^
../Core/Src/ism330dhcx_settings.c:48:14: error: request for member 'Init' in something not a structure or union
   48 |         hi2c1.Init.GeneralCallMode = I2C_GENERALCALL_DISABLE;
      |              ^
../Core/Src/ism330dhcx_settings.c:48:38: error: 'I2C_GENERALCALL_DISABLE' undeclared (first use in this function)
   48 |         hi2c1.Init.GeneralCallMode = I2C_GENERALCALL_DISABLE;
      |                                      ^~~~~~~~~~~~~~~~~~~~~~~
../Core/Src/ism330dhcx_settings.c:49:14: error: request for member 'Init' in something not a structure or union
   49 |         hi2c1.Init.NoStretchMode = I2C_NOSTRETCH_DISABLE;
      |              ^
../Core/Src/ism330dhcx_settings.c:49:36: error: 'I2C_NOSTRETCH_DISABLE' undeclared (first use in this function)
   49 |         hi2c1.Init.NoStretchMode = I2C_NOSTRETCH_DISABLE;
      |                                    ^~~~~~~~~~~~~~~~~~~~~
../Core/Src/ism330dhcx_settings.c:50:13: warning: implicit declaration of function 'HAL_I2C_Init' [-Wimplicit-function-declaration]
   50 |         if (HAL_I2C_Init(&hi2c1) != HAL_OK)
      |             ^~~~~~~~~~~~
../Core/Src/ism330dhcx_settings.c:50:37: error: 'HAL_OK' undeclared (first use in this function)
   50 |         if (HAL_I2C_Init(&hi2c1) != HAL_OK)
      |                                     ^~~~~~
../Core/Src/ism330dhcx_settings.c:52:17: warning: implicit declaration of function 'Error_Handler' [-Wimplicit-function-declaration]
   52 |                 Error_Handler();
      |                 ^~~~~~~~~~~~~
../Core/Src/ism330dhcx_settings.c: In function '__init_GPIO':
../Core/Src/ism330dhcx_settings.c:59:9: error: unknown type name 'GPIO_InitTypeDef'
   59 |         GPIO_InitTypeDef GPIO_InitStruct = {0};
      |         ^~~~~~~~~~~~~~~~
../Core/Src/ism330dhcx_settings.c:61:9: warning: implicit declaration of function '__HAL_RCC_GPIOH_CLK_ENABLE' [-Wimplicit-function-declaration]
   61 |         __HAL_RCC_GPIOH_CLK_ENABLE();
      |         ^~~~~~~~~~~~~~~~~~~~~~~~~~
../Core/Src/ism330dhcx_settings.c:62:9: warning: implicit declaration of function '__HAL_RCC_GPIOA_CLK_ENABLE' [-Wimplicit-function-declaration]
   62 |         __HAL_RCC_GPIOA_CLK_ENABLE();
      |         ^~~~~~~~~~~~~~~~~~~~~~~~~~
../Core/Src/ism330dhcx_settings.c:63:9: warning: implicit declaration of function '__HAL_RCC_GPIOB_CLK_ENABLE' [-Wimplicit-function-declaration]
   63 |         __HAL_RCC_GPIOB_CLK_ENABLE();
      |         ^~~~~~~~~~~~~~~~~~~~~~~~~~
../Core/Src/ism330dhcx_settings.c:66:27: error: 'GPIOB' undeclared (first use in this function)
   66 |         HAL_GPIO_WritePin(GPIOB, GPIO_PIN_7, GPIO_PIN_RESET);
      |                           ^~~~~
../Core/Src/ism330dhcx_settings.c:66:34: error: 'GPIO_PIN_7' undeclared (first use in this function)
   66 |         HAL_GPIO_WritePin(GPIOB, GPIO_PIN_7, GPIO_PIN_RESET);
      |                                  ^~~~~~~~~~
../Core/Src/ism330dhcx_settings.c:66:46: error: 'GPIO_PIN_RESET' undeclared (first use in this function)
   66 |         HAL_GPIO_WritePin(GPIOB, GPIO_PIN_7, GPIO_PIN_RESET);
      |                                              ^~~~~~~~~~~~~~
../Core/Src/ism330dhcx_settings.c:69:24: error: request for member 'Pin' in something not a structure or union
   69 |         GPIO_InitStruct.Pin = GPIO_PIN_7;
      |                        ^
../Core/Src/ism330dhcx_settings.c:70:24: error: request for member 'Mode' in something not a structure or union
   70 |         GPIO_InitStruct.Mode = GPIO_MODE_OUTPUT_PP;
      |                        ^
../Core/Src/ism330dhcx_settings.c:70:32: error: 'GPIO_MODE_OUTPUT_PP' undeclared (first use in this function)
   70 |         GPIO_InitStruct.Mode = GPIO_MODE_OUTPUT_PP;
      |                                ^~~~~~~~~~~~~~~~~~~
../Core/Src/ism330dhcx_settings.c:71:24: error: request for member 'Pull' in something not a structure or union
   71 |         GPIO_InitStruct.Pull = GPIO_NOPULL;
      |                        ^
../Core/Src/ism330dhcx_settings.c:71:32: error: 'GPIO_NOPULL' undeclared (first use in this function)
   71 |         GPIO_InitStruct.Pull = GPIO_NOPULL;
      |                                ^~~~~~~~~~~
../Core/Src/ism330dhcx_settings.c:72:24: error: request for member 'Speed' in something not a structure or union
   72 |         GPIO_InitStruct.Speed = GPIO_SPEED_FREQ_LOW;
      |                        ^
../Core/Src/ism330dhcx_settings.c:72:33: error: 'GPIO_SPEED_FREQ_LOW' undeclared (first use in this function)
   72 |         GPIO_InitStruct.Speed = GPIO_SPEED_FREQ_LOW;
      |                                 ^~~~~~~~~~~~~~~~~~~
../Core/Src/ism330dhcx_settings.c:73:9: warning: implicit declaration of function 'HAL_GPIO_Init' [-Wimplicit-function-declaration]
   73 |         HAL_GPIO_Init(GPIOB, &GPIO_InitStruct);
      |         ^~~~~~~~~~~~~
../Core/Src/ism330dhcx_settings.c:75:24: error: request for member 'Pin' in something not a structure or union
   75 |         GPIO_InitStruct.Pin = GPIO_PIN_6;
      |                        ^
../Core/Src/ism330dhcx_settings.c:75:31: error: 'GPIO_PIN_6' undeclared (first use in this function)
   75 |         GPIO_InitStruct.Pin = GPIO_PIN_6;
      |                               ^~~~~~~~~~
../Core/Src/ism330dhcx_settings.c:76:24: error: request for member 'Mode' in something not a structure or union
   76 |         GPIO_InitStruct.Mode = GPIO_MODE_OUTPUT_PP;
      |                        ^
../Core/Src/ism330dhcx_settings.c:77:24: error: request for member 'Pull' in something not a structure or union
   77 |         GPIO_InitStruct.Pull = GPIO_NOPULL;
      |                        ^
../Core/Src/ism330dhcx_settings.c:78:24: error: request for member 'Speed' in something not a structure or union
   78 |         GPIO_InitStruct.Speed = GPIO_SPEED_FREQ_LOW;
      |                        ^
../Core/Src/ism330dhcx_settings.c:81:24: error: request for member 'Pin' in something not a structure or union
   81 |         GPIO_InitStruct.Pin = GPIO_PIN_5;
      |                        ^
../Core/Src/ism330dhcx_settings.c:81:31: error: 'GPIO_PIN_5' undeclared (first use in this function)
   81 |         GPIO_InitStruct.Pin = GPIO_PIN_5;
      |                               ^~~~~~~~~~
../Core/Src/ism330dhcx_settings.c:82:24: error: request for member 'Mode' in something not a structure or union
   82 |         GPIO_InitStruct.Mode = GPIO_MODE_OUTPUT_PP;
      |                        ^
../Core/Src/ism330dhcx_settings.c:83:24: error: request for member 'Pull' in something not a structure or union
   83 |         GPIO_InitStruct.Pull = GPIO_NOPULL;
      |                        ^
../Core/Src/ism330dhcx_settings.c:84:24: error: request for member 'Speed' in something not a structure or union
   84 |         GPIO_InitStruct.Speed = GPIO_SPEED_FREQ_LOW;
      |                        ^
../Core/Src/ism330dhcx_settings.c:85:23: error: 'GPIOA' undeclared (first use in this function)
   85 |         HAL_GPIO_Init(GPIOA, &GPIO_InitStruct);
      |                       ^~~~~
make: *** [Core/Src/subdir.mk:46: Core/Src/ism330dhcx_settings.o] Error 1
make: *** Waiting for unfinished jobs....
../Core/Src/main.c: In function 'main':
../Core/Src/main.c:77:27: warning: variable 'status' set but not used [-Wunused-but-set-variable]
   77 |         ISM330DHCX_Status status = ISM_NONE;
      |                           ^~~~~~
"make -j16 all" terminated with exit code 2. Build might be incomplete.
22:19:17 **** Incremental Build of configuration Debug for project IMU_F401 ****
make -j16 all 
arm-none-eabi-gcc "../Core/Src/ism330dhcx.c" -mcpu=cortex-m4 -std=gnu11 -g3 -DDEBUG -DUSE_HAL_DRIVER -DSTM32F401xE -c -I../Core/Inc -I../Drivers/STM32F4xx_HAL_Driver/Inc -I../Drivers/STM32F4xx_HAL_Driver/Inc/Legacy -I../Drivers/CMSIS/Device/ST/STM32F4xx/Include -I../Drivers/CMSIS/Include -O0 -ffunction-sections -fdata-sections -Wall -fstack-usage -fcyclomatic-complexity -MMD -MP -MF"Core/Src/ism330dhcx.d" -MT"Core/Src/ism330dhcx.o" --specs=nano.specs -mfpu=fpv4-sp-d16 -mfloat-abi=hard -mthumb -o "Core/Src/ism330dhcx.o"
arm-none-eabi-gcc "../Core/Src/ism330dhcx_settings.c" -mcpu=cortex-m4 -std=gnu11 -g3 -DDEBUG -DUSE_HAL_DRIVER -DSTM32F401xE -c -I../Core/Inc -I../Drivers/STM32F4xx_HAL_Driver/Inc -I../Drivers/STM32F4xx_HAL_Driver/Inc/Legacy -I../Drivers/CMSIS/Device/ST/STM32F4xx/Include -I../Drivers/CMSIS/Include -O0 -ffunction-sections -fdata-sections -Wall -fstack-usage -fcyclomatic-complexity -MMD -MP -MF"Core/Src/ism330dhcx_settings.d" -MT"Core/Src/ism330dhcx_settings.o" --specs=nano.specs -mfpu=fpv4-sp-d16 -mfloat-abi=hard -mthumb -o "Core/Src/ism330dhcx_settings.o"
arm-none-eabi-gcc "../Core/Src/ism330dhcx_utils.c" -mcpu=cortex-m4 -std=gnu11 -g3 -DDEBUG -DUSE_HAL_DRIVER -DSTM32F401xE -c -I../Core/Inc -I../Drivers/STM32F4xx_HAL_Driver/Inc -I../Drivers/STM32F4xx_HAL_Driver/Inc/Legacy -I../Drivers/CMSIS/Device/ST/STM32F4xx/Include -I../Drivers/CMSIS/Include -O0 -ffunction-sections -fdata-sections -Wall -fstack-usage -fcyclomatic-complexity -MMD -MP -MF"Core/Src/ism330dhcx_utils.d" -MT"Core/Src/ism330dhcx_utils.o" --specs=nano.specs -mfpu=fpv4-sp-d16 -mfloat-abi=hard -mthumb -o "Core/Src/ism330dhcx_utils.o"
arm-none-eabi-gcc "../Core/Src/main.c" -mcpu=cortex-m4 -std=gnu11 -g3 -DDEBUG -DUSE_HAL_DRIVER -DSTM32F401xE -c -I../Core/Inc -I../Drivers/STM32F4xx_HAL_Driver/Inc -I../Drivers/STM32F4xx_HAL_Driver/Inc/Legacy -I../Drivers/CMSIS/Device/ST/STM32F4xx/Include -I../Drivers/CMSIS/Include -O0 -ffunction-sections -fdata-sections -Wall -fstack-usage -fcyclomatic-complexity -MMD -MP -MF"Core/Src/main.d" -MT"Core/Src/main.o" --specs=nano.specs -mfpu=fpv4-sp-d16 -mfloat-abi=hard -mthumb -o "Core/Src/main.o"
arm-none-eabi-gcc "../Core/Src/stm32f4xx_hal_msp.c" -mcpu=cortex-m4 -std=gnu11 -g3 -DDEBUG -DUSE_HAL_DRIVER -DSTM32F401xE -c -I../Core/Inc -I../Drivers/STM32F4xx_HAL_Driver/Inc -I../Drivers/STM32F4xx_HAL_Driver/Inc/Legacy -I../Drivers/CMSIS/Device/ST/STM32F4xx/Include -I../Drivers/CMSIS/Include -O0 -ffunction-sections -fdata-sections -Wall -fstack-usage -fcyclomatic-complexity -MMD -MP -MF"Core/Src/stm32f4xx_hal_msp.d" -MT"Core/Src/stm32f4xx_hal_msp.o" --specs=nano.specs -mfpu=fpv4-sp-d16 -mfloat-abi=hard -mthumb -o "Core/Src/stm32f4xx_hal_msp.o"
arm-none-eabi-gcc "../Core/Src/stm32f4xx_it.c" -mcpu=cortex-m4 -std=gnu11 -g3 -DDEBUG -DUSE_HAL_DRIVER -DSTM32F401xE -c -I../Core/Inc -I../Drivers/STM32F4xx_HAL_Driver/Inc -I../Drivers/STM32F4xx_HAL_Driver/Inc/Legacy -I../Drivers/CMSIS/Device/ST/STM32F4xx/Include -I../Drivers/CMSIS/Include -O0 -ffunction-sections -fdata-sections -Wall -fstack-usage -fcyclomatic-complexity -MMD -MP -MF"Core/Src/stm32f4xx_it.d" -MT"Core/Src/stm32f4xx_it.o" --specs=nano.specs -mfpu=fpv4-sp-d16 -mfloat-abi=hard -mthumb -o "Core/Src/stm32f4xx_it.o"
../Core/Src/main.c: In function 'main':
../Core/Src/main.c:77:27: warning: variable 'status' set but not used [-Wunused-but-set-variable]
   77 |         ISM330DHCX_Status status = ISM_NONE;
      |                           ^~~~~~
../Core/Src/ism330dhcx_settings.c: In function '__init_I2C':
../Core/Src/ism330dhcx_settings.c:52:17: warning: implicit declaration of function 'Error_Handler' [-Wimplicit-function-declaration]
   52 |                 Error_Handler();
      |                 ^~~~~~~~~~~~~
arm-none-eabi-gcc -o "IMU_F401.elf" @"objects.list"   -mcpu=cortex-m4 -T"/home/filip/projects/stm/workspace/IMU_F401/STM32F401RETX_FLASH.ld" --specs=nosys.specs -Wl,-Map="IMU_F401.map" -Wl,--gc-sections -static --specs=nano.specs -mfpu=fpv4-sp-d16 -mfloat-abi=hard -mthumb -Wl,--start-group -lc -lm -Wl,--end-group
Finished building target: IMU_F401.elf
 
arm-none-eabi-size  IMU_F401.elf 
arm-none-eabi-objdump -h -S IMU_F401.elf  > "IMU_F401.list"
   text	   data	    bss	    dec	    hex	filename
  23752	     16	   1928	  25696	   6460	IMU_F401.elf
Finished building: default.size.stdout
 
Finished building: IMU_F401.list
 
22:20:48 **** Incremental Build of configuration Debug for project IMU_F401 ****
make -j16 all 
arm-none-eabi-gcc "../Core/Src/ism330dhcx_settings.c" -mcpu=cortex-m4 -std=gnu11 -g3 -DDEBUG -DUSE_HAL_DRIVER -DSTM32F401xE -c -I../Core/Inc -I../Drivers/STM32F4xx_HAL_Driver/Inc -I../Drivers/STM32F4xx_HAL_Driver/Inc/Legacy -I../Drivers/CMSIS/Device/ST/STM32F4xx/Include -I../Drivers/CMSIS/Include -O0 -ffunction-sections -fdata-sections -Wall -fstack-usage -fcyclomatic-complexity -MMD -MP -MF"Core/Src/ism330dhcx_settings.d" -MT"Core/Src/ism330dhcx_settings.o" --specs=nano.specs -mfpu=fpv4-sp-d16 -mfloat-abi=hard -mthumb -o "Core/Src/ism330dhcx_settings.o"
arm-none-eabi-gcc -o "IMU_F401.elf" @"objects.list"   -mcpu=cortex-m4 -T"/home/filip/projects/stm/workspace/IMU_F401/STM32F401RETX_FLASH.ld" --specs=nosys.specs -Wl,-Map="IMU_F401.map" -Wl,--gc-sections -static --specs=nano.specs -mfpu=fpv4-sp-d16 -mfloat-abi=hard -mthumb -Wl,--start-group -lc -lm -Wl,--end-group
Finished building target: IMU_F401.elf
 
arm-none-eabi-size  IMU_F401.elf 
arm-none-eabi-objdump -h -S IMU_F401.elf  > "IMU_F401.list"
   text	   data	    bss	    dec	    hex	filename
  23752	     16	   1928	  25696	   6460	IMU_F401.elf
Finished building: default.size.stdout
 
Finished building: IMU_F401.list
 
22:25:08 **** Incremental Build of configuration Debug for project IMU_F401 ****
make -j16 all 
arm-none-eabi-size  IMU_F401.elf 
   text	   data	    bss	    dec	    hex	filename
  23752	     16	   1928	  25696	   6460	IMU_F401.elf
Finished building: default.size.stdout
 
22:25:21 **** Incremental Build of configuration Debug for project IMU_F401 ****
make -j16 all 
arm-none-eabi-size  IMU_F401.elf 
   text	   data	    bss	    dec	    hex	filename
  23752	     16	   1928	  25696	   6460	IMU_F401.elf
Finished building: default.size.stdout
 
22:25:52 **** Incremental Build of configuration Debug for project IMU_F401 ****
make -j16 all 
arm-none-eabi-size  IMU_F401.elf 
   text	   data	    bss	    dec	    hex	filename
  23752	     16	   1928	  25696	   6460	IMU_F401.elf
Finished building: default.size.stdout
 
22:27:06 **** Incremental Build of configuration Debug for project IMU_F401 ****
make -j16 all 
arm-none-eabi-gcc "../Core/Src/main.c" -mcpu=cortex-m4 -std=gnu11 -g3 -DDEBUG -DUSE_HAL_DRIVER -DSTM32F401xE -c -I../Core/Inc -I../Drivers/STM32F4xx_HAL_Driver/Inc -I../Drivers/STM32F4xx_HAL_Driver/Inc/Legacy -I../Drivers/CMSIS/Device/ST/STM32F4xx/Include -I../Drivers/CMSIS/Include -O0 -ffunction-sections -fdata-sections -Wall -fstack-usage -fcyclomatic-complexity -MMD -MP -MF"Core/Src/main.d" -MT"Core/Src/main.o" --specs=nano.specs -mfpu=fpv4-sp-d16 -mfloat-abi=hard -mthumb -o "Core/Src/main.o"
arm-none-eabi-gcc -o "IMU_F401.elf" @"objects.list"   -mcpu=cortex-m4 -T"/home/filip/projects/stm/workspace/IMU_F401/STM32F401RETX_FLASH.ld" --specs=nosys.specs -Wl,-Map="IMU_F401.map" -Wl,--gc-sections -static --specs=nano.specs -mfpu=fpv4-sp-d16 -mfloat-abi=hard -mthumb -Wl,--start-group -lc -lm -Wl,--end-group
Finished building target: IMU_F401.elf
 
arm-none-eabi-size  IMU_F401.elf 
arm-none-eabi-objdump -h -S IMU_F401.elf  > "IMU_F401.list"
   text	   data	    bss	    dec	    hex	filename
  23812	     16	   1928	  25756	   649c	IMU_F401.elf
Finished building: default.size.stdout
 
Finished building: IMU_F401.list
 
22:31:45 **** Incremental Build of configuration Debug for project IMU_F401 ****
make -j16 all 
arm-none-eabi-gcc "../Core/Src/ism330dhcx.c" -mcpu=cortex-m4 -std=gnu11 -g3 -DDEBUG -DUSE_HAL_DRIVER -DSTM32F401xE -c -I../Core/Inc -I../Drivers/STM32F4xx_HAL_Driver/Inc -I../Drivers/STM32F4xx_HAL_Driver/Inc/Legacy -I../Drivers/CMSIS/Device/ST/STM32F4xx/Include -I../Drivers/CMSIS/Include -O0 -ffunction-sections -fdata-sections -Wall -fstack-usage -fcyclomatic-complexity -MMD -MP -MF"Core/Src/ism330dhcx.d" -MT"Core/Src/ism330dhcx.o" --specs=nano.specs -mfpu=fpv4-sp-d16 -mfloat-abi=hard -mthumb -o "Core/Src/ism330dhcx.o"
arm-none-eabi-gcc -o "IMU_F401.elf" @"objects.list"   -mcpu=cortex-m4 -T"/home/filip/projects/stm/workspace/IMU_F401/STM32F401RETX_FLASH.ld" --specs=nosys.specs -Wl,-Map="IMU_F401.map" -Wl,--gc-sections -static --specs=nano.specs -mfpu=fpv4-sp-d16 -mfloat-abi=hard -mthumb -Wl,--start-group -lc -lm -Wl,--end-group
Finished building target: IMU_F401.elf
 
arm-none-eabi-size  IMU_F401.elf 
arm-none-eabi-objdump -h -S IMU_F401.elf  > "IMU_F401.list"
   text	   data	    bss	    dec	    hex	filename
  23812	     16	   1928	  25756	   649c	IMU_F401.elf
Finished building: default.size.stdout
 
Finished building: IMU_F401.list
 
22:33:56 **** Incremental Build of configuration Debug for project IMU_F401 ****
make -j16 all 
arm-none-eabi-gcc "../Core/Src/ism330dhcx.c" -mcpu=cortex-m4 -std=gnu11 -g3 -DDEBUG -DUSE_HAL_DRIVER -DSTM32F401xE -c -I../Core/Inc -I../Drivers/STM32F4xx_HAL_Driver/Inc -I../Drivers/STM32F4xx_HAL_Driver/Inc/Legacy -I../Drivers/CMSIS/Device/ST/STM32F4xx/Include -I../Drivers/CMSIS/Include -O0 -ffunction-sections -fdata-sections -Wall -fstack-usage -fcyclomatic-complexity -MMD -MP -MF"Core/Src/ism330dhcx.d" -MT"Core/Src/ism330dhcx.o" --specs=nano.specs -mfpu=fpv4-sp-d16 -mfloat-abi=hard -mthumb -o "Core/Src/ism330dhcx.o"
arm-none-eabi-gcc -o "IMU_F401.elf" @"objects.list"   -mcpu=cortex-m4 -T"/home/filip/projects/stm/workspace/IMU_F401/STM32F401RETX_FLASH.ld" --specs=nosys.specs -Wl,-Map="IMU_F401.map" -Wl,--gc-sections -static --specs=nano.specs -mfpu=fpv4-sp-d16 -mfloat-abi=hard -mthumb -Wl,--start-group -lc -lm -Wl,--end-group
Finished building target: IMU_F401.elf
 
arm-none-eabi-size  IMU_F401.elf 
arm-none-eabi-objdump -h -S IMU_F401.elf  > "IMU_F401.list"
   text	   data	    bss	    dec	    hex	filename
  23860	     16	   1928	  25804	   64cc	IMU_F401.elf
Finished building: default.size.stdout
 
Finished building: IMU_F401.list
 
19:27:19 **** Incremental Build of configuration Debug for project IMU_F401 ****
make -j16 all 
arm-none-eabi-size  IMU_F401.elf 
   text	   data	    bss	    dec	    hex	filename
  23860	     16	   1928	  25804	   64cc	IMU_F401.elf
Finished building: default.size.stdout
 
19:32:01 **** Incremental Build of configuration Debug for project IMU_F401 ****
make -j16 all 
arm-none-eabi-gcc "../Core/Src/main.c" -mcpu=cortex-m4 -std=gnu11 -g3 -DDEBUG -DUSE_HAL_DRIVER -DSTM32F401xE -c -I../Core/Inc -I../Drivers/STM32F4xx_HAL_Driver/Inc -I../Drivers/STM32F4xx_HAL_Driver/Inc/Legacy -I../Drivers/CMSIS/Device/ST/STM32F4xx/Include -I../Drivers/CMSIS/Include -O0 -ffunction-sections -fdata-sections -Wall -fstack-usage -fcyclomatic-complexity -MMD -MP -MF"Core/Src/main.d" -MT"Core/Src/main.o" --specs=nano.specs -mfpu=fpv4-sp-d16 -mfloat-abi=hard -mthumb -o "Core/Src/main.o"
arm-none-eabi-gcc -o "IMU_F401.elf" @"objects.list"   -mcpu=cortex-m4 -T"/home/filip/projects/stm/workspace/IMU_F401/STM32F401RETX_FLASH.ld" --specs=nosys.specs -Wl,-Map="IMU_F401.map" -Wl,--gc-sections -static --specs=nano.specs -mfpu=fpv4-sp-d16 -mfloat-abi=hard -mthumb -Wl,--start-group -lc -lm -Wl,--end-group
Finished building target: IMU_F401.elf
 
arm-none-eabi-size  IMU_F401.elf 
arm-none-eabi-objdump -h -S IMU_F401.elf  > "IMU_F401.list"
   text	   data	    bss	    dec	    hex	filename
  23868	     16	   1928	  25812	   64d4	IMU_F401.elf
Finished building: default.size.stdout
 
Finished building: IMU_F401.list
 
17:40:09 **** Clean-only build of configuration Debug for project IMU_F401 ****
make -j16 clean 
rm -rf ./Drivers/STM32F4xx_HAL_Driver/Src/stm32f4xx_hal.cyclo ./Drivers/STM32F4xx_HAL_Driver/Src/stm32f4xx_hal.d ./Drivers/STM32F4xx_HAL_Driver/Src/stm32f4xx_hal.o ./Drivers/STM32F4xx_HAL_Driver/Src/stm32f4xx_hal.su ./Drivers/STM32F4xx_HAL_Driver/Src/stm32f4xx_hal_cortex.cyclo ./Drivers/STM32F4xx_HAL_Driver/Src/stm32f4xx_hal_cortex.d ./Drivers/STM32F4xx_HAL_Driver/Src/stm32f4xx_hal_cortex.o ./Drivers/STM32F4xx_HAL_Driver/Src/stm32f4xx_hal_cortex.su ./Drivers/STM32F4xx_HAL_Driver/Src/stm32f4xx_hal_dma.cyclo ./Drivers/STM32F4xx_HAL_Driver/Src/stm32f4xx_hal_dma.d ./Drivers/STM32F4xx_HAL_Driver/Src/stm32f4xx_hal_dma.o ./Drivers/STM32F4xx_HAL_Driver/Src/stm32f4xx_hal_dma.su ./Drivers/STM32F4xx_HAL_Driver/Src/stm32f4xx_hal_dma_ex.cyclo ./Drivers/STM32F4xx_HAL_Driver/Src/stm32f4xx_hal_dma_ex.d ./Drivers/STM32F4xx_HAL_Driver/Src/stm32f4xx_hal_dma_ex.o ./Drivers/STM32F4xx_HAL_Driver/Src/stm32f4xx_hal_dma_ex.su ./Drivers/STM32F4xx_HAL_Driver/Src/stm32f4xx_hal_exti.cyclo ./Drivers/STM32F4xx_HAL_Driver/Src/stm32f4xx_hal_exti.d ./Drivers/STM32F4xx_HAL_Driver/Src/stm32f4xx_hal_exti.o ./Drivers/STM32F4xx_HAL_Driver/Src/stm32f4xx_hal_exti.su ./Drivers/STM32F4xx_HAL_Driver/Src/stm32f4xx_hal_flash.cyclo ./Drivers/STM32F4xx_HAL_Driver/Src/stm32f4xx_hal_flash.d ./Drivers/STM32F4xx_HAL_Driver/Src/stm32f4xx_hal_flash.o ./Drivers/STM32F4xx_HAL_Driver/Src/stm32f4xx_hal_flash.su ./Drivers/STM32F4xx_HAL_Driver/Src/stm32f4xx_hal_flash_ex.cyclo ./Drivers/STM32F4xx_HAL_Driver/Src/stm32f4xx_hal_flash_ex.d ./Drivers/STM32F4xx_HAL_Driver/Src/stm32f4xx_hal_flash_ex.o ./Drivers/STM32F4xx_HAL_Driver/Src/stm32f4xx_hal_flash_ex.su ./Drivers/STM32F4xx_HAL_Driver/Src/stm32f4xx_hal_flash_ramfunc.cyclo ./Drivers/STM32F4xx_HAL_Driver/Src/stm32f4xx_hal_flash_ramfunc.d ./Drivers/STM32F4xx_HAL_Driver/Src/stm32f4xx_hal_flash_ramfunc.o ./Drivers/STM32F4xx_HAL_Driver/Src/stm32f4xx_hal_flash_ramfunc.su ./Drivers/STM32F4xx_HAL_Driver/Src/stm32f4xx_hal_gpio.cyclo ./Drivers/STM32F4xx_HAL_Driver/Src/stm32f4xx_hal_gpio.d ./Drivers/STM32F4xx_HAL_Driver/Src/stm32f4xx_hal_gpio.o ./Drivers/STM32F4xx_HAL_Driver/Src/stm32f4xx_hal_gpio.su ./Drivers/STM32F4xx_HAL_Driver/Src/stm32f4xx_hal_i2c.cyclo ./Drivers/STM32F4xx_HAL_Driver/Src/stm32f4xx_hal_i2c.d ./Drivers/STM32F4xx_HAL_Driver/Src/stm32f4xx_hal_i2c.o ./Drivers/STM32F4xx_HAL_Driver/Src/stm32f4xx_hal_i2c.su ./Drivers/STM32F4xx_HAL_Driver/Src/stm32f4xx_hal_i2c_ex.cyclo ./Drivers/STM32F4xx_HAL_Driver/Src/stm32f4xx_hal_i2c_ex.d ./Drivers/STM32F4xx_HAL_Driver/Src/stm32f4xx_hal_i2c_ex.o ./Drivers/STM32F4xx_HAL_Driver/Src/stm32f4xx_hal_i2c_ex.su ./Drivers/STM32F4xx_HAL_Driver/Src/stm32f4xx_hal_pwr.cyclo ./Drivers/STM32F4xx_HAL_Driver/Src/stm32f4xx_hal_pwr.d ./Drivers/STM32F4xx_HAL_Driver/Src/stm32f4xx_hal_pwr.o ./Drivers/STM32F4xx_HAL_Driver/Src/stm32f4xx_hal_pwr.su ./Drivers/STM32F4xx_HAL_Driver/Src/stm32f4xx_hal_pwr_ex.cyclo ./Drivers/STM32F4xx_HAL_Driver/Src/stm32f4xx_hal_pwr_ex.d ./Drivers/STM32F4xx_HAL_Driver/Src/stm32f4xx_hal_pwr_ex.o ./Drivers/STM32F4xx_HAL_Driver/Src/stm32f4xx_hal_pwr_ex.su ./Drivers/STM32F4xx_HAL_Driver/Src/stm32f4xx_hal_rcc.cyclo ./Drivers/STM32F4xx_HAL_Driver/Src/stm32f4xx_hal_rcc.d ./Drivers/STM32F4xx_HAL_Driver/Src/stm32f4xx_hal_rcc.o ./Drivers/STM32F4xx_HAL_Driver/Src/stm32f4xx_hal_rcc.su ./Drivers/STM32F4xx_HAL_Driver/Src/stm32f4xx_hal_rcc_ex.cyclo ./Drivers/STM32F4xx_HAL_Driver/Src/stm32f4xx_hal_rcc_ex.d ./Drivers/STM32F4xx_HAL_Driver/Src/stm32f4xx_hal_rcc_ex.o ./Drivers/STM32F4xx_HAL_Driver/Src/stm32f4xx_hal_rcc_ex.su
rm -rf ./Core/Startup/startup_stm32f401retx.d ./Core/Startup/startup_stm32f401retx.o
rm -rf ./Core/Src/ism330dhcx.cyclo ./Core/Src/ism330dhcx.d ./Core/Src/ism330dhcx.o ./Core/Src/ism330dhcx.su ./Core/Src/ism330dhcx_settings.cyclo ./Core/Src/ism330dhcx_settings.d ./Core/Src/ism330dhcx_settings.o ./Core/Src/ism330dhcx_settings.su ./Core/Src/ism330dhcx_utils.cyclo ./Core/Src/ism330dhcx_utils.d ./Core/Src/ism330dhcx_utils.o ./Core/Src/ism330dhcx_utils.su ./Core/Src/kalman2d.cyclo ./Core/Src/kalman2d.d ./Core/Src/kalman2d.o ./Core/Src/kalman2d.su ./Core/Src/main.cyclo ./Core/Src/main.d ./Core/Src/main.o ./Core/Src/main.su ./Core/Src/stm32f4xx_hal_msp.cyclo ./Core/Src/stm32f4xx_hal_msp.d ./Core/Src/stm32f4xx_hal_msp.o ./Core/Src/stm32f4xx_hal_msp.su ./Core/Src/stm32f4xx_it.cyclo ./Core/Src/stm32f4xx_it.d ./Core/Src/stm32f4xx_it.o ./Core/Src/stm32f4xx_it.su ./Core/Src/syscalls.cyclo ./Core/Src/syscalls.d ./Core/Src/syscalls.o ./Core/Src/syscalls.su ./Core/Src/sysmem.cyclo ./Core/Src/sysmem.d ./Core/Src/sysmem.o ./Core/Src/sysmem.su ./Core/Src/system_stm32f4xx.cyclo ./Core/Src/system_stm32f4xx.d ./Core/Src/system_stm32f4xx.o ./Core/Src/system_stm32f4xx.su
rm -rf IMU_F401.elf IMU_F401.list IMU_F401.map default.size.stdout
 
17:40:09 **** Incremental Build of configuration Debug for project IMU_F401 ****
make -j16 all 
arm-none-eabi-gcc "../Drivers/STM32F4xx_HAL_Driver/Src/stm32f4xx_hal.c" -mcpu=cortex-m4 -std=gnu11 -g3 -DDEBUG -DUSE_HAL_DRIVER -DSTM32F401xE -c -I../Core/Inc -I../Drivers/STM32F4xx_HAL_Driver/Inc -I../Drivers/STM32F4xx_HAL_Driver/Inc/Legacy -I../Drivers/CMSIS/Device/ST/STM32F4xx/Include -I../Drivers/CMSIS/Include -O0 -ffunction-sections -fdata-sections -Wall -fstack-usage -fcyclomatic-complexity -MMD -MP -MF"Drivers/STM32F4xx_HAL_Driver/Src/stm32f4xx_hal.d" -MT"Drivers/STM32F4xx_HAL_Driver/Src/stm32f4xx_hal.o" --specs=nano.specs -mfpu=fpv4-sp-d16 -mfloat-abi=hard -mthumb -o "Drivers/STM32F4xx_HAL_Driver/Src/stm32f4xx_hal.o"
arm-none-eabi-gcc "../Drivers/STM32F4xx_HAL_Driver/Src/stm32f4xx_hal_cortex.c" -mcpu=cortex-m4 -std=gnu11 -g3 -DDEBUG -DUSE_HAL_DRIVER -DSTM32F401xE -c -I../Core/Inc -I../Drivers/STM32F4xx_HAL_Driver/Inc -I../Drivers/STM32F4xx_HAL_Driver/Inc/Legacy -I../Drivers/CMSIS/Device/ST/STM32F4xx/Include -I../Drivers/CMSIS/Include -O0 -ffunction-sections -fdata-sections -Wall -fstack-usage -fcyclomatic-complexity -MMD -MP -MF"Drivers/STM32F4xx_HAL_Driver/Src/stm32f4xx_hal_cortex.d" -MT"Drivers/STM32F4xx_HAL_Driver/Src/stm32f4xx_hal_cortex.o" --specs=nano.specs -mfpu=fpv4-sp-d16 -mfloat-abi=hard -mthumb -o "Drivers/STM32F4xx_HAL_Driver/Src/stm32f4xx_hal_cortex.o"
arm-none-eabi-gcc "../Drivers/STM32F4xx_HAL_Driver/Src/stm32f4xx_hal_dma.c" -mcpu=cortex-m4 -std=gnu11 -g3 -DDEBUG -DUSE_HAL_DRIVER -DSTM32F401xE -c -I../Core/Inc -I../Drivers/STM32F4xx_HAL_Driver/Inc -I../Drivers/STM32F4xx_HAL_Driver/Inc/Legacy -I../Drivers/CMSIS/Device/ST/STM32F4xx/Include -I../Drivers/CMSIS/Include -O0 -ffunction-sections -fdata-sections -Wall -fstack-usage -fcyclomatic-complexity -MMD -MP -MF"Drivers/STM32F4xx_HAL_Driver/Src/stm32f4xx_hal_dma.d" -MT"Drivers/STM32F4xx_HAL_Driver/Src/stm32f4xx_hal_dma.o" --specs=nano.specs -mfpu=fpv4-sp-d16 -mfloat-abi=hard -mthumb -o "Drivers/STM32F4xx_HAL_Driver/Src/stm32f4xx_hal_dma.o"
arm-none-eabi-gcc "../Drivers/STM32F4xx_HAL_Driver/Src/stm32f4xx_hal_dma_ex.c" -mcpu=cortex-m4 -std=gnu11 -g3 -DDEBUG -DUSE_HAL_DRIVER -DSTM32F401xE -c -I../Core/Inc -I../Drivers/STM32F4xx_HAL_Driver/Inc -I../Drivers/STM32F4xx_HAL_Driver/Inc/Legacy -I../Drivers/CMSIS/Device/ST/STM32F4xx/Include -I../Drivers/CMSIS/Include -O0 -ffunction-sections -fdata-sections -Wall -fstack-usage -fcyclomatic-complexity -MMD -MP -MF"Drivers/STM32F4xx_HAL_Driver/Src/stm32f4xx_hal_dma_ex.d" -MT"Drivers/STM32F4xx_HAL_Driver/Src/stm32f4xx_hal_dma_ex.o" --specs=nano.specs -mfpu=fpv4-sp-d16 -mfloat-abi=hard -mthumb -o "Drivers/STM32F4xx_HAL_Driver/Src/stm32f4xx_hal_dma_ex.o"
arm-none-eabi-gcc "../Drivers/STM32F4xx_HAL_Driver/Src/stm32f4xx_hal_exti.c" -mcpu=cortex-m4 -std=gnu11 -g3 -DDEBUG -DUSE_HAL_DRIVER -DSTM32F401xE -c -I../Core/Inc -I../Drivers/STM32F4xx_HAL_Driver/Inc -I../Drivers/STM32F4xx_HAL_Driver/Inc/Legacy -I../Drivers/CMSIS/Device/ST/STM32F4xx/Include -I../Drivers/CMSIS/Include -O0 -ffunction-sections -fdata-sections -Wall -fstack-usage -fcyclomatic-complexity -MMD -MP -MF"Drivers/STM32F4xx_HAL_Driver/Src/stm32f4xx_hal_exti.d" -MT"Drivers/STM32F4xx_HAL_Driver/Src/stm32f4xx_hal_exti.o" --specs=nano.specs -mfpu=fpv4-sp-d16 -mfloat-abi=hard -mthumb -o "Drivers/STM32F4xx_HAL_Driver/Src/stm32f4xx_hal_exti.o"
arm-none-eabi-gcc "../Drivers/STM32F4xx_HAL_Driver/Src/stm32f4xx_hal_flash.c" -mcpu=cortex-m4 -std=gnu11 -g3 -DDEBUG -DUSE_HAL_DRIVER -DSTM32F401xE -c -I../Core/Inc -I../Drivers/STM32F4xx_HAL_Driver/Inc -I../Drivers/STM32F4xx_HAL_Driver/Inc/Legacy -I../Drivers/CMSIS/Device/ST/STM32F4xx/Include -I../Drivers/CMSIS/Include -O0 -ffunction-sections -fdata-sections -Wall -fstack-usage -fcyclomatic-complexity -MMD -MP -MF"Drivers/STM32F4xx_HAL_Driver/Src/stm32f4xx_hal_flash.d" -MT"Drivers/STM32F4xx_HAL_Driver/Src/stm32f4xx_hal_flash.o" --specs=nano.specs -mfpu=fpv4-sp-d16 -mfloat-abi=hard -mthumb -o "Drivers/STM32F4xx_HAL_Driver/Src/stm32f4xx_hal_flash.o"
arm-none-eabi-gcc "../Drivers/STM32F4xx_HAL_Driver/Src/stm32f4xx_hal_flash_ex.c" -mcpu=cortex-m4 -std=gnu11 -g3 -DDEBUG -DUSE_HAL_DRIVER -DSTM32F401xE -c -I../Core/Inc -I../Drivers/STM32F4xx_HAL_Driver/Inc -I../Drivers/STM32F4xx_HAL_Driver/Inc/Legacy -I../Drivers/CMSIS/Device/ST/STM32F4xx/Include -I../Drivers/CMSIS/Include -O0 -ffunction-sections -fdata-sections -Wall -fstack-usage -fcyclomatic-complexity -MMD -MP -MF"Drivers/STM32F4xx_HAL_Driver/Src/stm32f4xx_hal_flash_ex.d" -MT"Drivers/STM32F4xx_HAL_Driver/Src/stm32f4xx_hal_flash_ex.o" --specs=nano.specs -mfpu=fpv4-sp-d16 -mfloat-abi=hard -mthumb -o "Drivers/STM32F4xx_HAL_Driver/Src/stm32f4xx_hal_flash_ex.o"
arm-none-eabi-gcc "../Drivers/STM32F4xx_HAL_Driver/Src/stm32f4xx_hal_flash_ramfunc.c" -mcpu=cortex-m4 -std=gnu11 -g3 -DDEBUG -DUSE_HAL_DRIVER -DSTM32F401xE -c -I../Core/Inc -I../Drivers/STM32F4xx_HAL_Driver/Inc -I../Drivers/STM32F4xx_HAL_Driver/Inc/Legacy -I../Drivers/CMSIS/Device/ST/STM32F4xx/Include -I../Drivers/CMSIS/Include -O0 -ffunction-sections -fdata-sections -Wall -fstack-usage -fcyclomatic-complexity -MMD -MP -MF"Drivers/STM32F4xx_HAL_Driver/Src/stm32f4xx_hal_flash_ramfunc.d" -MT"Drivers/STM32F4xx_HAL_Driver/Src/stm32f4xx_hal_flash_ramfunc.o" --specs=nano.specs -mfpu=fpv4-sp-d16 -mfloat-abi=hard -mthumb -o "Drivers/STM32F4xx_HAL_Driver/Src/stm32f4xx_hal_flash_ramfunc.o"
arm-none-eabi-gcc "../Drivers/STM32F4xx_HAL_Driver/Src/stm32f4xx_hal_gpio.c" -mcpu=cortex-m4 -std=gnu11 -g3 -DDEBUG -DUSE_HAL_DRIVER -DSTM32F401xE -c -I../Core/Inc -I../Drivers/STM32F4xx_HAL_Driver/Inc -I../Drivers/STM32F4xx_HAL_Driver/Inc/Legacy -I../Drivers/CMSIS/Device/ST/STM32F4xx/Include -I../Drivers/CMSIS/Include -O0 -ffunction-sections -fdata-sections -Wall -fstack-usage -fcyclomatic-complexity -MMD -MP -MF"Drivers/STM32F4xx_HAL_Driver/Src/stm32f4xx_hal_gpio.d" -MT"Drivers/STM32F4xx_HAL_Driver/Src/stm32f4xx_hal_gpio.o" --specs=nano.specs -mfpu=fpv4-sp-d16 -mfloat-abi=hard -mthumb -o "Drivers/STM32F4xx_HAL_Driver/Src/stm32f4xx_hal_gpio.o"
arm-none-eabi-gcc "../Drivers/STM32F4xx_HAL_Driver/Src/stm32f4xx_hal_i2c.c" -mcpu=cortex-m4 -std=gnu11 -g3 -DDEBUG -DUSE_HAL_DRIVER -DSTM32F401xE -c -I../Core/Inc -I../Drivers/STM32F4xx_HAL_Driver/Inc -I../Drivers/STM32F4xx_HAL_Driver/Inc/Legacy -I../Drivers/CMSIS/Device/ST/STM32F4xx/Include -I../Drivers/CMSIS/Include -O0 -ffunction-sections -fdata-sections -Wall -fstack-usage -fcyclomatic-complexity -MMD -MP -MF"Drivers/STM32F4xx_HAL_Driver/Src/stm32f4xx_hal_i2c.d" -MT"Drivers/STM32F4xx_HAL_Driver/Src/stm32f4xx_hal_i2c.o" --specs=nano.specs -mfpu=fpv4-sp-d16 -mfloat-abi=hard -mthumb -o "Drivers/STM32F4xx_HAL_Driver/Src/stm32f4xx_hal_i2c.o"
arm-none-eabi-gcc "../Drivers/STM32F4xx_HAL_Driver/Src/stm32f4xx_hal_i2c_ex.c" -mcpu=cortex-m4 -std=gnu11 -g3 -DDEBUG -DUSE_HAL_DRIVER -DSTM32F401xE -c -I../Core/Inc -I../Drivers/STM32F4xx_HAL_Driver/Inc -I../Drivers/STM32F4xx_HAL_Driver/Inc/Legacy -I../Drivers/CMSIS/Device/ST/STM32F4xx/Include -I../Drivers/CMSIS/Include -O0 -ffunction-sections -fdata-sections -Wall -fstack-usage -fcyclomatic-complexity -MMD -MP -MF"Drivers/STM32F4xx_HAL_Driver/Src/stm32f4xx_hal_i2c_ex.d" -MT"Drivers/STM32F4xx_HAL_Driver/Src/stm32f4xx_hal_i2c_ex.o" --specs=nano.specs -mfpu=fpv4-sp-d16 -mfloat-abi=hard -mthumb -o "Drivers/STM32F4xx_HAL_Driver/Src/stm32f4xx_hal_i2c_ex.o"
arm-none-eabi-gcc "../Drivers/STM32F4xx_HAL_Driver/Src/stm32f4xx_hal_pwr.c" -mcpu=cortex-m4 -std=gnu11 -g3 -DDEBUG -DUSE_HAL_DRIVER -DSTM32F401xE -c -I../Core/Inc -I../Drivers/STM32F4xx_HAL_Driver/Inc -I../Drivers/STM32F4xx_HAL_Driver/Inc/Legacy -I../Drivers/CMSIS/Device/ST/STM32F4xx/Include -I../Drivers/CMSIS/Include -O0 -ffunction-sections -fdata-sections -Wall -fstack-usage -fcyclomatic-complexity -MMD -MP -MF"Drivers/STM32F4xx_HAL_Driver/Src/stm32f4xx_hal_pwr.d" -MT"Drivers/STM32F4xx_HAL_Driver/Src/stm32f4xx_hal_pwr.o" --specs=nano.specs -mfpu=fpv4-sp-d16 -mfloat-abi=hard -mthumb -o "Drivers/STM32F4xx_HAL_Driver/Src/stm32f4xx_hal_pwr.o"
arm-none-eabi-gcc "../Drivers/STM32F4xx_HAL_Driver/Src/stm32f4xx_hal_pwr_ex.c" -mcpu=cortex-m4 -std=gnu11 -g3 -DDEBUG -DUSE_HAL_DRIVER -DSTM32F401xE -c -I../Core/Inc -I../Drivers/STM32F4xx_HAL_Driver/Inc -I../Drivers/STM32F4xx_HAL_Driver/Inc/Legacy -I../Drivers/CMSIS/Device/ST/STM32F4xx/Include -I../Drivers/CMSIS/Include -O0 -ffunction-sections -fdata-sections -Wall -fstack-usage -fcyclomatic-complexity -MMD -MP -MF"Drivers/STM32F4xx_HAL_Driver/Src/stm32f4xx_hal_pwr_ex.d" -MT"Drivers/STM32F4xx_HAL_Driver/Src/stm32f4xx_hal_pwr_ex.o" --specs=nano.specs -mfpu=fpv4-sp-d16 -mfloat-abi=hard -mthumb -o "Drivers/STM32F4xx_HAL_Driver/Src/stm32f4xx_hal_pwr_ex.o"
arm-none-eabi-gcc "../Drivers/STM32F4xx_HAL_Driver/Src/stm32f4xx_hal_rcc.c" -mcpu=cortex-m4 -std=gnu11 -g3 -DDEBUG -DUSE_HAL_DRIVER -DSTM32F401xE -c -I../Core/Inc -I../Drivers/STM32F4xx_HAL_Driver/Inc -I../Drivers/STM32F4xx_HAL_Driver/Inc/Legacy -I../Drivers/CMSIS/Device/ST/STM32F4xx/Include -I../Drivers/CMSIS/Include -O0 -ffunction-sections -fdata-sections -Wall -fstack-usage -fcyclomatic-complexity -MMD -MP -MF"Drivers/STM32F4xx_HAL_Driver/Src/stm32f4xx_hal_rcc.d" -MT"Drivers/STM32F4xx_HAL_Driver/Src/stm32f4xx_hal_rcc.o" --specs=nano.specs -mfpu=fpv4-sp-d16 -mfloat-abi=hard -mthumb -o "Drivers/STM32F4xx_HAL_Driver/Src/stm32f4xx_hal_rcc.o"
arm-none-eabi-gcc "../Drivers/STM32F4xx_HAL_Driver/Src/stm32f4xx_hal_rcc_ex.c" -mcpu=cortex-m4 -std=gnu11 -g3 -DDEBUG -DUSE_HAL_DRIVER -DSTM32F401xE -c -I../Core/Inc -I../Drivers/STM32F4xx_HAL_Driver/Inc -I../Drivers/STM32F4xx_HAL_Driver/Inc/Legacy -I../Drivers/CMSIS/Device/ST/STM32F4xx/Include -I../Drivers/CMSIS/Include -O0 -ffunction-sections -fdata-sections -Wall -fstack-usage -fcyclomatic-complexity -MMD -MP -MF"Drivers/STM32F4xx_HAL_Driver/Src/stm32f4xx_hal_rcc_ex.d" -MT"Drivers/STM32F4xx_HAL_Driver/Src/stm32f4xx_hal_rcc_ex.o" --specs=nano.specs -mfpu=fpv4-sp-d16 -mfloat-abi=hard -mthumb -o "Drivers/STM32F4xx_HAL_Driver/Src/stm32f4xx_hal_rcc_ex.o"
arm-none-eabi-gcc -mcpu=cortex-m4 -g3 -DDEBUG -c -x assembler-with-cpp -MMD -MP -MF"Core/Startup/startup_stm32f401retx.d" -MT"Core/Startup/startup_stm32f401retx.o" --specs=nano.specs -mfpu=fpv4-sp-d16 -mfloat-abi=hard -mthumb -o "Core/Startup/startup_stm32f401retx.o" "../Core/Startup/startup_stm32f401retx.s"
arm-none-eabi-gcc "../Core/Src/imu.c" -mcpu=cortex-m4 -std=gnu11 -g3 -DDEBUG -DUSE_HAL_DRIVER -DSTM32F401xE -c -I../Core/Inc -I../Drivers/STM32F4xx_HAL_Driver/Inc -I../Drivers/STM32F4xx_HAL_Driver/Inc/Legacy -I../Drivers/CMSIS/Device/ST/STM32F4xx/Include -I../Drivers/CMSIS/Include -O0 -ffunction-sections -fdata-sections -Wall -fstack-usage -fcyclomatic-complexity -MMD -MP -MF"Core/Src/imu.d" -MT"Core/Src/imu.o" --specs=nano.specs -mfpu=fpv4-sp-d16 -mfloat-abi=hard -mthumb -o "Core/Src/imu.o"
../Core/Src/imu.c: In function 'IMU_INIT_DMA':
../Core/Src/imu.c:90:17: warning: unused variable 'tempData' [-Wunused-variable]
   90 |         uint8_t tempData = 0;
      |                 ^~~~~~~~
arm-none-eabi-gcc "../Core/Src/ism330dhcx.c" -mcpu=cortex-m4 -std=gnu11 -g3 -DDEBUG -DUSE_HAL_DRIVER -DSTM32F401xE -c -I../Core/Inc -I../Drivers/STM32F4xx_HAL_Driver/Inc -I../Drivers/STM32F4xx_HAL_Driver/Inc/Legacy -I../Drivers/CMSIS/Device/ST/STM32F4xx/Include -I../Drivers/CMSIS/Include -O0 -ffunction-sections -fdata-sections -Wall -fstack-usage -fcyclomatic-complexity -MMD -MP -MF"Core/Src/ism330dhcx.d" -MT"Core/Src/ism330dhcx.o" --specs=nano.specs -mfpu=fpv4-sp-d16 -mfloat-abi=hard -mthumb -o "Core/Src/ism330dhcx.o"
arm-none-eabi-gcc "../Core/Src/ism330dhcx_settings.c" -mcpu=cortex-m4 -std=gnu11 -g3 -DDEBUG -DUSE_HAL_DRIVER -DSTM32F401xE -c -I../Core/Inc -I../Drivers/STM32F4xx_HAL_Driver/Inc -I../Drivers/STM32F4xx_HAL_Driver/Inc/Legacy -I../Drivers/CMSIS/Device/ST/STM32F4xx/Include -I../Drivers/CMSIS/Include -O0 -ffunction-sections -fdata-sections -Wall -fstack-usage -fcyclomatic-complexity -MMD -MP -MF"Core/Src/ism330dhcx_settings.d" -MT"Core/Src/ism330dhcx_settings.o" --specs=nano.specs -mfpu=fpv4-sp-d16 -mfloat-abi=hard -mthumb -o "Core/Src/ism330dhcx_settings.o"
arm-none-eabi-gcc "../Core/Src/ism330dhcx_utils.c" -mcpu=cortex-m4 -std=gnu11 -g3 -DDEBUG -DUSE_HAL_DRIVER -DSTM32F401xE -c -I../Core/Inc -I../Drivers/STM32F4xx_HAL_Driver/Inc -I../Drivers/STM32F4xx_HAL_Driver/Inc/Legacy -I../Drivers/CMSIS/Device/ST/STM32F4xx/Include -I../Drivers/CMSIS/Include -O0 -ffunction-sections -fdata-sections -Wall -fstack-usage -fcyclomatic-complexity -MMD -MP -MF"Core/Src/ism330dhcx_utils.d" -MT"Core/Src/ism330dhcx_utils.o" --specs=nano.specs -mfpu=fpv4-sp-d16 -mfloat-abi=hard -mthumb -o "Core/Src/ism330dhcx_utils.o"
arm-none-eabi-gcc "../Core/Src/kalman2d.c" -mcpu=cortex-m4 -std=gnu11 -g3 -DDEBUG -DUSE_HAL_DRIVER -DSTM32F401xE -c -I../Core/Inc -I../Drivers/STM32F4xx_HAL_Driver/Inc -I../Drivers/STM32F4xx_HAL_Driver/Inc/Legacy -I../Drivers/CMSIS/Device/ST/STM32F4xx/Include -I../Drivers/CMSIS/Include -O0 -ffunction-sections -fdata-sections -Wall -fstack-usage -fcyclomatic-complexity -MMD -MP -MF"Core/Src/kalman2d.d" -MT"Core/Src/kalman2d.o" --specs=nano.specs -mfpu=fpv4-sp-d16 -mfloat-abi=hard -mthumb -o "Core/Src/kalman2d.o"
arm-none-eabi-gcc "../Core/Src/main.c" -mcpu=cortex-m4 -std=gnu11 -g3 -DDEBUG -DUSE_HAL_DRIVER -DSTM32F401xE -c -I../Core/Inc -I../Drivers/STM32F4xx_HAL_Driver/Inc -I../Drivers/STM32F4xx_HAL_Driver/Inc/Legacy -I../Drivers/CMSIS/Device/ST/STM32F4xx/Include -I../Drivers/CMSIS/Include -O0 -ffunction-sections -fdata-sections -Wall -fstack-usage -fcyclomatic-complexity -MMD -MP -MF"Core/Src/main.d" -MT"Core/Src/main.o" --specs=nano.specs -mfpu=fpv4-sp-d16 -mfloat-abi=hard -mthumb -o "Core/Src/main.o"
arm-none-eabi-gcc "../Core/Src/quaterion.c" -mcpu=cortex-m4 -std=gnu11 -g3 -DDEBUG -DUSE_HAL_DRIVER -DSTM32F401xE -c -I../Core/Inc -I../Drivers/STM32F4xx_HAL_Driver/Inc -I../Drivers/STM32F4xx_HAL_Driver/Inc/Legacy -I../Drivers/CMSIS/Device/ST/STM32F4xx/Include -I../Drivers/CMSIS/Include -O0 -ffunction-sections -fdata-sections -Wall -fstack-usage -fcyclomatic-complexity -MMD -MP -MF"Core/Src/quaterion.d" -MT"Core/Src/quaterion.o" --specs=nano.specs -mfpu=fpv4-sp-d16 -mfloat-abi=hard -mthumb -o "Core/Src/quaterion.o"
arm-none-eabi-gcc "../Core/Src/stm32f4xx_hal_msp.c" -mcpu=cortex-m4 -std=gnu11 -g3 -DDEBUG -DUSE_HAL_DRIVER -DSTM32F401xE -c -I../Core/Inc -I../Drivers/STM32F4xx_HAL_Driver/Inc -I../Drivers/STM32F4xx_HAL_Driver/Inc/Legacy -I../Drivers/CMSIS/Device/ST/STM32F4xx/Include -I../Drivers/CMSIS/Include -O0 -ffunction-sections -fdata-sections -Wall -fstack-usage -fcyclomatic-complexity -MMD -MP -MF"Core/Src/stm32f4xx_hal_msp.d" -MT"Core/Src/stm32f4xx_hal_msp.o" --specs=nano.specs -mfpu=fpv4-sp-d16 -mfloat-abi=hard -mthumb -o "Core/Src/stm32f4xx_hal_msp.o"
arm-none-eabi-gcc "../Core/Src/stm32f4xx_it.c" -mcpu=cortex-m4 -std=gnu11 -g3 -DDEBUG -DUSE_HAL_DRIVER -DSTM32F401xE -c -I../Core/Inc -I../Drivers/STM32F4xx_HAL_Driver/Inc -I../Drivers/STM32F4xx_HAL_Driver/Inc/Legacy -I../Drivers/CMSIS/Device/ST/STM32F4xx/Include -I../Drivers/CMSIS/Include -O0 -ffunction-sections -fdata-sections -Wall -fstack-usage -fcyclomatic-complexity -MMD -MP -MF"Core/Src/stm32f4xx_it.d" -MT"Core/Src/stm32f4xx_it.o" --specs=nano.specs -mfpu=fpv4-sp-d16 -mfloat-abi=hard -mthumb -o "Core/Src/stm32f4xx_it.o"
arm-none-eabi-gcc "../Core/Src/syscalls.c" -mcpu=cortex-m4 -std=gnu11 -g3 -DDEBUG -DUSE_HAL_DRIVER -DSTM32F401xE -c -I../Core/Inc -I../Drivers/STM32F4xx_HAL_Driver/Inc -I../Drivers/STM32F4xx_HAL_Driver/Inc/Legacy -I../Drivers/CMSIS/Device/ST/STM32F4xx/Include -I../Drivers/CMSIS/Include -O0 -ffunction-sections -fdata-sections -Wall -fstack-usage -fcyclomatic-complexity -MMD -MP -MF"Core/Src/syscalls.d" -MT"Core/Src/syscalls.o" --specs=nano.specs -mfpu=fpv4-sp-d16 -mfloat-abi=hard -mthumb -o "Core/Src/syscalls.o"
arm-none-eabi-gcc "../Core/Src/sysmem.c" -mcpu=cortex-m4 -std=gnu11 -g3 -DDEBUG -DUSE_HAL_DRIVER -DSTM32F401xE -c -I../Core/Inc -I../Drivers/STM32F4xx_HAL_Driver/Inc -I../Drivers/STM32F4xx_HAL_Driver/Inc/Legacy -I../Drivers/CMSIS/Device/ST/STM32F4xx/Include -I../Drivers/CMSIS/Include -O0 -ffunction-sections -fdata-sections -Wall -fstack-usage -fcyclomatic-complexity -MMD -MP -MF"Core/Src/sysmem.d" -MT"Core/Src/sysmem.o" --specs=nano.specs -mfpu=fpv4-sp-d16 -mfloat-abi=hard -mthumb -o "Core/Src/sysmem.o"
arm-none-eabi-gcc "../Core/Src/system_stm32f4xx.c" -mcpu=cortex-m4 -std=gnu11 -g3 -DDEBUG -DUSE_HAL_DRIVER -DSTM32F401xE -c -I../Core/Inc -I../Drivers/STM32F4xx_HAL_Driver/Inc -I../Drivers/STM32F4xx_HAL_Driver/Inc/Legacy -I../Drivers/CMSIS/Device/ST/STM32F4xx/Include -I../Drivers/CMSIS/Include -O0 -ffunction-sections -fdata-sections -Wall -fstack-usage -fcyclomatic-complexity -MMD -MP -MF"Core/Src/system_stm32f4xx.d" -MT"Core/Src/system_stm32f4xx.o" --specs=nano.specs -mfpu=fpv4-sp-d16 -mfloat-abi=hard -mthumb -o "Core/Src/system_stm32f4xx.o"
arm-none-eabi-gcc -o "IMU_F401.elf" @"objects.list"   -mcpu=cortex-m4 -T"/home/filip/projects/stm/workspace/IMU_F401/STM32F401RETX_FLASH.ld" --specs=nosys.specs -Wl,-Map="IMU_F401.map" -Wl,--gc-sections -static --specs=nano.specs -mfpu=fpv4-sp-d16 -mfloat-abi=hard -mthumb -Wl,--start-group -lc -lm -Wl,--end-group
Finished building target: IMU_F401.elf
 
arm-none-eabi-size  IMU_F401.elf 
arm-none-eabi-objdump -h -S IMU_F401.elf  > "IMU_F401.list"
   text	   data	    bss	    dec	    hex	filename
  24584	     16	   1912	  26512	   6790	IMU_F401.elf
Finished building: default.size.stdout
 
Finished building: IMU_F401.list
 
17:44:26 **** Incremental Build of configuration Debug for project IMU_F401 ****
make -j16 all 
arm-none-eabi-size  IMU_F401.elf 
   text	   data	    bss	    dec	    hex	filename
  24584	     16	   1912	  26512	   6790	IMU_F401.elf
Finished building: default.size.stdout
 
21:58:15 **** Build of configuration Debug for project IMU_F401 ****
make -j16 all 
arm-none-eabi-gcc "../Core/Src/ism330dhcx.c" -mcpu=cortex-m4 -std=gnu11 -g3 -DDEBUG -DUSE_HAL_DRIVER -DSTM32F401xE -c -I../Core/Inc -I../Drivers/STM32F4xx_HAL_Driver/Inc -I../Drivers/STM32F4xx_HAL_Driver/Inc/Legacy -I../Drivers/CMSIS/Device/ST/STM32F4xx/Include -I../Drivers/CMSIS/Include -O0 -ffunction-sections -fdata-sections -Wall -fstack-usage -fcyclomatic-complexity -MMD -MP -MF"Core/Src/ism330dhcx.d" -MT"Core/Src/ism330dhcx.o" --specs=nano.specs -mfpu=fpv4-sp-d16 -mfloat-abi=hard -mthumb -o "Core/Src/ism330dhcx.o"
arm-none-eabi-gcc "../Core/Src/ism330dhcx_utils.c" -mcpu=cortex-m4 -std=gnu11 -g3 -DDEBUG -DUSE_HAL_DRIVER -DSTM32F401xE -c -I../Core/Inc -I../Drivers/STM32F4xx_HAL_Driver/Inc -I../Drivers/STM32F4xx_HAL_Driver/Inc/Legacy -I../Drivers/CMSIS/Device/ST/STM32F4xx/Include -I../Drivers/CMSIS/Include -O0 -ffunction-sections -fdata-sections -Wall -fstack-usage -fcyclomatic-complexity -MMD -MP -MF"Core/Src/ism330dhcx_utils.d" -MT"Core/Src/ism330dhcx_utils.o" --specs=nano.specs -mfpu=fpv4-sp-d16 -mfloat-abi=hard -mthumb -o "Core/Src/ism330dhcx_utils.o"
arm-none-eabi-gcc "../Core/Src/main.c" -mcpu=cortex-m4 -std=gnu11 -g3 -DDEBUG -DUSE_HAL_DRIVER -DSTM32F401xE -c -I../Core/Inc -I../Drivers/STM32F4xx_HAL_Driver/Inc -I../Drivers/STM32F4xx_HAL_Driver/Inc/Legacy -I../Drivers/CMSIS/Device/ST/STM32F4xx/Include -I../Drivers/CMSIS/Include -O0 -ffunction-sections -fdata-sections -Wall -fstack-usage -fcyclomatic-complexity -MMD -MP -MF"Core/Src/main.d" -MT"Core/Src/main.o" --specs=nano.specs -mfpu=fpv4-sp-d16 -mfloat-abi=hard -mthumb -o "Core/Src/main.o"
arm-none-eabi-gcc "../Core/Src/stm32f4xx_hal_msp.c" -mcpu=cortex-m4 -std=gnu11 -g3 -DDEBUG -DUSE_HAL_DRIVER -DSTM32F401xE -c -I../Core/Inc -I../Drivers/STM32F4xx_HAL_Driver/Inc -I../Drivers/STM32F4xx_HAL_Driver/Inc/Legacy -I../Drivers/CMSIS/Device/ST/STM32F4xx/Include -I../Drivers/CMSIS/Include -O0 -ffunction-sections -fdata-sections -Wall -fstack-usage -fcyclomatic-complexity -MMD -MP -MF"Core/Src/stm32f4xx_hal_msp.d" -MT"Core/Src/stm32f4xx_hal_msp.o" --specs=nano.specs -mfpu=fpv4-sp-d16 -mfloat-abi=hard -mthumb -o "Core/Src/stm32f4xx_hal_msp.o"
arm-none-eabi-gcc "../Core/Src/stm32f4xx_it.c" -mcpu=cortex-m4 -std=gnu11 -g3 -DDEBUG -DUSE_HAL_DRIVER -DSTM32F401xE -c -I../Core/Inc -I../Drivers/STM32F4xx_HAL_Driver/Inc -I../Drivers/STM32F4xx_HAL_Driver/Inc/Legacy -I../Drivers/CMSIS/Device/ST/STM32F4xx/Include -I../Drivers/CMSIS/Include -O0 -ffunction-sections -fdata-sections -Wall -fstack-usage -fcyclomatic-complexity -MMD -MP -MF"Core/Src/stm32f4xx_it.d" -MT"Core/Src/stm32f4xx_it.o" --specs=nano.specs -mfpu=fpv4-sp-d16 -mfloat-abi=hard -mthumb -o "Core/Src/stm32f4xx_it.o"
arm-none-eabi-gcc -o "IMU_F401.elf" @"objects.list"   -mcpu=cortex-m4 -T"/home/filip/projects/stm/workspace/IMU_F401/STM32F401RETX_FLASH.ld" --specs=nosys.specs -Wl,-Map="IMU_F401.map" -Wl,--gc-sections -static --specs=nano.specs -mfpu=fpv4-sp-d16 -mfloat-abi=hard -mthumb -Wl,--start-group -lc -lm -Wl,--end-group
Finished building target: IMU_F401.elf
 
arm-none-eabi-size  IMU_F401.elf 
arm-none-eabi-objdump -h -S IMU_F401.elf  > "IMU_F401.list"
   text	   data	    bss	    dec	    hex	filename
  26644	     16	   2008	  28668	   6ffc	IMU_F401.elf
Finished building: default.size.stdout
 
Finished building: IMU_F401.list
 
22:13:37 **** Incremental Build of configuration Debug for project IMU_F401 ****
make -j16 all 
arm-none-eabi-gcc "../Core/Src/ism330dhcx.c" -mcpu=cortex-m4 -std=gnu11 -g3 -DDEBUG -DUSE_HAL_DRIVER -DSTM32F401xE -c -I../Core/Inc -I../Drivers/STM32F4xx_HAL_Driver/Inc -I../Drivers/STM32F4xx_HAL_Driver/Inc/Legacy -I../Drivers/CMSIS/Device/ST/STM32F4xx/Include -I../Drivers/CMSIS/Include -O0 -ffunction-sections -fdata-sections -Wall -fstack-usage -fcyclomatic-complexity -MMD -MP -MF"Core/Src/ism330dhcx.d" -MT"Core/Src/ism330dhcx.o" --specs=nano.specs -mfpu=fpv4-sp-d16 -mfloat-abi=hard -mthumb -o "Core/Src/ism330dhcx.o"
arm-none-eabi-gcc "../Core/Src/ism330dhcx_utils.c" -mcpu=cortex-m4 -std=gnu11 -g3 -DDEBUG -DUSE_HAL_DRIVER -DSTM32F401xE -c -I../Core/Inc -I../Drivers/STM32F4xx_HAL_Driver/Inc -I../Drivers/STM32F4xx_HAL_Driver/Inc/Legacy -I../Drivers/CMSIS/Device/ST/STM32F4xx/Include -I../Drivers/CMSIS/Include -O0 -ffunction-sections -fdata-sections -Wall -fstack-usage -fcyclomatic-complexity -MMD -MP -MF"Core/Src/ism330dhcx_utils.d" -MT"Core/Src/ism330dhcx_utils.o" --specs=nano.specs -mfpu=fpv4-sp-d16 -mfloat-abi=hard -mthumb -o "Core/Src/ism330dhcx_utils.o"
arm-none-eabi-gcc "../Core/Src/main.c" -mcpu=cortex-m4 -std=gnu11 -g3 -DDEBUG -DUSE_HAL_DRIVER -DSTM32F401xE -c -I../Core/Inc -I../Drivers/STM32F4xx_HAL_Driver/Inc -I../Drivers/STM32F4xx_HAL_Driver/Inc/Legacy -I../Drivers/CMSIS/Device/ST/STM32F4xx/Include -I../Drivers/CMSIS/Include -O0 -ffunction-sections -fdata-sections -Wall -fstack-usage -fcyclomatic-complexity -MMD -MP -MF"Core/Src/main.d" -MT"Core/Src/main.o" --specs=nano.specs -mfpu=fpv4-sp-d16 -mfloat-abi=hard -mthumb -o "Core/Src/main.o"
arm-none-eabi-gcc "../Core/Src/stm32f4xx_hal_msp.c" -mcpu=cortex-m4 -std=gnu11 -g3 -DDEBUG -DUSE_HAL_DRIVER -DSTM32F401xE -c -I../Core/Inc -I../Drivers/STM32F4xx_HAL_Driver/Inc -I../Drivers/STM32F4xx_HAL_Driver/Inc/Legacy -I../Drivers/CMSIS/Device/ST/STM32F4xx/Include -I../Drivers/CMSIS/Include -O0 -ffunction-sections -fdata-sections -Wall -fstack-usage -fcyclomatic-complexity -MMD -MP -MF"Core/Src/stm32f4xx_hal_msp.d" -MT"Core/Src/stm32f4xx_hal_msp.o" --specs=nano.specs -mfpu=fpv4-sp-d16 -mfloat-abi=hard -mthumb -o "Core/Src/stm32f4xx_hal_msp.o"
arm-none-eabi-gcc "../Core/Src/stm32f4xx_it.c" -mcpu=cortex-m4 -std=gnu11 -g3 -DDEBUG -DUSE_HAL_DRIVER -DSTM32F401xE -c -I../Core/Inc -I../Drivers/STM32F4xx_HAL_Driver/Inc -I../Drivers/STM32F4xx_HAL_Driver/Inc/Legacy -I../Drivers/CMSIS/Device/ST/STM32F4xx/Include -I../Drivers/CMSIS/Include -O0 -ffunction-sections -fdata-sections -Wall -fstack-usage -fcyclomatic-complexity -MMD -MP -MF"Core/Src/stm32f4xx_it.d" -MT"Core/Src/stm32f4xx_it.o" --specs=nano.specs -mfpu=fpv4-sp-d16 -mfloat-abi=hard -mthumb -o "Core/Src/stm32f4xx_it.o"
../Core/Src/ism330dhcx.c: In function 'init_ISM330DHCX':
../Core/Src/ism330dhcx.c:21:12: error: 'ISM330DHCX' has no member named 'temp'
   21 |         ism->temp = 0;
      |            ^~
../Core/Src/ism330dhcx.c: In function '__get_Raw_All':
../Core/Src/ism330dhcx.c:96:1: warning: control reaches end of non-void function [-Wreturn-type]
   96 | }
      | ^
make: *** [Core/Src/subdir.mk:43: Core/Src/ism330dhcx.o] Error 1
make: *** Waiting for unfinished jobs....
"make -j16 all" terminated with exit code 2. Build might be incomplete.
22:14:08 **** Incremental Build of configuration Debug for project IMU_F401 ****
make -j16 all 
arm-none-eabi-gcc "../Core/Src/ism330dhcx.c" -mcpu=cortex-m4 -std=gnu11 -g3 -DDEBUG -DUSE_HAL_DRIVER -DSTM32F401xE -c -I../Core/Inc -I../Drivers/STM32F4xx_HAL_Driver/Inc -I../Drivers/STM32F4xx_HAL_Driver/Inc/Legacy -I../Drivers/CMSIS/Device/ST/STM32F4xx/Include -I../Drivers/CMSIS/Include -O0 -ffunction-sections -fdata-sections -Wall -fstack-usage -fcyclomatic-complexity -MMD -MP -MF"Core/Src/ism330dhcx.d" -MT"Core/Src/ism330dhcx.o" --specs=nano.specs -mfpu=fpv4-sp-d16 -mfloat-abi=hard -mthumb -o "Core/Src/ism330dhcx.o"
../Core/Src/ism330dhcx.c: In function '__get_Raw_All':
../Core/Src/ism330dhcx.c:94:1: warning: control reaches end of non-void function [-Wreturn-type]
   94 | }
      | ^
arm-none-eabi-gcc -o "IMU_F401.elf" @"objects.list"   -mcpu=cortex-m4 -T"/home/filip/projects/stm/workspace/IMU_F401/STM32F401RETX_FLASH.ld" --specs=nosys.specs -Wl,-Map="IMU_F401.map" -Wl,--gc-sections -static --specs=nano.specs -mfpu=fpv4-sp-d16 -mfloat-abi=hard -mthumb -Wl,--start-group -lc -lm -Wl,--end-group
Finished building target: IMU_F401.elf
 
arm-none-eabi-size  IMU_F401.elf 
arm-none-eabi-objdump -h -S IMU_F401.elf  > "IMU_F401.list"
   text	   data	    bss	    dec	    hex	filename
  28472	     16	   2008	  30496	   7720	IMU_F401.elf
Finished building: default.size.stdout
 
Finished building: IMU_F401.list
 
22:14:35 **** Incremental Build of configuration Debug for project IMU_F401 ****
make -j16 all 
arm-none-eabi-gcc "../Core/Src/ism330dhcx.c" -mcpu=cortex-m4 -std=gnu11 -g3 -DDEBUG -DUSE_HAL_DRIVER -DSTM32F401xE -c -I../Core/Inc -I../Drivers/STM32F4xx_HAL_Driver/Inc -I../Drivers/STM32F4xx_HAL_Driver/Inc/Legacy -I../Drivers/CMSIS/Device/ST/STM32F4xx/Include -I../Drivers/CMSIS/Include -O0 -ffunction-sections -fdata-sections -Wall -fstack-usage -fcyclomatic-complexity -MMD -MP -MF"Core/Src/ism330dhcx.d" -MT"Core/Src/ism330dhcx.o" --specs=nano.specs -mfpu=fpv4-sp-d16 -mfloat-abi=hard -mthumb -o "Core/Src/ism330dhcx.o"
arm-none-eabi-gcc -o "IMU_F401.elf" @"objects.list"   -mcpu=cortex-m4 -T"/home/filip/projects/stm/workspace/IMU_F401/STM32F401RETX_FLASH.ld" --specs=nosys.specs -Wl,-Map="IMU_F401.map" -Wl,--gc-sections -static --specs=nano.specs -mfpu=fpv4-sp-d16 -mfloat-abi=hard -mthumb -Wl,--start-group -lc -lm -Wl,--end-group
Finished building target: IMU_F401.elf
 
arm-none-eabi-size  IMU_F401.elf 
arm-none-eabi-objdump -h -S IMU_F401.elf  > "IMU_F401.list"
   text	   data	    bss	    dec	    hex	filename
  28472	     16	   2008	  30496	   7720	IMU_F401.elf
Finished building: default.size.stdout
 
Finished building: IMU_F401.list
 
22:37:08 **** Incremental Build of configuration Debug for project IMU_F401 ****
make -j16 all 
arm-none-eabi-gcc "../Core/Src/ism330dhcx.c" -mcpu=cortex-m4 -std=gnu11 -g3 -DDEBUG -DUSE_HAL_DRIVER -DSTM32F401xE -c -I../Core/Inc -I../Drivers/STM32F4xx_HAL_Driver/Inc -I../Drivers/STM32F4xx_HAL_Driver/Inc/Legacy -I../Drivers/CMSIS/Device/ST/STM32F4xx/Include -I../Drivers/CMSIS/Include -O0 -ffunction-sections -fdata-sections -Wall -fstack-usage -fcyclomatic-complexity -MMD -MP -MF"Core/Src/ism330dhcx.d" -MT"Core/Src/ism330dhcx.o" --specs=nano.specs -mfpu=fpv4-sp-d16 -mfloat-abi=hard -mthumb -o "Core/Src/ism330dhcx.o"
arm-none-eabi-gcc "../Core/Src/ism330dhcx_utils.c" -mcpu=cortex-m4 -std=gnu11 -g3 -DDEBUG -DUSE_HAL_DRIVER -DSTM32F401xE -c -I../Core/Inc -I../Drivers/STM32F4xx_HAL_Driver/Inc -I../Drivers/STM32F4xx_HAL_Driver/Inc/Legacy -I../Drivers/CMSIS/Device/ST/STM32F4xx/Include -I../Drivers/CMSIS/Include -O0 -ffunction-sections -fdata-sections -Wall -fstack-usage -fcyclomatic-complexity -MMD -MP -MF"Core/Src/ism330dhcx_utils.d" -MT"Core/Src/ism330dhcx_utils.o" --specs=nano.specs -mfpu=fpv4-sp-d16 -mfloat-abi=hard -mthumb -o "Core/Src/ism330dhcx_utils.o"
arm-none-eabi-gcc "../Core/Src/main.c" -mcpu=cortex-m4 -std=gnu11 -g3 -DDEBUG -DUSE_HAL_DRIVER -DSTM32F401xE -c -I../Core/Inc -I../Drivers/STM32F4xx_HAL_Driver/Inc -I../Drivers/STM32F4xx_HAL_Driver/Inc/Legacy -I../Drivers/CMSIS/Device/ST/STM32F4xx/Include -I../Drivers/CMSIS/Include -O0 -ffunction-sections -fdata-sections -Wall -fstack-usage -fcyclomatic-complexity -MMD -MP -MF"Core/Src/main.d" -MT"Core/Src/main.o" --specs=nano.specs -mfpu=fpv4-sp-d16 -mfloat-abi=hard -mthumb -o "Core/Src/main.o"
arm-none-eabi-gcc "../Core/Src/stm32f4xx_hal_msp.c" -mcpu=cortex-m4 -std=gnu11 -g3 -DDEBUG -DUSE_HAL_DRIVER -DSTM32F401xE -c -I../Core/Inc -I../Drivers/STM32F4xx_HAL_Driver/Inc -I../Drivers/STM32F4xx_HAL_Driver/Inc/Legacy -I../Drivers/CMSIS/Device/ST/STM32F4xx/Include -I../Drivers/CMSIS/Include -O0 -ffunction-sections -fdata-sections -Wall -fstack-usage -fcyclomatic-complexity -MMD -MP -MF"Core/Src/stm32f4xx_hal_msp.d" -MT"Core/Src/stm32f4xx_hal_msp.o" --specs=nano.specs -mfpu=fpv4-sp-d16 -mfloat-abi=hard -mthumb -o "Core/Src/stm32f4xx_hal_msp.o"
arm-none-eabi-gcc "../Core/Src/stm32f4xx_it.c" -mcpu=cortex-m4 -std=gnu11 -g3 -DDEBUG -DUSE_HAL_DRIVER -DSTM32F401xE -c -I../Core/Inc -I../Drivers/STM32F4xx_HAL_Driver/Inc -I../Drivers/STM32F4xx_HAL_Driver/Inc/Legacy -I../Drivers/CMSIS/Device/ST/STM32F4xx/Include -I../Drivers/CMSIS/Include -O0 -ffunction-sections -fdata-sections -Wall -fstack-usage -fcyclomatic-complexity -MMD -MP -MF"Core/Src/stm32f4xx_it.d" -MT"Core/Src/stm32f4xx_it.o" --specs=nano.specs -mfpu=fpv4-sp-d16 -mfloat-abi=hard -mthumb -o "Core/Src/stm32f4xx_it.o"
../Core/Src/ism330dhcx.c: In function 'init_ISM330DHCX':
../Core/Src/ism330dhcx.c:24:14: error: 'ISM330DHCX' has no member named 'timer_time'; did you mean 'timer_timer'?
   24 |         ism->timer_time = 0;
      |              ^~~~~~~~~~
      |              timer_timer
../Core/Src/ism330dhcx.c: In function 'ISM_INTERRUPT_TIMER':
../Core/Src/ism330dhcx.c:206:14: error: 'ISM330DHCX' has no member named 'timer_time'; did you mean 'timer_timer'?
  206 |         ism->timer_time = dt;
      |              ^~~~~~~~~~
      |              timer_timer
../Core/Src/ism330dhcx.c: In function 'ISM_INTERRUPT_DMA':
../Core/Src/ism330dhcx.c:216:31: error: 'ISM330DHCX' has no member named 'timer_time'; did you mean 'timer_timer'?
  216 |         convert_Raw(ism, ism->timer_time);
      |                               ^~~~~~~~~~
      |                               timer_timer
make: *** [Core/Src/subdir.mk:43: Core/Src/ism330dhcx.o] Error 1
make: *** Waiting for unfinished jobs....
"make -j16 all" terminated with exit code 2. Build might be incomplete.
22:37:26 **** Incremental Build of configuration Debug for project IMU_F401 ****
make -j16 all 
arm-none-eabi-gcc "../Core/Src/ism330dhcx.c" -mcpu=cortex-m4 -std=gnu11 -g3 -DDEBUG -DUSE_HAL_DRIVER -DSTM32F401xE -c -I../Core/Inc -I../Drivers/STM32F4xx_HAL_Driver/Inc -I../Drivers/STM32F4xx_HAL_Driver/Inc/Legacy -I../Drivers/CMSIS/Device/ST/STM32F4xx/Include -I../Drivers/CMSIS/Include -O0 -ffunction-sections -fdata-sections -Wall -fstack-usage -fcyclomatic-complexity -MMD -MP -MF"Core/Src/ism330dhcx.d" -MT"Core/Src/ism330dhcx.o" --specs=nano.specs -mfpu=fpv4-sp-d16 -mfloat-abi=hard -mthumb -o "Core/Src/ism330dhcx.o"
arm-none-eabi-gcc "../Core/Src/ism330dhcx_utils.c" -mcpu=cortex-m4 -std=gnu11 -g3 -DDEBUG -DUSE_HAL_DRIVER -DSTM32F401xE -c -I../Core/Inc -I../Drivers/STM32F4xx_HAL_Driver/Inc -I../Drivers/STM32F4xx_HAL_Driver/Inc/Legacy -I../Drivers/CMSIS/Device/ST/STM32F4xx/Include -I../Drivers/CMSIS/Include -O0 -ffunction-sections -fdata-sections -Wall -fstack-usage -fcyclomatic-complexity -MMD -MP -MF"Core/Src/ism330dhcx_utils.d" -MT"Core/Src/ism330dhcx_utils.o" --specs=nano.specs -mfpu=fpv4-sp-d16 -mfloat-abi=hard -mthumb -o "Core/Src/ism330dhcx_utils.o"
arm-none-eabi-gcc "../Core/Src/main.c" -mcpu=cortex-m4 -std=gnu11 -g3 -DDEBUG -DUSE_HAL_DRIVER -DSTM32F401xE -c -I../Core/Inc -I../Drivers/STM32F4xx_HAL_Driver/Inc -I../Drivers/STM32F4xx_HAL_Driver/Inc/Legacy -I../Drivers/CMSIS/Device/ST/STM32F4xx/Include -I../Drivers/CMSIS/Include -O0 -ffunction-sections -fdata-sections -Wall -fstack-usage -fcyclomatic-complexity -MMD -MP -MF"Core/Src/main.d" -MT"Core/Src/main.o" --specs=nano.specs -mfpu=fpv4-sp-d16 -mfloat-abi=hard -mthumb -o "Core/Src/main.o"
arm-none-eabi-gcc "../Core/Src/stm32f4xx_hal_msp.c" -mcpu=cortex-m4 -std=gnu11 -g3 -DDEBUG -DUSE_HAL_DRIVER -DSTM32F401xE -c -I../Core/Inc -I../Drivers/STM32F4xx_HAL_Driver/Inc -I../Drivers/STM32F4xx_HAL_Driver/Inc/Legacy -I../Drivers/CMSIS/Device/ST/STM32F4xx/Include -I../Drivers/CMSIS/Include -O0 -ffunction-sections -fdata-sections -Wall -fstack-usage -fcyclomatic-complexity -MMD -MP -MF"Core/Src/stm32f4xx_hal_msp.d" -MT"Core/Src/stm32f4xx_hal_msp.o" --specs=nano.specs -mfpu=fpv4-sp-d16 -mfloat-abi=hard -mthumb -o "Core/Src/stm32f4xx_hal_msp.o"
arm-none-eabi-gcc "../Core/Src/stm32f4xx_it.c" -mcpu=cortex-m4 -std=gnu11 -g3 -DDEBUG -DUSE_HAL_DRIVER -DSTM32F401xE -c -I../Core/Inc -I../Drivers/STM32F4xx_HAL_Driver/Inc -I../Drivers/STM32F4xx_HAL_Driver/Inc/Legacy -I../Drivers/CMSIS/Device/ST/STM32F4xx/Include -I../Drivers/CMSIS/Include -O0 -ffunction-sections -fdata-sections -Wall -fstack-usage -fcyclomatic-complexity -MMD -MP -MF"Core/Src/stm32f4xx_it.d" -MT"Core/Src/stm32f4xx_it.o" --specs=nano.specs -mfpu=fpv4-sp-d16 -mfloat-abi=hard -mthumb -o "Core/Src/stm32f4xx_it.o"
arm-none-eabi-gcc -o "IMU_F401.elf" @"objects.list"   -mcpu=cortex-m4 -T"/home/filip/projects/stm/workspace/IMU_F401/STM32F401RETX_FLASH.ld" --specs=nosys.specs -Wl,-Map="IMU_F401.map" -Wl,--gc-sections -static --specs=nano.specs -mfpu=fpv4-sp-d16 -mfloat-abi=hard -mthumb -Wl,--start-group -lc -lm -Wl,--end-group
Finished building target: IMU_F401.elf
 
arm-none-eabi-size  IMU_F401.elf 
arm-none-eabi-objdump -h -S IMU_F401.elf  > "IMU_F401.list"
   text	   data	    bss	    dec	    hex	filename
  28128	     16	   2016	  30160	   75d0	IMU_F401.elf
Finished building: default.size.stdout
 
Finished building: IMU_F401.list
 
22:42:50 **** Incremental Build of configuration Debug for project IMU_F401 ****
make -j16 all 
arm-none-eabi-size  IMU_F401.elf 
   text	   data	    bss	    dec	    hex	filename
  28128	     16	   2016	  30160	   75d0	IMU_F401.elf
Finished building: default.size.stdout
 
23:48:18 **** Incremental Build of configuration Debug for project IMU_F401 ****
make -j16 all 
arm-none-eabi-gcc "../Core/Src/ism330dhcx.c" -mcpu=cortex-m4 -std=gnu11 -g3 -DDEBUG -DUSE_HAL_DRIVER -DSTM32F401xE -c -I../Core/Inc -I../Drivers/STM32F4xx_HAL_Driver/Inc -I../Drivers/STM32F4xx_HAL_Driver/Inc/Legacy -I../Drivers/CMSIS/Device/ST/STM32F4xx/Include -I../Drivers/CMSIS/Include -O0 -ffunction-sections -fdata-sections -Wall -fstack-usage -fcyclomatic-complexity -MMD -MP -MF"Core/Src/ism330dhcx.d" -MT"Core/Src/ism330dhcx.o" --specs=nano.specs -mfpu=fpv4-sp-d16 -mfloat-abi=hard -mthumb -o "Core/Src/ism330dhcx.o"
arm-none-eabi-gcc "../Core/Src/ism330dhcx_utils.c" -mcpu=cortex-m4 -std=gnu11 -g3 -DDEBUG -DUSE_HAL_DRIVER -DSTM32F401xE -c -I../Core/Inc -I../Drivers/STM32F4xx_HAL_Driver/Inc -I../Drivers/STM32F4xx_HAL_Driver/Inc/Legacy -I../Drivers/CMSIS/Device/ST/STM32F4xx/Include -I../Drivers/CMSIS/Include -O0 -ffunction-sections -fdata-sections -Wall -fstack-usage -fcyclomatic-complexity -MMD -MP -MF"Core/Src/ism330dhcx_utils.d" -MT"Core/Src/ism330dhcx_utils.o" --specs=nano.specs -mfpu=fpv4-sp-d16 -mfloat-abi=hard -mthumb -o "Core/Src/ism330dhcx_utils.o"
arm-none-eabi-gcc "../Core/Src/main.c" -mcpu=cortex-m4 -std=gnu11 -g3 -DDEBUG -DUSE_HAL_DRIVER -DSTM32F401xE -c -I../Core/Inc -I../Drivers/STM32F4xx_HAL_Driver/Inc -I../Drivers/STM32F4xx_HAL_Driver/Inc/Legacy -I../Drivers/CMSIS/Device/ST/STM32F4xx/Include -I../Drivers/CMSIS/Include -O0 -ffunction-sections -fdata-sections -Wall -fstack-usage -fcyclomatic-complexity -MMD -MP -MF"Core/Src/main.d" -MT"Core/Src/main.o" --specs=nano.specs -mfpu=fpv4-sp-d16 -mfloat-abi=hard -mthumb -o "Core/Src/main.o"
arm-none-eabi-gcc "../Core/Src/stm32f4xx_hal_msp.c" -mcpu=cortex-m4 -std=gnu11 -g3 -DDEBUG -DUSE_HAL_DRIVER -DSTM32F401xE -c -I../Core/Inc -I../Drivers/STM32F4xx_HAL_Driver/Inc -I../Drivers/STM32F4xx_HAL_Driver/Inc/Legacy -I../Drivers/CMSIS/Device/ST/STM32F4xx/Include -I../Drivers/CMSIS/Include -O0 -ffunction-sections -fdata-sections -Wall -fstack-usage -fcyclomatic-complexity -MMD -MP -MF"Core/Src/stm32f4xx_hal_msp.d" -MT"Core/Src/stm32f4xx_hal_msp.o" --specs=nano.specs -mfpu=fpv4-sp-d16 -mfloat-abi=hard -mthumb -o "Core/Src/stm32f4xx_hal_msp.o"
arm-none-eabi-gcc "../Core/Src/stm32f4xx_it.c" -mcpu=cortex-m4 -std=gnu11 -g3 -DDEBUG -DUSE_HAL_DRIVER -DSTM32F401xE -c -I../Core/Inc -I../Drivers/STM32F4xx_HAL_Driver/Inc -I../Drivers/STM32F4xx_HAL_Driver/Inc/Legacy -I../Drivers/CMSIS/Device/ST/STM32F4xx/Include -I../Drivers/CMSIS/Include -O0 -ffunction-sections -fdata-sections -Wall -fstack-usage -fcyclomatic-complexity -MMD -MP -MF"Core/Src/stm32f4xx_it.d" -MT"Core/Src/stm32f4xx_it.o" --specs=nano.specs -mfpu=fpv4-sp-d16 -mfloat-abi=hard -mthumb -o "Core/Src/stm32f4xx_it.o"
arm-none-eabi-gcc -o "IMU_F401.elf" @"objects.list"   -mcpu=cortex-m4 -T"/home/filip/projects/stm/workspace/IMU_F401/STM32F401RETX_FLASH.ld" --specs=nosys.specs -Wl,-Map="IMU_F401.map" -Wl,--gc-sections -static --specs=nano.specs -mfpu=fpv4-sp-d16 -mfloat-abi=hard -mthumb -Wl,--start-group -lc -lm -Wl,--end-group
Finished building target: IMU_F401.elf
 
arm-none-eabi-size  IMU_F401.elf 
arm-none-eabi-objdump -h -S IMU_F401.elf  > "IMU_F401.list"
   text	   data	    bss	    dec	    hex	filename
  28040	     16	   2008	  30064	   7570	IMU_F401.elf
Finished building: default.size.stdout
 
Finished building: IMU_F401.list
 
23:59:44 **** Incremental Build of configuration Debug for project IMU_F401 ****
make -j16 all 
arm-none-eabi-gcc "../Core/Src/ism330dhcx.c" -mcpu=cortex-m4 -std=gnu11 -g3 -DDEBUG -DUSE_HAL_DRIVER -DSTM32F401xE -c -I../Core/Inc -I../Drivers/STM32F4xx_HAL_Driver/Inc -I../Drivers/STM32F4xx_HAL_Driver/Inc/Legacy -I../Drivers/CMSIS/Device/ST/STM32F4xx/Include -I../Drivers/CMSIS/Include -O0 -ffunction-sections -fdata-sections -Wall -fstack-usage -fcyclomatic-complexity -MMD -MP -MF"Core/Src/ism330dhcx.d" -MT"Core/Src/ism330dhcx.o" --specs=nano.specs -mfpu=fpv4-sp-d16 -mfloat-abi=hard -mthumb -o "Core/Src/ism330dhcx.o"
arm-none-eabi-gcc "../Core/Src/ism330dhcx_settings.c" -mcpu=cortex-m4 -std=gnu11 -g3 -DDEBUG -DUSE_HAL_DRIVER -DSTM32F401xE -c -I../Core/Inc -I../Drivers/STM32F4xx_HAL_Driver/Inc -I../Drivers/STM32F4xx_HAL_Driver/Inc/Legacy -I../Drivers/CMSIS/Device/ST/STM32F4xx/Include -I../Drivers/CMSIS/Include -O0 -ffunction-sections -fdata-sections -Wall -fstack-usage -fcyclomatic-complexity -MMD -MP -MF"Core/Src/ism330dhcx_settings.d" -MT"Core/Src/ism330dhcx_settings.o" --specs=nano.specs -mfpu=fpv4-sp-d16 -mfloat-abi=hard -mthumb -o "Core/Src/ism330dhcx_settings.o"
arm-none-eabi-gcc "../Core/Src/ism330dhcx_utils.c" -mcpu=cortex-m4 -std=gnu11 -g3 -DDEBUG -DUSE_HAL_DRIVER -DSTM32F401xE -c -I../Core/Inc -I../Drivers/STM32F4xx_HAL_Driver/Inc -I../Drivers/STM32F4xx_HAL_Driver/Inc/Legacy -I../Drivers/CMSIS/Device/ST/STM32F4xx/Include -I../Drivers/CMSIS/Include -O0 -ffunction-sections -fdata-sections -Wall -fstack-usage -fcyclomatic-complexity -MMD -MP -MF"Core/Src/ism330dhcx_utils.d" -MT"Core/Src/ism330dhcx_utils.o" --specs=nano.specs -mfpu=fpv4-sp-d16 -mfloat-abi=hard -mthumb -o "Core/Src/ism330dhcx_utils.o"
arm-none-eabi-gcc "../Core/Src/main.c" -mcpu=cortex-m4 -std=gnu11 -g3 -DDEBUG -DUSE_HAL_DRIVER -DSTM32F401xE -c -I../Core/Inc -I../Drivers/STM32F4xx_HAL_Driver/Inc -I../Drivers/STM32F4xx_HAL_Driver/Inc/Legacy -I../Drivers/CMSIS/Device/ST/STM32F4xx/Include -I../Drivers/CMSIS/Include -O0 -ffunction-sections -fdata-sections -Wall -fstack-usage -fcyclomatic-complexity -MMD -MP -MF"Core/Src/main.d" -MT"Core/Src/main.o" --specs=nano.specs -mfpu=fpv4-sp-d16 -mfloat-abi=hard -mthumb -o "Core/Src/main.o"
arm-none-eabi-gcc "../Core/Src/stm32f4xx_hal_msp.c" -mcpu=cortex-m4 -std=gnu11 -g3 -DDEBUG -DUSE_HAL_DRIVER -DSTM32F401xE -c -I../Core/Inc -I../Drivers/STM32F4xx_HAL_Driver/Inc -I../Drivers/STM32F4xx_HAL_Driver/Inc/Legacy -I../Drivers/CMSIS/Device/ST/STM32F4xx/Include -I../Drivers/CMSIS/Include -O0 -ffunction-sections -fdata-sections -Wall -fstack-usage -fcyclomatic-complexity -MMD -MP -MF"Core/Src/stm32f4xx_hal_msp.d" -MT"Core/Src/stm32f4xx_hal_msp.o" --specs=nano.specs -mfpu=fpv4-sp-d16 -mfloat-abi=hard -mthumb -o "Core/Src/stm32f4xx_hal_msp.o"
arm-none-eabi-gcc "../Core/Src/stm32f4xx_it.c" -mcpu=cortex-m4 -std=gnu11 -g3 -DDEBUG -DUSE_HAL_DRIVER -DSTM32F401xE -c -I../Core/Inc -I../Drivers/STM32F4xx_HAL_Driver/Inc -I../Drivers/STM32F4xx_HAL_Driver/Inc/Legacy -I../Drivers/CMSIS/Device/ST/STM32F4xx/Include -I../Drivers/CMSIS/Include -O0 -ffunction-sections -fdata-sections -Wall -fstack-usage -fcyclomatic-complexity -MMD -MP -MF"Core/Src/stm32f4xx_it.d" -MT"Core/Src/stm32f4xx_it.o" --specs=nano.specs -mfpu=fpv4-sp-d16 -mfloat-abi=hard -mthumb -o "Core/Src/stm32f4xx_it.o"
arm-none-eabi-gcc -o "IMU_F401.elf" @"objects.list"   -mcpu=cortex-m4 -T"/home/filip/projects/stm/workspace/IMU_F401/STM32F401RETX_FLASH.ld" --specs=nosys.specs -Wl,-Map="IMU_F401.map" -Wl,--gc-sections -static --specs=nano.specs -mfpu=fpv4-sp-d16 -mfloat-abi=hard -mthumb -Wl,--start-group -lc -lm -Wl,--end-group
Finished building target: IMU_F401.elf
 
arm-none-eabi-size  IMU_F401.elf 
arm-none-eabi-objdump -h -S IMU_F401.elf  > "IMU_F401.list"
   text	   data	    bss	    dec	    hex	filename
  28040	     16	   2008	  30064	   7570	IMU_F401.elf
Finished building: default.size.stdout
 
Finished building: IMU_F401.list
 
